graph_id,src_id,dst_id,label,train_mask,val_mask,test_mask
0,318,185,0,True,False,False
0,185,318,0,True,False,False
0,528,185,0,True,False,False
0,185,528,0,True,False,False
0,185,38,0,True,False,False
0,38,185,0,True,False,False
0,185,422,0,True,False,False
0,422,185,0,True,False,False
0,185,248,0,True,False,False
0,248,185,0,True,False,False
0,110,185,0,True,False,False
0,185,110,0,True,False,False
0,82,469,0,True,False,False
0,469,82,0,True,False,False
0,469,339,0,True,False,False
0,339,469,0,True,False,False
0,142,469,0,True,False,False
0,469,142,0,True,False,False
0,110,469,0,True,False,False
0,469,110,0,True,False,False
0,234,414,0,True,False,False
0,414,234,0,True,False,False
0,451,234,0,True,False,False
0,234,451,0,True,False,False
0,234,145,0,True,False,False
0,145,234,0,True,False,False
0,499,234,0,True,False,False
0,234,499,0,True,False,False
0,234,233,0,True,False,False
0,233,234,0,True,False,False
0,110,234,0,True,False,False
0,234,110,0,True,False,False
0,142,106,0,True,False,False
0,106,142,0,True,False,False
0,191,142,0,True,False,False
0,142,191,0,True,False,False
0,424,142,0,True,False,False
0,142,424,0,True,False,False
0,142,280,0,True,False,False
0,280,142,0,True,False,False
0,110,142,0,True,False,False
0,142,110,0,True,False,False
0,106,82,0,True,False,False
0,82,106,0,True,False,False
0,106,57,0,True,False,False
0,57,106,0,True,False,False
0,309,106,0,True,False,False
0,106,309,0,True,False,False
0,110,106,0,True,False,False
0,106,110,0,True,False,False
0,92,492,0,True,False,False
0,492,92,0,True,False,False
0,492,241,0,True,False,False
0,241,492,0,True,False,False
0,492,16,0,True,False,False
0,16,492,0,True,False,False
0,492,179,0,True,False,False
0,179,492,0,True,False,False
0,113,492,0,True,False,False
0,492,113,0,True,False,False
0,110,492,0,True,False,False
0,492,110,0,True,False,False
0,325,550,0,True,False,False
0,550,325,0,True,False,False
0,550,279,0,True,False,False
0,279,550,0,True,False,False
0,428,550,0,True,False,False
0,550,428,0,True,False,False
0,550,470,0,True,False,False
0,470,550,0,True,False,False
0,550,6,0,True,False,False
0,6,550,0,True,False,False
0,110,550,0,True,False,False
0,550,110,0,True,False,False
0,470,528,0,True,False,False
0,528,470,0,True,False,False
0,29,470,0,True,False,False
0,470,29,0,True,False,False
0,470,98,0,True,False,False
0,98,470,0,True,False,False
0,110,470,0,True,False,False
0,470,110,0,True,False,False
0,470,382,0,True,False,False
0,382,470,0,True,False,False
0,435,499,0,True,False,False
0,499,435,0,True,False,False
0,499,158,0,True,False,False
0,158,499,0,True,False,False
0,248,499,0,True,False,False
0,499,248,0,True,False,False
0,499,216,0,True,False,False
0,216,499,0,True,False,False
0,110,499,0,True,False,False
0,499,110,0,True,False,False
0,457,69,0,True,False,False
0,69,457,0,True,False,False
0,457,542,0,True,False,False
0,542,457,0,True,False,False
0,446,457,0,True,False,False
0,457,446,0,True,False,False
0,119,457,0,True,False,False
0,457,119,0,True,False,False
0,110,457,0,True,False,False
0,457,110,0,True,False,False
0,457,107,0,True,False,False
0,107,457,0,True,False,False
0,69,504,0,True,False,False
0,504,69,0,True,False,False
0,504,21,0,True,False,False
0,21,504,0,True,False,False
0,504,48,0,True,False,False
0,48,504,0,True,False,False
0,504,516,0,True,False,False
0,516,504,0,True,False,False
0,110,504,0,True,False,False
0,504,110,0,True,False,False
0,509,504,0,True,False,False
0,504,509,0,True,False,False
0,119,427,0,True,False,False
0,427,119,0,True,False,False
0,119,321,0,True,False,False
0,321,119,0,True,False,False
0,283,119,0,True,False,False
0,119,283,0,True,False,False
0,94,119,0,True,False,False
0,119,94,0,True,False,False
0,110,119,0,True,False,False
0,119,110,0,True,False,False
0,341,516,0,True,False,False
0,516,341,0,True,False,False
0,516,424,0,True,False,False
0,424,516,0,True,False,False
0,516,169,0,True,False,False
0,169,516,0,True,False,False
0,516,395,0,True,False,False
0,395,516,0,True,False,False
0,110,516,0,True,False,False
0,516,110,0,True,False,False
0,115,429,0,True,False,False
0,429,115,0,True,False,False
0,429,306,0,True,False,False
0,306,429,0,True,False,False
0,419,429,0,True,False,False
0,429,419,0,True,False,False
0,429,430,0,True,False,False
0,430,429,0,True,False,False
0,110,429,0,True,False,False
0,429,110,0,True,False,False
0,546,233,0,True,False,False
0,233,546,0,True,False,False
0,233,409,0,True,False,False
0,409,233,0,True,False,False
0,233,101,0,True,False,False
0,101,233,0,True,False,False
0,233,417,0,True,False,False
0,417,233,0,True,False,False
0,110,233,0,True,False,False
0,233,110,0,True,False,False
0,193,51,0,True,False,False
0,51,193,0,True,False,False
0,531,51,0,True,False,False
0,51,531,0,True,False,False
0,51,94,0,True,False,False
0,94,51,0,True,False,False
0,51,63,0,True,False,False
0,63,51,0,True,False,False
0,51,293,0,True,False,False
0,293,51,0,True,False,False
0,110,51,0,True,False,False
0,51,110,0,True,False,False
0,169,21,0,True,False,False
0,21,169,0,True,False,False
0,339,169,0,True,False,False
0,169,339,0,True,False,False
0,110,169,0,True,False,False
0,169,110,0,True,False,False
0,521,94,0,True,False,False
0,94,521,0,True,False,False
0,94,335,0,True,False,False
0,335,94,0,True,False,False
0,94,210,0,True,False,False
0,210,94,0,True,False,False
0,110,94,0,True,False,False
0,94,110,0,True,False,False
0,424,339,0,True,False,False
0,339,424,0,True,False,False
0,110,339,0,True,False,False
0,339,110,0,True,False,False
0,439,424,0,True,False,False
0,424,439,0,True,False,False
0,424,79,0,True,False,False
0,79,424,0,True,False,False
0,110,424,0,True,False,False
0,424,110,0,True,False,False
0,110,82,0,True,False,False
0,82,110,0,True,False,False
0,69,313,0,True,False,False
0,313,69,0,True,False,False
0,69,445,0,True,False,False
0,445,69,0,True,False,False
0,377,69,0,True,False,False
0,69,377,0,True,False,False
0,110,69,0,True,False,False
0,69,110,0,True,False,False
0,21,313,0,True,False,False
0,313,21,0,True,False,False
0,110,21,0,True,False,False
0,21,110,0,True,False,False
0,110,313,0,True,False,False
0,313,110,0,True,False,False
0,313,107,0,True,False,False
0,107,313,0,True,False,False
0,193,10,0,True,False,False
0,10,193,0,True,False,False
0,193,50,0,True,False,False
0,50,193,0,True,False,False
0,409,193,0,True,False,False
0,193,409,0,True,False,False
0,209,193,0,True,False,False
0,193,209,0,True,False,False
0,110,193,0,True,False,False
0,193,110,0,True,False,False
0,16,317,0,True,False,False
0,317,16,0,True,False,False
0,16,428,0,True,False,False
0,428,16,0,True,False,False
0,85,16,0,True,False,False
0,16,85,0,True,False,False
0,16,122,0,True,False,False
0,122,16,0,True,False,False
0,110,16,0,True,False,False
0,16,110,0,True,False,False
0,326,409,0,True,False,False
0,409,326,0,True,False,False
0,409,462,0,True,False,False
0,462,409,0,True,False,False
0,409,81,0,True,False,False
0,81,409,0,True,False,False
0,110,409,0,True,False,False
0,409,110,0,True,False,False
0,62,248,0,True,False,False
0,248,62,0,True,False,False
0,248,27,0,True,False,False
0,27,248,0,True,False,False
0,248,345,0,True,False,False
0,345,248,0,True,False,False
0,110,248,0,True,False,False
0,248,110,0,True,False,False
0,107,321,0,True,False,False
0,321,107,0,True,False,False
0,110,107,0,True,False,False
0,107,110,0,True,False,False
0,376,528,0,True,False,False
0,528,376,0,True,False,False
0,528,388,0,True,False,False
0,388,528,0,True,False,False
0,528,312,0,True,False,False
0,312,528,0,True,False,False
0,110,528,0,True,False,False
0,528,110,0,True,False,False
0,321,210,0,True,False,False
0,210,321,0,True,False,False
0,110,321,0,True,False,False
0,321,110,0,True,False,False
0,428,178,0,True,False,False
0,178,428,0,True,False,False
0,428,295,0,True,False,False
0,295,428,0,True,False,False
0,110,428,0,True,False,False
0,428,110,0,True,False,False
0,196,428,0,True,False,False
0,428,196,0,True,False,False
0,279,295,0,True,False,False
0,295,279,0,True,False,False
0,295,317,0,True,False,False
0,317,295,0,True,False,False
0,110,295,0,True,False,False
0,295,110,0,True,False,False
0,271,36,0,True,False,False
0,36,271,0,True,False,False
0,290,36,0,True,False,False
0,36,290,0,True,False,False
0,36,291,0,True,False,False
0,291,36,0,True,False,False
0,110,36,0,True,False,False
0,36,110,0,True,False,False
0,10,462,0,True,False,False
0,462,10,0,True,False,False
0,63,10,0,True,False,False
0,10,63,0,True,False,False
0,110,10,0,True,False,False
0,10,110,0,True,False,False
0,241,474,0,True,False,False
0,474,241,0,True,False,False
0,317,241,0,True,False,False
0,241,317,0,True,False,False
0,110,241,0,True,False,False
0,241,110,0,True,False,False
0,92,474,0,True,False,False
0,474,92,0,True,False,False
0,474,271,0,True,False,False
0,271,474,0,True,False,False
0,110,474,0,True,False,False
0,474,110,0,True,False,False
0,210,63,0,True,False,False
0,63,210,0,True,False,False
0,110,210,0,True,False,False
0,210,110,0,True,False,False
0,363,337,0,True,False,False
0,337,363,0,True,False,False
0,127,337,0,True,False,False
0,337,127,0,True,False,False
0,337,53,0,True,False,False
0,53,337,0,True,False,False
0,110,337,0,True,False,False
0,337,110,0,True,False,False
0,368,271,0,True,False,False
0,271,368,0,True,False,False
0,110,271,0,True,False,False
0,271,110,0,True,False,False
0,148,420,0,True,False,False
0,420,148,0,True,False,False
0,420,176,0,True,False,False
0,176,420,0,True,False,False
0,53,420,0,True,False,False
0,420,53,0,True,False,False
0,110,420,0,True,False,False
0,420,110,0,True,False,False
0,150,176,0,True,False,False
0,176,150,0,True,False,False
0,176,120,0,True,False,False
0,120,176,0,True,False,False
0,110,176,0,True,False,False
0,176,110,0,True,False,False
0,496,53,0,True,False,False
0,53,496,0,True,False,False
0,110,53,0,True,False,False
0,53,110,0,True,False,False
0,417,145,0,True,False,False
0,145,417,0,True,False,False
0,462,417,0,True,False,False
0,417,462,0,True,False,False
0,110,417,0,True,False,False
0,417,110,0,True,False,False
0,345,422,0,True,False,False
0,422,345,0,True,False,False
0,216,345,0,True,False,False
0,345,216,0,True,False,False
0,110,345,0,True,False,False
0,345,110,0,True,False,False
0,312,98,0,True,False,False
0,98,312,0,True,False,False
0,422,312,0,True,False,False
0,312,422,0,True,False,False
0,110,312,0,True,False,False
0,312,110,0,True,False,False
0,226,127,0,True,False,False
0,127,226,0,True,False,False
0,453,127,0,True,False,False
0,127,453,0,True,False,False
0,110,127,0,True,False,False
0,127,110,0,True,False,False
0,287,453,0,True,False,False
0,453,287,0,True,False,False
0,291,453,0,True,False,False
0,453,291,0,True,False,False
0,110,453,0,True,False,False
0,453,110,0,True,False,False
0,145,216,0,True,False,False
0,216,145,0,True,False,False
0,110,216,0,True,False,False
0,216,110,0,True,False,False
0,110,317,0,True,False,False
0,317,110,0,True,False,False
0,177,213,0,True,False,False
0,213,177,0,True,False,False
0,165,177,0,True,False,False
0,177,165,0,True,False,False
0,86,177,0,True,False,False
0,177,86,0,True,False,False
0,110,177,0,True,False,False
0,177,110,0,True,False,False
0,343,291,0,True,False,False
0,291,343,0,True,False,False
0,110,291,0,True,False,False
0,291,110,0,True,False,False
0,19,213,0,True,False,False
0,213,19,0,True,False,False
0,213,357,0,True,False,False
0,357,213,0,True,False,False
0,110,213,0,True,False,False
0,213,110,0,True,False,False
0,120,165,0,True,False,False
0,165,120,0,True,False,False
0,34,165,0,True,False,False
0,165,34,0,True,False,False
0,110,165,0,True,False,False
0,165,110,0,True,False,False
0,497,357,0,True,False,False
0,357,497,0,True,False,False
0,357,353,0,True,False,False
0,353,357,0,True,False,False
0,110,357,0,True,False,False
0,357,110,0,True,False,False
0,353,495,0,True,False,False
0,495,353,0,True,False,False
0,236,353,0,True,False,False
0,353,236,0,True,False,False
0,110,353,0,True,False,False
0,353,110,0,True,False,False
0,288,495,0,True,False,False
0,495,288,0,True,False,False
0,495,455,0,True,False,False
0,455,495,0,True,False,False
0,110,495,0,True,False,False
0,495,110,0,True,False,False
0,26,120,0,True,False,False
0,120,26,0,True,False,False
0,110,120,0,True,False,False
0,120,110,0,True,False,False
0,110,63,0,True,False,False
0,63,110,0,True,False,False
0,98,279,0,True,False,False
0,279,98,0,True,False,False
0,110,98,0,True,False,False
0,98,110,0,True,False,False
0,110,279,0,True,False,False
0,279,110,0,True,False,False
0,110,145,0,True,False,False
0,145,110,0,True,False,False
0,110,422,0,True,False,False
0,422,110,0,True,False,False
0,110,462,0,True,False,False
0,462,110,0,True,False,False
0,111,43,0,True,False,False
0,43,111,0,True,False,False
0,29,43,0,True,False,False
0,43,29,0,True,False,False
0,43,219,0,True,False,False
0,219,43,0,True,False,False
0,74,43,0,True,False,False
0,43,74,0,True,False,False
0,43,382,0,True,False,False
0,382,43,0,True,False,False
0,366,436,0,True,False,False
0,436,366,0,True,False,False
0,436,224,0,True,False,False
0,224,436,0,True,False,False
0,296,436,0,True,False,False
0,436,296,0,True,False,False
0,436,328,0,True,False,False
0,328,436,0,True,False,False
0,327,436,0,True,False,False
0,436,327,0,True,False,False
0,52,227,0,True,False,False
0,227,52,0,True,False,False
0,24,52,0,True,False,False
0,52,24,0,True,False,False
0,52,294,0,True,False,False
0,294,52,0,True,False,False
0,408,52,0,True,False,False
0,52,408,0,True,False,False
0,64,52,0,True,False,False
0,52,64,0,True,False,False
0,260,211,0,True,False,False
0,211,260,0,True,False,False
0,512,260,0,True,False,False
0,260,512,0,True,False,False
0,286,260,0,True,False,False
0,260,286,0,True,False,False
0,260,179,0,True,False,False
0,179,260,0,True,False,False
0,113,260,0,True,False,False
0,260,113,0,True,False,False
0,376,219,0,True,False,False
0,219,376,0,True,False,False
0,219,388,0,True,False,False
0,388,219,0,True,False,False
0,431,219,0,True,False,False
0,219,431,0,True,False,False
0,219,434,0,True,False,False
0,434,219,0,True,False,False
0,403,529,0,True,False,False
0,529,403,0,True,False,False
0,200,403,0,True,False,False
0,403,200,0,True,False,False
0,117,403,0,True,False,False
0,403,117,0,True,False,False
0,546,403,0,True,False,False
0,403,546,0,True,False,False
0,403,101,0,True,False,False
0,101,403,0,True,False,False
0,207,530,0,True,False,False
0,530,207,0,True,False,False
0,399,207,0,True,False,False
0,207,399,0,True,False,False
0,35,207,0,True,False,False
0,207,35,0,True,False,False
0,0,207,0,True,False,False
0,207,0,0,True,False,False
0,207,320,0,True,False,False
0,320,207,0,True,False,False
0,512,96,0,True,False,False
0,96,512,0,True,False,False
0,84,512,0,True,False,False
0,512,84,0,True,False,False
0,482,512,0,True,False,False
0,512,482,0,True,False,False
0,390,512,0,True,False,False
0,512,390,0,True,False,False
0,530,378,0,True,False,False
0,378,530,0,True,False,False
0,378,452,0,True,False,False
0,452,378,0,True,False,False
0,194,378,0,True,False,False
0,378,194,0,True,False,False
0,15,378,0,True,False,False
0,378,15,0,True,False,False
0,378,482,0,True,False,False
0,482,378,0,True,False,False
0,444,434,0,True,False,False
0,434,444,0,True,False,False
0,434,333,0,True,False,False
0,333,434,0,True,False,False
0,318,434,0,True,False,False
0,434,318,0,True,False,False
0,434,38,0,True,False,False
0,38,434,0,True,False,False
0,515,18,0,True,False,False
0,18,515,0,True,False,False
0,18,473,0,True,False,False
0,473,18,0,True,False,False
0,284,18,0,True,False,False
0,18,284,0,True,False,False
0,18,64,0,True,False,False
0,64,18,0,True,False,False
0,245,18,0,True,False,False
0,18,245,0,True,False,False
0,325,111,0,True,False,False
0,111,325,0,True,False,False
0,352,111,0,True,False,False
0,111,352,0,True,False,False
0,111,6,0,True,False,False
0,6,111,0,True,False,False
0,80,111,0,True,False,False
0,111,80,0,True,False,False
0,62,333,0,True,False,False
0,333,62,0,True,False,False
0,333,27,0,True,False,False
0,27,333,0,True,False,False
0,406,333,0,True,False,False
0,333,406,0,True,False,False
0,333,3,0,True,False,False
0,3,333,0,True,False,False
0,200,414,0,True,False,False
0,414,200,0,True,False,False
0,451,200,0,True,False,False
0,200,451,0,True,False,False
0,3,200,0,True,False,False
0,200,3,0,True,False,False
0,458,200,0,True,False,False
0,200,458,0,True,False,False
0,114,224,0,True,False,False
0,224,114,0,True,False,False
0,224,454,0,True,False,False
0,454,224,0,True,False,False
0,224,371,0,True,False,False
0,371,224,0,True,False,False
0,513,224,0,True,False,False
0,224,513,0,True,False,False
0,252,482,0,True,False,False
0,482,252,0,True,False,False
0,166,482,0,True,False,False
0,482,166,0,True,False,False
0,482,49,0,True,False,False
0,49,482,0,True,False,False
0,160,327,0,True,False,False
0,327,160,0,True,False,False
0,425,327,0,True,False,False
0,327,425,0,True,False,False
0,327,180,0,True,False,False
0,180,327,0,True,False,False
0,192,327,0,True,False,False
0,327,192,0,True,False,False
0,454,515,0,True,False,False
0,515,454,0,True,False,False
0,503,515,0,True,False,False
0,515,503,0,True,False,False
0,515,253,0,True,False,False
0,253,515,0,True,False,False
0,274,515,0,True,False,False
0,515,274,0,True,False,False
0,161,227,0,True,False,False
0,227,161,0,True,False,False
0,227,480,0,True,False,False
0,480,227,0,True,False,False
0,418,227,0,True,False,False
0,227,418,0,True,False,False
0,227,35,0,True,False,False
0,35,227,0,True,False,False
0,454,2,0,True,False,False
0,2,454,0,True,False,False
0,4,454,0,True,False,False
0,454,4,0,True,False,False
0,9,454,0,True,False,False
0,454,9,0,True,False,False
0,435,3,0,True,False,False
0,3,435,0,True,False,False
0,358,3,0,True,False,False
0,3,358,0,True,False,False
0,3,158,0,True,False,False
0,158,3,0,True,False,False
0,326,529,0,True,False,False
0,529,326,0,True,False,False
0,529,370,0,True,False,False
0,370,529,0,True,False,False
0,398,529,0,True,False,False
0,529,398,0,True,False,False
0,529,81,0,True,False,False
0,81,529,0,True,False,False
0,370,50,0,True,False,False
0,50,370,0,True,False,False
0,209,370,0,True,False,False
0,370,209,0,True,False,False
0,370,537,0,True,False,False
0,537,370,0,True,False,False
0,256,370,0,True,False,False
0,370,256,0,True,False,False
0,531,537,0,True,False,False
0,537,531,0,True,False,False
0,77,537,0,True,False,False
0,537,77,0,True,False,False
0,537,99,0,True,False,False
0,99,537,0,True,False,False
0,537,293,0,True,False,False
0,293,537,0,True,False,False
0,99,443,0,True,False,False
0,443,99,0,True,False,False
0,521,99,0,True,False,False
0,99,521,0,True,False,False
0,168,99,0,True,False,False
0,99,168,0,True,False,False
0,99,335,0,True,False,False
0,335,99,0,True,False,False
0,443,427,0,True,False,False
0,427,443,0,True,False,False
0,283,443,0,True,False,False
0,443,283,0,True,False,False
0,443,13,0,True,False,False
0,13,443,0,True,False,False
0,324,443,0,True,False,False
0,443,324,0,True,False,False
0,478,530,0,True,False,False
0,530,478,0,True,False,False
0,535,530,0,True,False,False
0,530,535,0,True,False,False
0,530,391,0,True,False,False
0,391,530,0,True,False,False
0,400,13,0,True,False,False
0,13,400,0,True,False,False
0,13,542,0,True,False,False
0,542,13,0,True,False,False
0,446,13,0,True,False,False
0,13,446,0,True,False,False
0,13,238,0,True,False,False
0,238,13,0,True,False,False
0,269,455,0,True,False,False
0,455,269,0,True,False,False
0,485,455,0,True,False,False
0,455,485,0,True,False,False
0,455,430,0,True,False,False
0,430,455,0,True,False,False
0,110,455,0,True,False,False
0,455,110,0,True,False,False
0,277,64,0,True,False,False
0,64,277,0,True,False,False
0,540,64,0,True,False,False
0,64,540,0,True,False,False
0,64,538,0,True,False,False
0,538,64,0,True,False,False
0,338,35,0,True,False,False
0,35,338,0,True,False,False
0,190,35,0,True,False,False
0,35,190,0,True,False,False
0,35,139,0,True,False,False
0,139,35,0,True,False,False
0,532,211,0,True,False,False
0,211,532,0,True,False,False
0,85,211,0,True,False,False
0,211,85,0,True,False,False
0,211,122,0,True,False,False
0,122,211,0,True,False,False
0,211,80,0,True,False,False
0,80,211,0,True,False,False
0,80,178,0,True,False,False
0,178,80,0,True,False,False
0,314,80,0,True,False,False
0,80,314,0,True,False,False
0,196,80,0,True,False,False
0,80,196,0,True,False,False
0,49,96,0,True,False,False
0,96,49,0,True,False,False
0,452,49,0,True,False,False
0,49,452,0,True,False,False
0,368,49,0,True,False,False
0,49,368,0,True,False,False
0,122,178,0,True,False,False
0,178,122,0,True,False,False
0,179,122,0,True,False,False
0,122,179,0,True,False,False
0,178,6,0,True,False,False
0,6,178,0,True,False,False
0,6,382,0,True,False,False
0,382,6,0,True,False,False
0,388,38,0,True,False,False
0,38,388,0,True,False,False
0,382,388,0,True,False,False
0,388,382,0,True,False,False
0,38,27,0,True,False,False
0,27,38,0,True,False,False
0,471,180,0,True,False,False
0,180,471,0,True,False,False
0,497,180,0,True,False,False
0,180,497,0,True,False,False
0,180,328,0,True,False,False
0,328,180,0,True,False,False
0,215,306,0,True,False,False
0,306,215,0,True,False,False
0,181,215,0,True,False,False
0,215,181,0,True,False,False
0,419,215,0,True,False,False
0,215,419,0,True,False,False
0,19,328,0,True,False,False
0,328,19,0,True,False,False
0,328,371,0,True,False,False
0,371,328,0,True,False,False
0,371,2,0,True,False,False
0,2,371,0,True,False,False
0,86,371,0,True,False,False
0,371,86,0,True,False,False
0,294,480,0,True,False,False
0,480,294,0,True,False,False
0,496,294,0,True,False,False
0,294,496,0,True,False,False
0,538,294,0,True,False,False
0,294,538,0,True,False,False
0,423,476,0,True,False,False
0,476,423,0,True,False,False
0,476,57,0,True,False,False
0,57,476,0,True,False,False
0,309,476,0,True,False,False
0,476,309,0,True,False,False
0,22,476,0,True,False,False
0,476,22,0,True,False,False
0,70,471,0,True,False,False
0,471,70,0,True,False,False
0,425,471,0,True,False,False
0,471,425,0,True,False,False
0,236,471,0,True,False,False
0,471,236,0,True,False,False
0,92,96,0,True,False,False
0,96,92,0,True,False,False
0,96,179,0,True,False,False
0,179,96,0,True,False,False
0,27,158,0,True,False,False
0,158,27,0,True,False,False
0,158,414,0,True,False,False
0,414,158,0,True,False,False
0,290,452,0,True,False,False
0,452,290,0,True,False,False
0,391,452,0,True,False,False
0,452,391,0,True,False,False
0,2,253,0,True,False,False
0,253,2,0,True,False,False
0,253,473,0,True,False,False
0,473,253,0,True,False,False
0,26,253,0,True,False,False
0,253,26,0,True,False,False
0,191,22,0,True,False,False
0,22,191,0,True,False,False
0,187,22,0,True,False,False
0,22,187,0,True,False,False
0,22,280,0,True,False,False
0,280,22,0,True,False,False
0,130,22,0,True,False,False
0,22,130,0,True,False,False
0,341,67,0,True,False,False
0,67,341,0,True,False,False
0,202,67,0,True,False,False
0,67,202,0,True,False,False
0,405,67,0,True,False,False
0,67,405,0,True,False,False
0,67,187,0,True,False,False
0,187,67,0,True,False,False
0,67,395,0,True,False,False
0,395,67,0,True,False,False
0,439,187,0,True,False,False
0,187,439,0,True,False,False
0,487,187,0,True,False,False
0,187,487,0,True,False,False
0,187,79,0,True,False,False
0,79,187,0,True,False,False
0,480,139,0,True,False,False
0,139,480,0,True,False,False
0,363,480,0,True,False,False
0,480,363,0,True,False,False
0,287,320,0,True,False,False
0,320,287,0,True,False,False
0,139,320,0,True,False,False
0,320,139,0,True,False,False
0,320,391,0,True,False,False
0,391,320,0,True,False,False
0,238,405,0,True,False,False
0,405,238,0,True,False,False
0,151,238,0,True,False,False
0,238,151,0,True,False,False
0,238,445,0,True,False,False
0,445,238,0,True,False,False
0,377,238,0,True,False,False
0,238,377,0,True,False,False
0,100,405,0,True,False,False
0,405,100,0,True,False,False
0,405,48,0,True,False,False
0,48,405,0,True,False,False
0,509,405,0,True,False,False
0,405,509,0,True,False,False
0,34,2,0,True,False,False
0,2,34,0,True,False,False
0,150,473,0,True,False,False
0,473,150,0,True,False,False
0,473,538,0,True,False,False
0,538,473,0,True,False,False
0,148,538,0,True,False,False
0,538,148,0,True,False,False
0,226,139,0,True,False,False
0,139,226,0,True,False,False
0,343,391,0,True,False,False
0,391,343,0,True,False,False
0,419,430,0,True,False,False
0,430,419,0,True,False,False
0,445,48,0,True,False,False
0,48,445,0,True,False,False
0,48,395,0,True,False,False
0,395,48,0,True,False,False
0,79,280,0,True,False,False
0,280,79,0,True,False,False
0,395,79,0,True,False,False
0,79,395,0,True,False,False
0,81,50,0,True,False,False
0,50,81,0,True,False,False
0,101,81,0,True,False,False
0,81,101,0,True,False,False
0,50,293,0,True,False,False
0,293,50,0,True,False,False
0,293,335,0,True,False,False
0,335,293,0,True,False,False
0,414,101,0,True,False,False
0,101,414,0,True,False,False
0,335,427,0,True,False,False
0,427,335,0,True,False,False
0,427,542,0,True,False,False
0,542,427,0,True,False,False
0,280,57,0,True,False,False
0,57,280,0,True,False,False
0,542,445,0,True,False,False
0,445,542,0,True,False,False
0,368,92,0,True,False,False
0,92,368,0,True,False,False
0,390,92,0,True,False,False
0,92,390,0,True,False,False
0,110,92,0,True,False,False
0,92,110,0,True,False,False
0,502,437,0,True,False,False
0,437,502,0,True,False,False
0,502,118,0,True,False,False
0,118,502,0,True,False,False
0,135,502,0,True,False,False
0,502,135,0,True,False,False
0,131,267,0,True,False,False
0,267,131,0,True,False,False
0,131,258,0,True,False,False
0,258,131,0,True,False,False
0,131,316,0,True,False,False
0,316,131,0,True,False,False
0,404,131,0,True,False,False
0,131,404,0,True,False,False
0,118,131,0,True,False,False
0,131,118,0,True,False,False
0,131,506,0,True,False,False
0,506,131,0,True,False,False
0,137,131,0,True,False,False
0,131,137,0,True,False,False
0,131,73,0,True,False,False
0,73,131,0,True,False,False
0,164,186,0,True,False,False
0,186,164,0,True,False,False
0,349,186,0,True,False,False
0,186,349,0,True,False,False
0,186,204,0,True,False,False
0,204,186,0,True,False,False
0,140,186,0,True,False,False
0,186,140,0,True,False,False
0,362,186,0,True,False,False
0,186,362,0,True,False,False
0,305,186,0,True,False,False
0,186,305,0,True,False,False
0,212,468,0,True,False,False
0,468,212,0,True,False,False
0,468,37,0,True,False,False
0,37,468,0,True,False,False
0,468,41,0,True,False,False
0,41,468,0,True,False,False
0,164,511,0,True,False,False
0,511,164,0,True,False,False
0,511,265,0,True,False,False
0,265,511,0,True,False,False
0,511,126,0,True,False,False
0,126,511,0,True,False,False
0,140,511,0,True,False,False
0,511,140,0,True,False,False
0,511,301,0,True,False,False
0,301,511,0,True,False,False
0,415,511,0,True,False,False
0,511,415,0,True,False,False
0,511,536,0,True,False,False
0,536,511,0,True,False,False
0,305,511,0,True,False,False
0,511,305,0,True,False,False
0,164,541,0,True,False,False
0,541,164,0,True,False,False
0,472,541,0,True,False,False
0,541,472,0,True,False,False
0,541,276,0,True,False,False
0,276,541,0,True,False,False
0,140,541,0,True,False,False
0,541,140,0,True,False,False
0,541,347,0,True,False,False
0,347,541,0,True,False,False
0,541,91,0,True,False,False
0,91,541,0,True,False,False
0,541,266,0,True,False,False
0,266,541,0,True,False,False
0,305,541,0,True,False,False
0,541,305,0,True,False,False
0,164,91,0,True,False,False
0,91,164,0,True,False,False
0,91,263,0,True,False,False
0,263,91,0,True,False,False
0,91,519,0,True,False,False
0,519,91,0,True,False,False
0,140,91,0,True,False,False
0,91,140,0,True,False,False
0,91,116,0,True,False,False
0,116,91,0,True,False,False
0,91,304,0,True,False,False
0,304,91,0,True,False,False
0,305,91,0,True,False,False
0,91,305,0,True,False,False
0,450,349,0,True,False,False
0,349,450,0,True,False,False
0,93,450,0,True,False,False
0,450,93,0,True,False,False
0,140,450,0,True,False,False
0,450,140,0,True,False,False
0,412,450,0,True,False,False
0,450,412,0,True,False,False
0,31,450,0,True,False,False
0,450,31,0,True,False,False
0,450,362,0,True,False,False
0,362,450,0,True,False,False
0,450,184,0,True,False,False
0,184,450,0,True,False,False
0,450,188,0,True,False,False
0,188,450,0,True,False,False
0,140,89,0,True,False,False
0,89,140,0,True,False,False
0,268,89,0,True,False,False
0,89,268,0,True,False,False
0,89,184,0,True,False,False
0,184,89,0,True,False,False
0,89,230,0,True,False,False
0,230,89,0,True,False,False
0,188,89,0,True,False,False
0,89,188,0,True,False,False
0,239,486,0,True,False,False
0,486,239,0,True,False,False
0,316,486,0,True,False,False
0,486,316,0,True,False,False
0,58,486,0,True,False,False
0,486,58,0,True,False,False
0,486,433,0,True,False,False
0,433,486,0,True,False,False
0,486,154,0,True,False,False
0,154,486,0,True,False,False
0,486,124,0,True,False,False
0,124,486,0,True,False,False
0,486,543,0,True,False,False
0,543,486,0,True,False,False
0,441,486,0,True,False,False
0,486,441,0,True,False,False
0,305,486,0,True,False,False
0,486,305,0,True,False,False
0,137,17,0,True,False,False
0,17,137,0,True,False,False
0,118,137,0,True,False,False
0,137,118,0,True,False,False
0,137,72,0,True,False,False
0,72,137,0,True,False,False
0,551,17,0,True,False,False
0,17,551,0,True,False,False
0,118,551,0,True,False,False
0,551,118,0,True,False,False
0,477,255,0,True,False,False
0,255,477,0,True,False,False
0,477,308,0,True,False,False
0,308,477,0,True,False,False
0,477,374,0,True,False,False
0,374,477,0,True,False,False
0,367,477,0,True,False,False
0,477,367,0,True,False,False
0,72,477,0,True,False,False
0,477,72,0,True,False,False
0,58,164,0,True,False,False
0,164,58,0,True,False,False
0,316,58,0,True,False,False
0,58,316,0,True,False,False
0,140,58,0,True,False,False
0,58,140,0,True,False,False
0,268,58,0,True,False,False
0,58,268,0,True,False,False
0,58,308,0,True,False,False
0,308,58,0,True,False,False
0,73,58,0,True,False,False
0,58,73,0,True,False,False
0,72,58,0,True,False,False
0,58,72,0,True,False,False
0,58,305,0,True,False,False
0,305,58,0,True,False,False
0,103,349,0,True,False,False
0,349,103,0,True,False,False
0,93,103,0,True,False,False
0,103,93,0,True,False,False
0,164,385,0,True,False,False
0,385,164,0,True,False,False
0,385,170,0,True,False,False
0,170,385,0,True,False,False
0,385,549,0,True,False,False
0,549,385,0,True,False,False
0,140,385,0,True,False,False
0,385,140,0,True,False,False
0,304,385,0,True,False,False
0,385,304,0,True,False,False
0,385,361,0,True,False,False
0,361,385,0,True,False,False
0,385,132,0,True,False,False
0,132,385,0,True,False,False
0,305,385,0,True,False,False
0,385,305,0,True,False,False
0,437,412,0,True,False,False
0,412,437,0,True,False,False
0,412,267,0,True,False,False
0,267,412,0,True,False,False
0,350,412,0,True,False,False
0,412,350,0,True,False,False
0,412,140,0,True,False,False
0,140,412,0,True,False,False
0,118,412,0,True,False,False
0,412,118,0,True,False,False
0,412,31,0,True,False,False
0,31,412,0,True,False,False
0,412,73,0,True,False,False
0,73,412,0,True,False,False
0,412,188,0,True,False,False
0,188,412,0,True,False,False
0,506,129,0,True,False,False
0,129,506,0,True,False,False
0,506,239,0,True,False,False
0,239,506,0,True,False,False
0,212,506,0,True,False,False
0,506,212,0,True,False,False
0,258,506,0,True,False,False
0,506,258,0,True,False,False
0,506,316,0,True,False,False
0,316,506,0,True,False,False
0,506,104,0,True,False,False
0,104,506,0,True,False,False
0,506,37,0,True,False,False
0,37,506,0,True,False,False
0,37,239,0,True,False,False
0,239,37,0,True,False,False
0,37,289,0,True,False,False
0,289,37,0,True,False,False
0,37,272,0,True,False,False
0,272,37,0,True,False,False
0,37,104,0,True,False,False
0,104,37,0,True,False,False
0,37,410,0,True,False,False
0,410,37,0,True,False,False
0,37,448,0,True,False,False
0,448,37,0,True,False,False
0,164,361,0,True,False,False
0,361,164,0,True,False,False
0,361,386,0,True,False,False
0,386,361,0,True,False,False
0,361,373,0,True,False,False
0,373,361,0,True,False,False
0,140,361,0,True,False,False
0,361,140,0,True,False,False
0,361,159,0,True,False,False
0,159,361,0,True,False,False
0,361,346,0,True,False,False
0,346,361,0,True,False,False
0,305,361,0,True,False,False
0,361,305,0,True,False,False
0,164,415,0,True,False,False
0,415,164,0,True,False,False
0,299,415,0,True,False,False
0,415,299,0,True,False,False
0,415,218,0,True,False,False
0,218,415,0,True,False,False
0,140,415,0,True,False,False
0,415,140,0,True,False,False
0,415,228,0,True,False,False
0,228,415,0,True,False,False
0,415,533,0,True,False,False
0,533,415,0,True,False,False
0,305,415,0,True,False,False
0,415,305,0,True,False,False
0,267,164,0,True,False,False
0,164,267,0,True,False,False
0,267,129,0,True,False,False
0,129,267,0,True,False,False
0,267,316,0,True,False,False
0,316,267,0,True,False,False
0,267,140,0,True,False,False
0,140,267,0,True,False,False
0,267,323,0,True,False,False
0,323,267,0,True,False,False
0,267,31,0,True,False,False
0,31,267,0,True,False,False
0,73,267,0,True,False,False
0,267,73,0,True,False,False
0,267,362,0,True,False,False
0,362,267,0,True,False,False
0,267,305,0,True,False,False
0,305,267,0,True,False,False
0,334,404,0,True,False,False
0,404,334,0,True,False,False
0,404,212,0,True,False,False
0,212,404,0,True,False,False
0,140,31,0,True,False,False
0,31,140,0,True,False,False
0,31,362,0,True,False,False
0,362,31,0,True,False,False
0,350,268,0,True,False,False
0,268,350,0,True,False,False
0,268,140,0,True,False,False
0,140,268,0,True,False,False
0,17,268,0,True,False,False
0,268,17,0,True,False,False
0,73,268,0,True,False,False
0,268,73,0,True,False,False
0,268,195,0,True,False,False
0,195,268,0,True,False,False
0,135,334,0,True,False,False
0,334,135,0,True,False,False
0,362,164,0,True,False,False
0,164,362,0,True,False,False
0,362,136,0,True,False,False
0,136,362,0,True,False,False
0,140,362,0,True,False,False
0,362,140,0,True,False,False
0,362,323,0,True,False,False
0,323,362,0,True,False,False
0,362,305,0,True,False,False
0,305,362,0,True,False,False
0,437,93,0,True,False,False
0,93,437,0,True,False,False
0,140,411,0,True,False,False
0,411,140,0,True,False,False
0,140,379,0,True,False,False
0,379,140,0,True,False,False
0,140,230,0,True,False,False
0,230,140,0,True,False,False
0,140,407,0,True,False,False
0,407,140,0,True,False,False
0,140,138,0,True,False,False
0,138,140,0,True,False,False
0,140,349,0,True,False,False
0,349,140,0,True,False,False
0,140,66,0,True,False,False
0,66,140,0,True,False,False
0,140,442,0,True,False,False
0,442,140,0,True,False,False
0,140,525,0,True,False,False
0,525,140,0,True,False,False
0,140,514,0,True,False,False
0,514,140,0,True,False,False
0,140,346,0,True,False,False
0,346,140,0,True,False,False
0,140,464,0,True,False,False
0,464,140,0,True,False,False
0,140,157,0,True,False,False
0,157,140,0,True,False,False
0,140,146,0,True,False,False
0,146,140,0,True,False,False
0,140,243,0,True,False,False
0,243,140,0,True,False,False
0,140,218,0,True,False,False
0,218,140,0,True,False,False
0,140,393,0,True,False,False
0,393,140,0,True,False,False
0,140,332,0,True,False,False
0,332,140,0,True,False,False
0,140,301,0,True,False,False
0,301,140,0,True,False,False
0,140,78,0,True,False,False
0,78,140,0,True,False,False
0,140,389,0,True,False,False
0,389,140,0,True,False,False
0,140,275,0,True,False,False
0,275,140,0,True,False,False
0,140,461,0,True,False,False
0,461,140,0,True,False,False
0,140,303,0,True,False,False
0,303,140,0,True,False,False
0,140,413,0,True,False,False
0,413,140,0,True,False,False
0,140,44,0,True,False,False
0,44,140,0,True,False,False
0,140,397,0,True,False,False
0,397,140,0,True,False,False
0,140,249,0,True,False,False
0,249,140,0,True,False,False
0,140,508,0,True,False,False
0,508,140,0,True,False,False
0,140,517,0,True,False,False
0,517,140,0,True,False,False
0,140,164,0,True,False,False
0,164,140,0,True,False,False
0,140,170,0,True,False,False
0,170,140,0,True,False,False
0,140,387,0,True,False,False
0,387,140,0,True,False,False
0,140,76,0,True,False,False
0,76,140,0,True,False,False
0,140,231,0,True,False,False
0,231,140,0,True,False,False
0,140,304,0,True,False,False
0,304,140,0,True,False,False
0,140,308,0,True,False,False
0,308,140,0,True,False,False
0,140,173,0,True,False,False
0,173,140,0,True,False,False
0,140,524,0,True,False,False
0,524,140,0,True,False,False
0,140,65,0,True,False,False
0,65,140,0,True,False,False
0,140,134,0,True,False,False
0,134,140,0,True,False,False
0,140,285,0,True,False,False
0,285,140,0,True,False,False
0,140,311,0,True,False,False
0,311,140,0,True,False,False
0,140,359,0,True,False,False
0,359,140,0,True,False,False
0,140,197,0,True,False,False
0,197,140,0,True,False,False
0,140,432,0,True,False,False
0,432,140,0,True,False,False
0,140,307,0,True,False,False
0,307,140,0,True,False,False
0,140,281,0,True,False,False
0,281,140,0,True,False,False
0,140,365,0,True,False,False
0,365,140,0,True,False,False
0,140,394,0,True,False,False
0,394,140,0,True,False,False
0,140,520,0,True,False,False
0,520,140,0,True,False,False
0,140,163,0,True,False,False
0,163,140,0,True,False,False
0,140,351,0,True,False,False
0,351,140,0,True,False,False
0,140,235,0,True,False,False
0,235,140,0,True,False,False
0,140,545,0,True,False,False
0,545,140,0,True,False,False
0,140,465,0,True,False,False
0,465,140,0,True,False,False
0,140,1,0,True,False,False
0,1,140,0,True,False,False
0,140,416,0,True,False,False
0,416,140,0,True,False,False
0,140,386,0,True,False,False
0,386,140,0,True,False,False
0,140,30,0,True,False,False
0,30,140,0,True,False,False
0,140,125,0,True,False,False
0,125,140,0,True,False,False
0,140,56,0,True,False,False
0,56,140,0,True,False,False
0,140,426,0,True,False,False
0,426,140,0,True,False,False
0,140,254,0,True,False,False
0,254,140,0,True,False,False
0,140,20,0,True,False,False
0,20,140,0,True,False,False
0,140,342,0,True,False,False
0,342,140,0,True,False,False
0,140,32,0,True,False,False
0,32,140,0,True,False,False
0,140,364,0,True,False,False
0,364,140,0,True,False,False
0,140,46,0,True,False,False
0,46,140,0,True,False,False
0,140,223,0,True,False,False
0,223,140,0,True,False,False
0,140,348,0,True,False,False
0,348,140,0,True,False,False
0,140,519,0,True,False,False
0,519,140,0,True,False,False
0,140,183,0,True,False,False
0,183,140,0,True,False,False
0,140,490,0,True,False,False
0,490,140,0,True,False,False
0,140,246,0,True,False,False
0,246,140,0,True,False,False
0,140,500,0,True,False,False
0,500,140,0,True,False,False
0,140,141,0,True,False,False
0,141,140,0,True,False,False
0,140,105,0,True,False,False
0,105,140,0,True,False,False
0,140,214,0,True,False,False
0,214,140,0,True,False,False
0,140,201,0,True,False,False
0,201,140,0,True,False,False
0,140,456,0,True,False,False
0,456,140,0,True,False,False
0,140,257,0,True,False,False
0,257,140,0,True,False,False
0,140,162,0,True,False,False
0,162,140,0,True,False,False
0,140,498,0,True,False,False
0,498,140,0,True,False,False
0,140,220,0,True,False,False
0,220,140,0,True,False,False
0,140,329,0,True,False,False
0,329,140,0,True,False,False
0,140,109,0,True,False,False
0,109,140,0,True,False,False
0,140,299,0,True,False,False
0,299,140,0,True,False,False
0,140,97,0,True,False,False
0,97,140,0,True,False,False
0,140,11,0,True,False,False
0,11,140,0,True,False,False
0,140,536,0,True,False,False
0,536,140,0,True,False,False
0,140,481,0,True,False,False
0,481,140,0,True,False,False
0,140,251,0,True,False,False
0,251,140,0,True,False,False
0,140,466,0,True,False,False
0,466,140,0,True,False,False
0,140,264,0,True,False,False
0,264,140,0,True,False,False
0,140,225,0,True,False,False
0,225,140,0,True,False,False
0,140,182,0,True,False,False
0,182,140,0,True,False,False
0,140,330,0,True,False,False
0,330,140,0,True,False,False
0,140,273,0,True,False,False
0,273,140,0,True,False,False
0,140,71,0,True,False,False
0,71,140,0,True,False,False
0,140,90,0,True,False,False
0,90,140,0,True,False,False
0,140,472,0,True,False,False
0,472,140,0,True,False,False
0,140,203,0,True,False,False
0,203,140,0,True,False,False
0,140,518,0,True,False,False
0,518,140,0,True,False,False
0,140,380,0,True,False,False
0,380,140,0,True,False,False
0,140,354,0,True,False,False
0,354,140,0,True,False,False
0,140,322,0,True,False,False
0,322,140,0,True,False,False
0,140,75,0,True,False,False
0,75,140,0,True,False,False
0,140,463,0,True,False,False
0,463,140,0,True,False,False
0,140,195,0,True,False,False
0,195,140,0,True,False,False
0,140,156,0,True,False,False
0,156,140,0,True,False,False
0,140,155,0,True,False,False
0,155,140,0,True,False,False
0,140,266,0,True,False,False
0,266,140,0,True,False,False
0,140,467,0,True,False,False
0,467,140,0,True,False,False
0,140,553,0,True,False,False
0,553,140,0,True,False,False
0,140,259,0,True,False,False
0,259,140,0,True,False,False
0,350,17,0,True,False,False
0,17,350,0,True,False,False
0,73,17,0,True,False,False
0,17,73,0,True,False,False
0,17,367,0,True,False,False
0,367,17,0,True,False,False
0,17,72,0,True,False,False
0,72,17,0,True,False,False
0,129,323,0,True,False,False
0,323,129,0,True,False,False
0,323,136,0,True,False,False
0,136,323,0,True,False,False
0,305,323,0,True,False,False
0,323,305,0,True,False,False
0,118,350,0,True,False,False
0,350,118,0,True,False,False
0,118,73,0,True,False,False
0,73,118,0,True,False,False
0,73,72,0,True,False,False
0,72,73,0,True,False,False
0,164,308,0,True,False,False
0,308,164,0,True,False,False
0,308,259,0,True,False,False
0,259,308,0,True,False,False
0,308,154,0,True,False,False
0,154,308,0,True,False,False
0,195,308,0,True,False,False
0,308,195,0,True,False,False
0,305,308,0,True,False,False
0,308,305,0,True,False,False
0,164,138,0,True,False,False
0,138,164,0,True,False,False
0,164,299,0,True,False,False
0,299,164,0,True,False,False
0,164,71,0,True,False,False
0,71,164,0,True,False,False
0,164,231,0,True,False,False
0,231,164,0,True,False,False
0,164,472,0,True,False,False
0,472,164,0,True,False,False
0,164,393,0,True,False,False
0,393,164,0,True,False,False
0,164,386,0,True,False,False
0,386,164,0,True,False,False
0,164,416,0,True,False,False
0,416,164,0,True,False,False
0,164,307,0,True,False,False
0,307,164,0,True,False,False
0,164,259,0,True,False,False
0,259,164,0,True,False,False
0,164,518,0,True,False,False
0,518,164,0,True,False,False
0,164,281,0,True,False,False
0,281,164,0,True,False,False
0,164,426,0,True,False,False
0,426,164,0,True,False,False
0,164,56,0,True,False,False
0,56,164,0,True,False,False
0,164,301,0,True,False,False
0,301,164,0,True,False,False
0,164,20,0,True,False,False
0,20,164,0,True,False,False
0,164,254,0,True,False,False
0,254,164,0,True,False,False
0,164,304,0,True,False,False
0,304,164,0,True,False,False
0,164,303,0,True,False,False
0,303,164,0,True,False,False
0,164,461,0,True,False,False
0,461,164,0,True,False,False
0,164,220,0,True,False,False
0,220,164,0,True,False,False
0,164,44,0,True,False,False
0,44,164,0,True,False,False
0,164,464,0,True,False,False
0,464,164,0,True,False,False
0,164,413,0,True,False,False
0,413,164,0,True,False,False
0,164,65,0,True,False,False
0,65,164,0,True,False,False
0,164,75,0,True,False,False
0,75,164,0,True,False,False
0,164,520,0,True,False,False
0,520,164,0,True,False,False
0,164,351,0,True,False,False
0,351,164,0,True,False,False
0,164,46,0,True,False,False
0,46,164,0,True,False,False
0,164,141,0,True,False,False
0,141,164,0,True,False,False
0,164,223,0,True,False,False
0,223,164,0,True,False,False
0,164,508,0,True,False,False
0,508,164,0,True,False,False
0,305,164,0,True,False,False
0,164,305,0,True,False,False
0,164,109,0,True,False,False
0,109,164,0,True,False,False
0,72,258,0,True,False,False
0,258,72,0,True,False,False
0,72,316,0,True,False,False
0,316,72,0,True,False,False
0,72,441,0,True,False,False
0,441,72,0,True,False,False
0,441,104,0,True,False,False
0,104,441,0,True,False,False
0,104,205,0,True,False,False
0,205,104,0,True,False,False
0,258,441,0,True,False,False
0,441,258,0,True,False,False
0,316,129,0,True,False,False
0,129,316,0,True,False,False
0,316,441,0,True,False,False
0,441,316,0,True,False,False
0,416,491,0,True,False,False
0,491,416,0,True,False,False
0,416,472,0,True,False,False
0,472,416,0,True,False,False
0,416,108,0,True,False,False
0,108,416,0,True,False,False
0,259,416,0,True,False,False
0,416,259,0,True,False,False
0,416,359,0,True,False,False
0,359,416,0,True,False,False
0,305,416,0,True,False,False
0,416,305,0,True,False,False
0,304,59,0,True,False,False
0,59,304,0,True,False,False
0,304,432,0,True,False,False
0,432,304,0,True,False,False
0,304,199,0,True,False,False
0,199,304,0,True,False,False
0,305,304,0,True,False,False
0,304,305,0,True,False,False
0,334,118,0,True,False,False
0,118,334,0,True,False,False
0,441,239,0,True,False,False
0,239,441,0,True,False,False
0,441,374,0,True,False,False
0,374,441,0,True,False,False
0,441,205,0,True,False,False
0,205,441,0,True,False,False
0,472,147,0,True,False,False
0,147,472,0,True,False,False
0,472,397,0,True,False,False
0,397,472,0,True,False,False
0,472,7,0,True,False,False
0,7,472,0,True,False,False
0,305,472,0,True,False,False
0,472,305,0,True,False,False
0,299,201,0,True,False,False
0,201,299,0,True,False,False
0,386,299,0,True,False,False
0,299,386,0,True,False,False
0,299,383,0,True,False,False
0,383,299,0,True,False,False
0,299,221,0,True,False,False
0,221,299,0,True,False,False
0,305,299,0,True,False,False
0,299,305,0,True,False,False
0,386,144,0,True,False,False
0,144,386,0,True,False,False
0,386,23,0,True,False,False
0,23,386,0,True,False,False
0,386,155,0,True,False,False
0,155,386,0,True,False,False
0,305,386,0,True,False,False
0,386,305,0,True,False,False
0,129,239,0,True,False,False
0,239,129,0,True,False,False
0,239,289,0,True,False,False
0,289,239,0,True,False,False
0,239,543,0,True,False,False
0,543,239,0,True,False,False
0,239,205,0,True,False,False
0,205,239,0,True,False,False
0,301,231,0,True,False,False
0,231,301,0,True,False,False
0,301,292,0,True,False,False
0,292,301,0,True,False,False
0,301,310,0,True,False,False
0,310,301,0,True,False,False
0,305,301,0,True,False,False
0,301,305,0,True,False,False
0,301,30,0,True,False,False
0,30,301,0,True,False,False
0,367,60,0,True,False,False
0,60,367,0,True,False,False
0,367,195,0,True,False,False
0,195,367,0,True,False,False
0,129,289,0,True,False,False
0,289,129,0,True,False,False
0,129,136,0,True,False,False
0,136,129,0,True,False,False
0,129,433,0,True,False,False
0,433,129,0,True,False,False
0,129,124,0,True,False,False
0,124,129,0,True,False,False
0,129,171,0,True,False,False
0,171,129,0,True,False,False
0,129,305,0,True,False,False
0,305,129,0,True,False,False
0,305,138,0,True,False,False
0,138,305,0,True,False,False
0,305,270,0,True,False,False
0,270,305,0,True,False,False
0,305,263,0,True,False,False
0,263,305,0,True,False,False
0,305,369,0,True,False,False
0,369,305,0,True,False,False
0,305,71,0,True,False,False
0,71,305,0,True,False,False
0,305,231,0,True,False,False
0,231,305,0,True,False,False
0,305,265,0,True,False,False
0,265,305,0,True,False,False
0,305,491,0,True,False,False
0,491,305,0,True,False,False
0,305,393,0,True,False,False
0,393,305,0,True,False,False
0,305,493,0,True,False,False
0,493,305,0,True,False,False
0,305,307,0,True,False,False
0,307,305,0,True,False,False
0,305,344,0,True,False,False
0,344,305,0,True,False,False
0,305,204,0,True,False,False
0,204,305,0,True,False,False
0,305,259,0,True,False,False
0,259,305,0,True,False,False
0,305,136,0,True,False,False
0,136,305,0,True,False,False
0,305,518,0,True,False,False
0,518,305,0,True,False,False
0,305,281,0,True,False,False
0,281,305,0,True,False,False
0,305,88,0,True,False,False
0,88,305,0,True,False,False
0,305,426,0,True,False,False
0,426,305,0,True,False,False
0,305,522,0,True,False,False
0,522,305,0,True,False,False
0,305,228,0,True,False,False
0,228,305,0,True,False,False
0,305,56,0,True,False,False
0,56,305,0,True,False,False
0,305,8,0,True,False,False
0,8,305,0,True,False,False
0,305,237,0,True,False,False
0,237,305,0,True,False,False
0,305,20,0,True,False,False
0,20,305,0,True,False,False
0,305,254,0,True,False,False
0,254,305,0,True,False,False
0,305,159,0,True,False,False
0,159,305,0,True,False,False
0,305,347,0,True,False,False
0,347,305,0,True,False,False
0,305,61,0,True,False,False
0,61,305,0,True,False,False
0,305,240,0,True,False,False
0,240,305,0,True,False,False
0,305,303,0,True,False,False
0,303,305,0,True,False,False
0,305,475,0,True,False,False
0,475,305,0,True,False,False
0,305,461,0,True,False,False
0,461,305,0,True,False,False
0,305,45,0,True,False,False
0,45,305,0,True,False,False
0,305,220,0,True,False,False
0,220,305,0,True,False,False
0,305,548,0,True,False,False
0,548,305,0,True,False,False
0,305,44,0,True,False,False
0,44,305,0,True,False,False
0,305,206,0,True,False,False
0,206,305,0,True,False,False
0,305,464,0,True,False,False
0,464,305,0,True,False,False
0,305,402,0,True,False,False
0,402,305,0,True,False,False
0,305,413,0,True,False,False
0,413,305,0,True,False,False
0,305,95,0,True,False,False
0,95,305,0,True,False,False
0,305,147,0,True,False,False
0,147,305,0,True,False,False
0,305,154,0,True,False,False
0,154,305,0,True,False,False
0,305,383,0,True,False,False
0,383,305,0,True,False,False
0,305,501,0,True,False,False
0,501,305,0,True,False,False
0,305,124,0,True,False,False
0,124,305,0,True,False,False
0,305,507,0,True,False,False
0,507,305,0,True,False,False
0,305,65,0,True,False,False
0,65,305,0,True,False,False
0,305,199,0,True,False,False
0,199,305,0,True,False,False
0,305,75,0,True,False,False
0,75,305,0,True,False,False
0,305,23,0,True,False,False
0,23,305,0,True,False,False
0,305,534,0,True,False,False
0,534,305,0,True,False,False
0,305,297,0,True,False,False
0,297,305,0,True,False,False
0,305,520,0,True,False,False
0,520,305,0,True,False,False
0,305,401,0,True,False,False
0,401,305,0,True,False,False
0,305,153,0,True,False,False
0,153,305,0,True,False,False
0,305,351,0,True,False,False
0,351,305,0,True,False,False
0,305,278,0,True,False,False
0,278,305,0,True,False,False
0,305,310,0,True,False,False
0,310,305,0,True,False,False
0,305,132,0,True,False,False
0,132,305,0,True,False,False
0,305,46,0,True,False,False
0,46,305,0,True,False,False
0,305,68,0,True,False,False
0,68,305,0,True,False,False
0,305,141,0,True,False,False
0,141,305,0,True,False,False
0,305,223,0,True,False,False
0,223,305,0,True,False,False
0,305,83,0,True,False,False
0,83,305,0,True,False,False
0,305,508,0,True,False,False
0,508,305,0,True,False,False
0,305,109,0,True,False,False
0,109,305,0,True,False,False
0,305,483,0,True,False,False
0,483,305,0,True,False,False
0,305,489,0,True,False,False
0,489,305,0,True,False,False
0,349,184,0,True,False,False
0,184,349,0,True,False,False
0,259,255,0,True,False,False
0,255,259,0,True,False,False
0,259,95,0,True,False,False
0,95,259,0,True,False,False
0,259,545,0,True,False,False
0,545,259,0,True,False,False
0,195,230,0,True,False,False
0,230,195,0,True,False,False
0,195,545,0,True,False,False
0,545,195,0,True,False,False
0,141,173,0,True,False,False
0,173,141,0,True,False,False
0,141,484,0,True,False,False
0,484,141,0,True,False,False
0,141,475,0,True,False,False
0,475,141,0,True,False,False
0,141,75,0,True,False,False
0,75,141,0,True,False,False
0,508,141,0,True,False,False
0,141,508,0,True,False,False
0,518,223,0,True,False,False
0,223,518,0,True,False,False
0,223,20,0,True,False,False
0,20,223,0,True,False,False
0,223,407,0,True,False,False
0,407,223,0,True,False,False
0,223,421,0,True,False,False
0,421,223,0,True,False,False
0,223,401,0,True,False,False
0,401,223,0,True,False,False
0,508,456,0,True,False,False
0,456,508,0,True,False,False
0,220,508,0,True,False,False
0,508,220,0,True,False,False
0,508,544,0,True,False,False
0,544,508,0,True,False,False
0,508,402,0,True,False,False
0,402,508,0,True,False,False
0,146,332,0,True,False,False
0,332,146,0,True,False,False
0,514,146,0,True,False,False
0,146,514,0,True,False,False
0,146,266,0,True,False,False
0,266,146,0,True,False,False
0,90,201,0,True,False,False
0,201,90,0,True,False,False
0,90,481,0,True,False,False
0,481,90,0,True,False,False
0,162,90,0,True,False,False
0,90,162,0,True,False,False
0,330,490,0,True,False,False
0,490,330,0,True,False,False
0,230,330,0,True,False,False
0,330,230,0,True,False,False
0,330,545,0,True,False,False
0,545,330,0,True,False,False
0,46,393,0,True,False,False
0,393,46,0,True,False,False
0,46,225,0,True,False,False
0,225,46,0,True,False,False
0,520,46,0,True,False,False
0,46,520,0,True,False,False
0,46,153,0,True,False,False
0,153,46,0,True,False,False
0,46,526,0,True,False,False
0,526,46,0,True,False,False
0,71,66,0,True,False,False
0,66,71,0,True,False,False
0,71,518,0,True,False,False
0,518,71,0,True,False,False
0,75,71,0,True,False,False
0,71,75,0,True,False,False
0,71,278,0,True,False,False
0,278,71,0,True,False,False
0,71,123,0,True,False,False
0,123,71,0,True,False,False
0,307,109,0,True,False,False
0,109,307,0,True,False,False
0,109,257,0,True,False,False
0,257,109,0,True,False,False
0,109,303,0,True,False,False
0,303,109,0,True,False,False
0,109,355,0,True,False,False
0,355,109,0,True,False,False
0,109,489,0,True,False,False
0,489,109,0,True,False,False
0,220,344,0,True,False,False
0,344,220,0,True,False,False
0,426,220,0,True,False,False
0,220,426,0,True,False,False
0,220,315,0,True,False,False
0,315,220,0,True,False,False
0,220,203,0,True,False,False
0,203,220,0,True,False,False
0,490,514,0,True,False,False
0,514,490,0,True,False,False
0,490,359,0,True,False,False
0,359,490,0,True,False,False
0,281,351,0,True,False,False
0,351,281,0,True,False,False
0,351,8,0,True,False,False
0,8,351,0,True,False,False
0,351,285,0,True,False,False
0,285,351,0,True,False,False
0,351,520,0,True,False,False
0,520,351,0,True,False,False
0,351,121,0,True,False,False
0,121,351,0,True,False,False
0,332,134,0,True,False,False
0,134,332,0,True,False,False
0,134,432,0,True,False,False
0,432,134,0,True,False,False
0,134,380,0,True,False,False
0,380,134,0,True,False,False
0,481,463,0,True,False,False
0,463,481,0,True,False,False
0,463,500,0,True,False,False
0,500,463,0,True,False,False
0,463,536,0,True,False,False
0,536,463,0,True,False,False
0,500,364,0,True,False,False
0,364,500,0,True,False,False
0,500,30,0,True,False,False
0,30,500,0,True,False,False
0,393,254,0,True,False,False
0,254,393,0,True,False,False
0,254,354,0,True,False,False
0,354,254,0,True,False,False
0,254,65,0,True,False,False
0,65,254,0,True,False,False
0,254,102,0,True,False,False
0,102,254,0,True,False,False
0,254,83,0,True,False,False
0,83,254,0,True,False,False
0,65,493,0,True,False,False
0,493,65,0,True,False,False
0,65,523,0,True,False,False
0,523,65,0,True,False,False
0,65,461,0,True,False,False
0,461,65,0,True,False,False
0,65,105,0,True,False,False
0,105,65,0,True,False,False
0,138,413,0,True,False,False
0,413,138,0,True,False,False
0,413,112,0,True,False,False
0,112,413,0,True,False,False
0,413,88,0,True,False,False
0,88,413,0,True,False,False
0,413,426,0,True,False,False
0,426,413,0,True,False,False
0,413,524,0,True,False,False
0,524,413,0,True,False,False
0,75,78,0,True,False,False
0,78,75,0,True,False,False
0,75,522,0,True,False,False
0,522,75,0,True,False,False
0,75,174,0,True,False,False
0,174,75,0,True,False,False
0,20,143,0,True,False,False
0,143,20,0,True,False,False
0,20,97,0,True,False,False
0,97,20,0,True,False,False
0,20,68,0,True,False,False
0,68,20,0,True,False,False
0,281,498,0,True,False,False
0,498,281,0,True,False,False
0,56,281,0,True,False,False
0,281,56,0,True,False,False
0,281,548,0,True,False,False
0,548,281,0,True,False,False
0,281,208,0,True,False,False
0,208,281,0,True,False,False
0,44,237,0,True,False,False
0,237,44,0,True,False,False
0,461,44,0,True,False,False
0,44,461,0,True,False,False
0,44,464,0,True,False,False
0,464,44,0,True,False,False
0,44,375,0,True,False,False
0,375,44,0,True,False,False
0,44,243,0,True,False,False
0,243,44,0,True,False,False
0,464,138,0,True,False,False
0,138,464,0,True,False,False
0,464,547,0,True,False,False
0,547,464,0,True,False,False
0,464,297,0,True,False,False
0,297,464,0,True,False,False
0,464,467,0,True,False,False
0,467,464,0,True,False,False
0,380,182,0,True,False,False
0,182,380,0,True,False,False
0,182,162,0,True,False,False
0,162,182,0,True,False,False
0,182,346,0,True,False,False
0,346,182,0,True,False,False
0,162,155,0,True,False,False
0,155,162,0,True,False,False
0,364,442,0,True,False,False
0,442,364,0,True,False,False
0,364,76,0,True,False,False
0,76,364,0,True,False,False
0,520,501,0,True,False,False
0,501,520,0,True,False,False
0,520,336,0,True,False,False
0,336,520,0,True,False,False
0,520,553,0,True,False,False
0,553,520,0,True,False,False
0,76,264,0,True,False,False
0,264,76,0,True,False,False
0,76,157,0,True,False,False
0,157,76,0,True,False,False
0,157,257,0,True,False,False
0,257,157,0,True,False,False
0,157,379,0,True,False,False
0,379,157,0,True,False,False
0,379,125,0,True,False,False
0,125,379,0,True,False,False
0,379,163,0,True,False,False
0,163,379,0,True,False,False
0,163,214,0,True,False,False
0,214,163,0,True,False,False
0,163,525,0,True,False,False
0,525,163,0,True,False,False
0,231,442,0,True,False,False
0,442,231,0,True,False,False
0,231,307,0,True,False,False
0,307,231,0,True,False,False
0,231,539,0,True,False,False
0,539,231,0,True,False,False
0,231,483,0,True,False,False
0,483,231,0,True,False,False
0,393,466,0,True,False,False
0,466,393,0,True,False,False
0,393,61,0,True,False,False
0,61,393,0,True,False,False
0,393,510,0,True,False,False
0,510,393,0,True,False,False
0,380,170,0,True,False,False
0,170,380,0,True,False,False
0,56,525,0,True,False,False
0,525,56,0,True,False,False
0,56,39,0,True,False,False
0,39,56,0,True,False,False
0,303,56,0,True,False,False
0,56,303,0,True,False,False
0,56,206,0,True,False,False
0,206,56,0,True,False,False
0,461,244,0,True,False,False
0,244,461,0,True,False,False
0,461,534,0,True,False,False
0,534,461,0,True,False,False
0,461,11,0,True,False,False
0,11,461,0,True,False,False
0,332,519,0,True,False,False
0,519,332,0,True,False,False
0,138,319,0,True,False,False
0,319,138,0,True,False,False
0,138,507,0,True,False,False
0,507,138,0,True,False,False
0,138,235,0,True,False,False
0,235,138,0,True,False,False
0,518,369,0,True,False,False
0,369,518,0,True,False,False
0,518,183,0,True,False,False
0,183,518,0,True,False,False
0,518,302,0,True,False,False
0,302,518,0,True,False,False
0,481,218,0,True,False,False
0,218,481,0,True,False,False
0,426,270,0,True,False,False
0,270,426,0,True,False,False
0,426,42,0,True,False,False
0,42,426,0,True,False,False
0,426,311,0,True,False,False
0,311,426,0,True,False,False
0,307,264,0,True,False,False
0,264,307,0,True,False,False
0,307,240,0,True,False,False
0,240,307,0,True,False,False
0,307,381,0,True,False,False
0,381,307,0,True,False,False
0,303,125,0,True,False,False
0,125,303,0,True,False,False
0,303,45,0,True,False,False
0,45,303,0,True,False,False
0,303,392,0,True,False,False
0,392,303,0,True,False,False
0,514,397,0,True,False,False
0,397,514,0,True,False,False
0,266,519,0,True,False,False
0,519,266,0,True,False,False
0,266,40,0,True,False,False
0,40,266,0,True,False,False
0,397,266,0,True,False,False
0,266,397,0,True,False,False
0,251,354,0,True,False,False
0,354,251,0,True,False,False
0,251,273,0,True,False,False
0,273,251,0,True,False,False
0,465,251,0,True,False,False
0,251,465,0,True,False,False
0,432,170,0,True,False,False
0,170,432,0,True,False,False
0,519,432,0,True,False,False
0,432,519,0,True,False,False
0,432,488,0,True,False,False
0,488,432,0,True,False,False
0,170,331,0,True,False,False
0,331,170,0,True,False,False
0,170,346,0,True,False,False
0,346,170,0,True,False,False
0,346,217,0,True,False,False
0,217,346,0,True,False,False
0,346,155,0,True,False,False
0,155,346,0,True,False,False
0,155,201,0,True,False,False
0,201,155,0,True,False,False
0,155,356,0,True,False,False
0,356,155,0,True,False,False
0,201,218,0,True,False,False
0,218,201,0,True,False,False
0,201,262,0,True,False,False
0,262,201,0,True,False,False
0,519,440,0,True,False,False
0,440,519,0,True,False,False
0,387,183,0,True,False,False
0,183,387,0,True,False,False
0,411,387,0,True,False,False
0,387,411,0,True,False,False
0,387,342,0,True,False,False
0,342,387,0,True,False,False
0,411,66,0,True,False,False
0,66,411,0,True,False,False
0,249,411,0,True,False,False
0,411,249,0,True,False,False
0,329,456,0,True,False,False
0,456,329,0,True,False,False
0,322,329,0,True,False,False
0,329,322,0,True,False,False
0,329,348,0,True,False,False
0,348,329,0,True,False,False
0,218,447,0,True,False,False
0,447,218,0,True,False,False
0,218,536,0,True,False,False
0,536,218,0,True,False,False
0,394,1,0,True,False,False
0,1,394,0,True,False,False
0,1,225,0,True,False,False
0,225,1,0,True,False,False
0,1,465,0,True,False,False
0,465,1,0,True,False,False
0,197,389,0,True,False,False
0,389,197,0,True,False,False
0,273,197,0,True,False,False
0,197,273,0,True,False,False
0,197,11,0,True,False,False
0,11,197,0,True,False,False
0,214,498,0,True,False,False
0,498,214,0,True,False,False
0,214,32,0,True,False,False
0,32,214,0,True,False,False
0,517,524,0,True,False,False
0,524,517,0,True,False,False
0,246,517,0,True,False,False
0,517,246,0,True,False,False
0,517,156,0,True,False,False
0,156,517,0,True,False,False
0,156,322,0,True,False,False
0,322,156,0,True,False,False
0,156,311,0,True,False,False
0,311,156,0,True,False,False
0,273,105,0,True,False,False
0,105,273,0,True,False,False
0,348,173,0,True,False,False
0,173,348,0,True,False,False
0,348,249,0,True,False,False
0,249,348,0,True,False,False
0,32,394,0,True,False,False
0,394,32,0,True,False,False
0,32,285,0,True,False,False
0,285,32,0,True,False,False
0,394,553,0,True,False,False
0,553,394,0,True,False,False
0,249,78,0,True,False,False
0,78,249,0,True,False,False
0,545,60,0,True,False,False
0,60,545,0,True,False,False
0,545,359,0,True,False,False
0,359,545,0,True,False,False
0,389,365,0,True,False,False
0,365,389,0,True,False,False
0,365,246,0,True,False,False
0,246,365,0,True,False,False
0,365,467,0,True,False,False
0,467,365,0,True,False,False
0,246,235,0,True,False,False
0,235,246,0,True,False,False
0,465,466,0,True,False,False
0,466,465,0,True,False,False
0,389,243,0,True,False,False
0,243,389,0,True,False,False
0,322,203,0,True,False,False
0,203,322,0,True,False,False
0,342,275,0,True,False,False
0,275,342,0,True,False,False
0,342,407,0,True,False,False
0,407,342,0,True,False,False
0,359,459,0,True,False,False
0,459,359,0,True,False,False
0,359,397,0,True,False,False
0,397,359,0,True,False,False
0,397,33,0,True,False,False
0,33,397,0,True,False,False
0,275,97,0,True,False,False
0,97,275,0,True,False,False
0,125,525,0,True,False,False
0,525,125,0,True,False,False
0,525,498,0,True,False,False
0,498,525,0,True,False,False
0,525,47,0,True,False,False
0,47,525,0,True,False,False
0,354,384,0,True,False,False
0,384,354,0,True,False,False
0,466,354,0,True,False,False
0,354,466,0,True,False,False
0,354,105,0,True,False,False
0,105,354,0,True,False,False
0,60,255,0,True,False,False
0,255,60,0,True,False,False
0,60,459,0,True,False,False
0,459,60,0,True,False,False
0,374,494,0,True,False,False
0,494,374,0,True,False,False
0,374,154,0,True,False,False
0,154,374,0,True,False,False
0,374,5,0,True,False,False
0,5,374,0,True,False,False
0,442,264,0,True,False,False
0,264,442,0,True,False,False
0,442,222,0,True,False,False
0,222,442,0,True,False,False
0,30,442,0,True,False,False
0,442,30,0,True,False,False
0,225,466,0,True,False,False
0,466,225,0,True,False,False
0,225,360,0,True,False,False
0,360,225,0,True,False,False
0,553,225,0,True,False,False
0,225,553,0,True,False,False
0,257,125,0,True,False,False
0,125,257,0,True,False,False
0,264,257,0,True,False,False
0,257,264,0,True,False,False
0,257,250,0,True,False,False
0,250,257,0,True,False,False
0,524,311,0,True,False,False
0,311,524,0,True,False,False
0,524,372,0,True,False,False
0,372,524,0,True,False,False
0,235,524,0,True,False,False
0,524,235,0,True,False,False
0,498,25,0,True,False,False
0,25,498,0,True,False,False
0,498,285,0,True,False,False
0,285,498,0,True,False,False
0,173,282,0,True,False,False
0,282,173,0,True,False,False
0,173,78,0,True,False,False
0,78,173,0,True,False,False
0,456,173,0,True,False,False
0,173,456,0,True,False,False
0,255,108,0,True,False,False
0,108,255,0,True,False,False
0,255,494,0,True,False,False
0,494,255,0,True,False,False
0,11,552,0,True,False,False
0,552,11,0,True,False,False
0,105,11,0,True,False,False
0,11,105,0,True,False,False
0,11,243,0,True,False,False
0,243,11,0,True,False,False
0,78,66,0,True,False,False
0,66,78,0,True,False,False
0,78,247,0,True,False,False
0,247,78,0,True,False,False
0,66,183,0,True,False,False
0,183,66,0,True,False,False
0,66,133,0,True,False,False
0,133,66,0,True,False,False
0,264,172,0,True,False,False
0,172,264,0,True,False,False
0,536,505,0,True,False,False
0,505,536,0,True,False,False
0,536,30,0,True,False,False
0,30,536,0,True,False,False
0,125,229,0,True,False,False
0,229,125,0,True,False,False
0,285,553,0,True,False,False
0,553,285,0,True,False,False
0,553,54,0,True,False,False
0,54,553,0,True,False,False
0,466,396,0,True,False,False
0,396,466,0,True,False,False
0,105,55,0,True,False,False
0,55,105,0,True,False,False
0,467,235,0,True,False,False
0,235,467,0,True,False,False
0,467,128,0,True,False,False
0,128,467,0,True,False,False
0,243,467,0,True,False,False
0,467,243,0,True,False,False
0,203,456,0,True,False,False
0,456,203,0,True,False,False
0,311,203,0,True,False,False
0,203,311,0,True,False,False
0,203,87,0,True,False,False
0,87,203,0,True,False,False
0,456,175,0,True,False,False
0,175,456,0,True,False,False
0,183,407,0,True,False,False
0,407,183,0,True,False,False
0,183,460,0,True,False,False
0,460,183,0,True,False,False
0,243,449,0,True,False,False
0,449,243,0,True,False,False
0,407,97,0,True,False,False
0,97,407,0,True,False,False
0,97,340,0,True,False,False
0,340,97,0,True,False,False
0,30,198,0,True,False,False
0,198,30,0,True,False,False
0,235,438,0,True,False,False
0,438,235,0,True,False,False
0,311,298,0,True,False,False
0,298,311,0,True,False,False
0,407,152,0,True,False,False
0,152,407,0,True,False,False
0,41,448,0,True,False,False
0,448,41,0,True,False,False
0,41,149,0,True,False,False
0,149,41,0,True,False,False
0,205,272,0,True,False,False
0,272,205,0,True,False,False
0,205,410,0,True,False,False
0,410,205,0,True,False,False
0,205,5,0,True,False,False
0,5,205,0,True,False,False
0,205,543,0,True,False,False
0,543,205,0,True,False,False
0,205,14,0,True,False,False
0,14,205,0,True,False,False
0,285,242,0,True,False,False
0,242,285,0,True,False,False
0,448,272,0,True,False,False
0,272,448,0,True,False,False
0,448,410,0,True,False,False
0,410,448,0,True,False,False
0,448,232,0,True,False,False
0,232,448,0,True,False,False
0,448,12,0,True,False,False
0,12,448,0,True,False,False
0,448,527,0,True,False,False
0,527,448,0,True,False,False
0,448,261,0,True,False,False
0,261,448,0,True,False,False
0,23,24,0,True,False,False
0,24,23,0,True,False,False
0,433,23,0,True,False,False
0,23,433,0,True,False,False
0,159,23,0,True,False,False
0,23,159,0,True,False,False
0,23,383,0,True,False,False
0,383,23,0,True,False,False
0,124,23,0,True,False,False
0,23,124,0,True,False,False
0,23,408,0,True,False,False
0,408,23,0,True,False,False
0,534,451,0,True,False,False
0,451,534,0,True,False,False
0,493,534,0,True,False,False
0,534,493,0,True,False,False
0,534,237,0,True,False,False
0,237,534,0,True,False,False
0,433,534,0,True,False,False
0,534,433,0,True,False,False
0,124,534,0,True,False,False
0,534,124,0,True,False,False
0,534,458,0,True,False,False
0,458,534,0,True,False,False
0,402,400,0,True,False,False
0,400,402,0,True,False,False
0,344,402,0,True,False,False
0,402,344,0,True,False,False
0,433,402,0,True,False,False
0,402,433,0,True,False,False
0,402,475,0,True,False,False
0,475,402,0,True,False,False
0,124,402,0,True,False,False
0,402,124,0,True,False,False
0,402,446,0,True,False,False
0,446,402,0,True,False,False
0,7,366,0,True,False,False
0,366,7,0,True,False,False
0,108,7,0,True,False,False
0,7,108,0,True,False,False
0,7,276,0,True,False,False
0,276,7,0,True,False,False
0,7,33,0,True,False,False
0,33,7,0,True,False,False
0,116,59,0,True,False,False
0,59,116,0,True,False,False
0,276,116,0,True,False,False
0,116,276,0,True,False,False
0,116,4,0,True,False,False
0,4,116,0,True,False,False
0,116,440,0,True,False,False
0,440,116,0,True,False,False
0,136,204,0,True,False,False
0,204,136,0,True,False,False
0,433,136,0,True,False,False
0,136,433,0,True,False,False
0,136,300,0,True,False,False
0,300,136,0,True,False,False
0,136,124,0,True,False,False
0,124,136,0,True,False,False
0,171,136,0,True,False,False
0,136,171,0,True,False,False
0,263,199,0,True,False,False
0,199,263,0,True,False,False
0,199,503,0,True,False,False
0,503,199,0,True,False,False
0,199,274,0,True,False,False
0,274,199,0,True,False,False
0,433,199,0,True,False,False
0,199,433,0,True,False,False
0,124,199,0,True,False,False
0,199,124,0,True,False,False
0,199,132,0,True,False,False
0,132,199,0,True,False,False
0,95,491,0,True,False,False
0,491,95,0,True,False,False
0,433,95,0,True,False,False
0,95,433,0,True,False,False
0,95,28,0,True,False,False
0,28,95,0,True,False,False
0,95,494,0,True,False,False
0,494,95,0,True,False,False
0,154,95,0,True,False,False
0,95,154,0,True,False,False
0,124,95,0,True,False,False
0,95,124,0,True,False,False
0,548,8,0,True,False,False
0,8,548,0,True,False,False
0,433,548,0,True,False,False
0,548,433,0,True,False,False
0,206,548,0,True,False,False
0,548,206,0,True,False,False
0,548,314,0,True,False,False
0,314,548,0,True,False,False
0,124,548,0,True,False,False
0,548,124,0,True,False,False
0,548,196,0,True,False,False
0,196,548,0,True,False,False
0,501,29,0,True,False,False
0,29,501,0,True,False,False
0,8,501,0,True,False,False
0,501,8,0,True,False,False
0,433,501,0,True,False,False
0,501,433,0,True,False,False
0,124,501,0,True,False,False
0,501,124,0,True,False,False
0,501,153,0,True,False,False
0,153,501,0,True,False,False
0,501,74,0,True,False,False
0,74,501,0,True,False,False
0,278,369,0,True,False,False
0,369,278,0,True,False,False
0,278,341,0,True,False,False
0,341,278,0,True,False,False
0,278,202,0,True,False,False
0,202,278,0,True,False,False
0,522,278,0,True,False,False
0,278,522,0,True,False,False
0,433,278,0,True,False,False
0,278,433,0,True,False,False
0,124,278,0,True,False,False
0,278,124,0,True,False,False
0,543,167,0,True,False,False
0,167,543,0,True,False,False
0,543,479,0,True,False,False
0,479,543,0,True,False,False
0,272,543,0,True,False,False
0,543,272,0,True,False,False
0,433,543,0,True,False,False
0,543,433,0,True,False,False
0,543,269,0,True,False,False
0,269,543,0,True,False,False
0,543,110,0,True,False,False
0,110,543,0,True,False,False
0,276,513,0,True,False,False
0,513,276,0,True,False,False
0,276,40,0,True,False,False
0,40,276,0,True,False,False
0,206,532,0,True,False,False
0,532,206,0,True,False,False
0,433,206,0,True,False,False
0,206,433,0,True,False,False
0,45,206,0,True,False,False
0,206,45,0,True,False,False
0,206,85,0,True,False,False
0,85,206,0,True,False,False
0,124,206,0,True,False,False
0,206,124,0,True,False,False
0,61,444,0,True,False,False
0,444,61,0,True,False,False
0,61,318,0,True,False,False
0,318,61,0,True,False,False
0,433,61,0,True,False,False
0,61,433,0,True,False,False
0,124,61,0,True,False,False
0,61,124,0,True,False,False
0,153,61,0,True,False,False
0,61,153,0,True,False,False
0,61,83,0,True,False,False
0,83,61,0,True,False,False
0,147,366,0,True,False,False
0,366,147,0,True,False,False
0,491,147,0,True,False,False
0,147,491,0,True,False,False
0,433,147,0,True,False,False
0,147,433,0,True,False,False
0,147,347,0,True,False,False
0,347,147,0,True,False,False
0,124,147,0,True,False,False
0,147,124,0,True,False,False
0,147,296,0,True,False,False
0,296,147,0,True,False,False
0,240,252,0,True,False,False
0,252,240,0,True,False,False
0,240,166,0,True,False,False
0,166,240,0,True,False,False
0,433,240,0,True,False,False
0,240,433,0,True,False,False
0,124,240,0,True,False,False
0,240,124,0,True,False,False
0,483,240,0,True,False,False
0,240,483,0,True,False,False
0,240,489,0,True,False,False
0,489,240,0,True,False,False
0,297,326,0,True,False,False
0,326,297,0,True,False,False
0,297,398,0,True,False,False
0,398,297,0,True,False,False
0,237,297,0,True,False,False
0,297,237,0,True,False,False
0,433,297,0,True,False,False
0,297,433,0,True,False,False
0,124,297,0,True,False,False
0,297,124,0,True,False,False
0,297,507,0,True,False,False
0,507,297,0,True,False,False
0,507,88,0,True,False,False
0,88,507,0,True,False,False
0,433,507,0,True,False,False
0,507,433,0,True,False,False
0,124,507,0,True,False,False
0,507,124,0,True,False,False
0,507,209,0,True,False,False
0,209,507,0,True,False,False
0,507,256,0,True,False,False
0,256,507,0,True,False,False
0,491,160,0,True,False,False
0,160,491,0,True,False,False
0,433,491,0,True,False,False
0,491,433,0,True,False,False
0,491,192,0,True,False,False
0,192,491,0,True,False,False
0,124,491,0,True,False,False
0,491,124,0,True,False,False
0,159,277,0,True,False,False
0,277,159,0,True,False,False
0,433,159,0,True,False,False
0,159,433,0,True,False,False
0,124,159,0,True,False,False
0,159,124,0,True,False,False
0,159,540,0,True,False,False
0,540,159,0,True,False,False
0,132,159,0,True,False,False
0,159,132,0,True,False,False
0,228,265,0,True,False,False
0,265,228,0,True,False,False
0,228,338,0,True,False,False
0,338,228,0,True,False,False
0,433,228,0,True,False,False
0,228,433,0,True,False,False
0,228,190,0,True,False,False
0,190,228,0,True,False,False
0,383,228,0,True,False,False
0,228,383,0,True,False,False
0,124,228,0,True,False,False
0,228,124,0,True,False,False
0,347,114,0,True,False,False
0,114,347,0,True,False,False
0,347,263,0,True,False,False
0,263,347,0,True,False,False
0,347,513,0,True,False,False
0,513,347,0,True,False,False
0,433,347,0,True,False,False
0,347,433,0,True,False,False
0,124,347,0,True,False,False
0,347,124,0,True,False,False
0,237,117,0,True,False,False
0,117,237,0,True,False,False
0,237,546,0,True,False,False
0,546,237,0,True,False,False
0,433,237,0,True,False,False
0,237,433,0,True,False,False
0,124,237,0,True,False,False
0,237,124,0,True,False,False
0,433,383,0,True,False,False
0,383,433,0,True,False,False
0,383,161,0,True,False,False
0,161,383,0,True,False,False
0,124,383,0,True,False,False
0,383,124,0,True,False,False
0,383,418,0,True,False,False
0,418,383,0,True,False,False
0,124,270,0,True,False,False
0,270,124,0,True,False,False
0,124,263,0,True,False,False
0,263,124,0,True,False,False
0,124,369,0,True,False,False
0,369,124,0,True,False,False
0,124,265,0,True,False,False
0,265,124,0,True,False,False
0,124,493,0,True,False,False
0,493,124,0,True,False,False
0,124,344,0,True,False,False
0,344,124,0,True,False,False
0,124,204,0,True,False,False
0,204,124,0,True,False,False
0,124,88,0,True,False,False
0,88,124,0,True,False,False
0,124,522,0,True,False,False
0,522,124,0,True,False,False
0,124,8,0,True,False,False
0,8,124,0,True,False,False
0,433,124,0,True,False,False
0,124,433,0,True,False,False
0,124,475,0,True,False,False
0,475,124,0,True,False,False
0,124,45,0,True,False,False
0,45,124,0,True,False,False
0,124,154,0,True,False,False
0,154,124,0,True,False,False
0,124,401,0,True,False,False
0,401,124,0,True,False,False
0,124,153,0,True,False,False
0,153,124,0,True,False,False
0,124,310,0,True,False,False
0,310,124,0,True,False,False
0,124,132,0,True,False,False
0,132,124,0,True,False,False
0,124,68,0,True,False,False
0,68,124,0,True,False,False
0,124,83,0,True,False,False
0,83,124,0,True,False,False
0,124,483,0,True,False,False
0,483,124,0,True,False,False
0,124,489,0,True,False,False
0,489,124,0,True,False,False
0,265,399,0,True,False,False
0,399,265,0,True,False,False
0,433,265,0,True,False,False
0,265,433,0,True,False,False
0,265,0,0,True,False,False
0,0,265,0,True,False,False
0,265,310,0,True,False,False
0,310,265,0,True,False,False
0,433,489,0,True,False,False
0,489,433,0,True,False,False
0,489,45,0,True,False,False
0,45,489,0,True,False,False
0,489,84,0,True,False,False
0,84,489,0,True,False,False
0,489,390,0,True,False,False
0,390,489,0,True,False,False
0,88,270,0,True,False,False
0,270,88,0,True,False,False
0,88,531,0,True,False,False
0,531,88,0,True,False,False
0,88,77,0,True,False,False
0,77,88,0,True,False,False
0,433,88,0,True,False,False
0,88,433,0,True,False,False
0,433,522,0,True,False,False
0,522,433,0,True,False,False
0,475,522,0,True,False,False
0,522,475,0,True,False,False
0,522,100,0,True,False,False
0,100,522,0,True,False,False
0,522,509,0,True,False,False
0,509,522,0,True,False,False
0,410,14,0,True,False,False
0,14,410,0,True,False,False
0,289,479,0,True,False,False
0,479,289,0,True,False,False
0,289,272,0,True,False,False
0,272,289,0,True,False,False
0,289,433,0,True,False,False
0,433,289,0,True,False,False
0,289,300,0,True,False,False
0,300,289,0,True,False,False
0,289,189,0,True,False,False
0,189,289,0,True,False,False
0,289,171,0,True,False,False
0,171,289,0,True,False,False
0,289,12,0,True,False,False
0,12,289,0,True,False,False
0,289,110,0,True,False,False
0,110,289,0,True,False,False
0,154,167,0,True,False,False
0,167,154,0,True,False,False
0,433,154,0,True,False,False
0,154,433,0,True,False,False
0,433,45,0,True,False,False
0,45,433,0,True,False,False
0,45,286,0,True,False,False
0,286,45,0,True,False,False
0,45,113,0,True,False,False
0,113,45,0,True,False,False
0,483,194,0,True,False,False
0,194,483,0,True,False,False
0,433,483,0,True,False,False
0,483,433,0,True,False,False
0,483,15,0,True,False,False
0,15,483,0,True,False,False
0,310,483,0,True,False,False
0,483,310,0,True,False,False
0,433,132,0,True,False,False
0,132,433,0,True,False,False
0,132,284,0,True,False,False
0,284,132,0,True,False,False
0,132,245,0,True,False,False
0,245,132,0,True,False,False
0,272,269,0,True,False,False
0,269,272,0,True,False,False
0,272,14,0,True,False,False
0,14,272,0,True,False,False
0,272,12,0,True,False,False
0,12,272,0,True,False,False
0,59,503,0,True,False,False
0,503,59,0,True,False,False
0,59,549,0,True,False,False
0,549,59,0,True,False,False
0,59,488,0,True,False,False
0,488,59,0,True,False,False
0,270,344,0,True,False,False
0,344,270,0,True,False,False
0,433,344,0,True,False,False
0,344,433,0,True,False,False
0,344,283,0,True,False,False
0,283,344,0,True,False,False
0,344,324,0,True,False,False
0,324,344,0,True,False,False
0,475,151,0,True,False,False
0,151,475,0,True,False,False
0,433,475,0,True,False,False
0,475,433,0,True,False,False
0,475,377,0,True,False,False
0,377,475,0,True,False,False
0,433,270,0,True,False,False
0,270,433,0,True,False,False
0,433,114,0,True,False,False
0,114,433,0,True,False,False
0,433,478,0,True,False,False
0,478,433,0,True,False,False
0,433,263,0,True,False,False
0,263,433,0,True,False,False
0,433,369,0,True,False,False
0,369,433,0,True,False,False
0,433,341,0,True,False,False
0,341,433,0,True,False,False
0,433,326,0,True,False,False
0,326,433,0,True,False,False
0,433,439,0,True,False,False
0,439,433,0,True,False,False
0,433,167,0,True,False,False
0,167,433,0,True,False,False
0,433,435,0,True,False,False
0,435,433,0,True,False,False
0,433,531,0,True,False,False
0,531,433,0,True,False,False
0,433,451,0,True,False,False
0,451,433,0,True,False,False
0,433,479,0,True,False,False
0,479,433,0,True,False,False
0,433,325,0,True,False,False
0,325,433,0,True,False,False
0,433,493,0,True,False,False
0,493,433,0,True,False,False
0,433,318,0,True,False,False
0,318,433,0,True,False,False
0,433,115,0,True,False,False
0,115,433,0,True,False,False
0,433,204,0,True,False,False
0,204,433,0,True,False,False
0,433,191,0,True,False,False
0,191,433,0,True,False,False
0,433,166,0,True,False,False
0,166,433,0,True,False,False
0,433,546,0,True,False,False
0,546,433,0,True,False,False
0,433,29,0,True,False,False
0,29,433,0,True,False,False
0,433,521,0,True,False,False
0,521,433,0,True,False,False
0,433,8,0,True,False,False
0,8,433,0,True,False,False
0,433,194,0,True,False,False
0,194,433,0,True,False,False
0,433,274,0,True,False,False
0,274,433,0,True,False,False
0,433,338,0,True,False,False
0,338,433,0,True,False,False
0,433,283,0,True,False,False
0,283,433,0,True,False,False
0,433,62,0,True,False,False
0,62,433,0,True,False,False
0,433,376,0,True,False,False
0,376,433,0,True,False,False
0,433,300,0,True,False,False
0,300,433,0,True,False,False
0,433,28,0,True,False,False
0,28,433,0,True,False,False
0,433,192,0,True,False,False
0,192,433,0,True,False,False
0,433,85,0,True,False,False
0,85,433,0,True,False,False
0,433,209,0,True,False,False
0,209,433,0,True,False,False
0,433,296,0,True,False,False
0,296,433,0,True,False,False
0,433,284,0,True,False,False
0,284,433,0,True,False,False
0,433,418,0,True,False,False
0,418,433,0,True,False,False
0,433,0,0,True,False,False
0,0,433,0,True,False,False
0,433,377,0,True,False,False
0,377,433,0,True,False,False
0,433,401,0,True,False,False
0,401,433,0,True,False,False
0,433,153,0,True,False,False
0,153,433,0,True,False,False
0,433,408,0,True,False,False
0,408,433,0,True,False,False
0,433,540,0,True,False,False
0,540,433,0,True,False,False
0,433,310,0,True,False,False
0,310,433,0,True,False,False
0,433,171,0,True,False,False
0,171,433,0,True,False,False
0,433,113,0,True,False,False
0,113,433,0,True,False,False
0,433,68,0,True,False,False
0,68,433,0,True,False,False
0,433,446,0,True,False,False
0,446,433,0,True,False,False
0,433,9,0,True,False,False
0,9,433,0,True,False,False
0,433,83,0,True,False,False
0,83,433,0,True,False,False
0,433,390,0,True,False,False
0,390,433,0,True,False,False
0,433,309,0,True,False,False
0,309,433,0,True,False,False
0,433,196,0,True,False,False
0,196,433,0,True,False,False
0,433,509,0,True,False,False
0,509,433,0,True,False,False
0,171,300,0,True,False,False
0,300,171,0,True,False,False
0,493,435,0,True,False,False
0,435,493,0,True,False,False
0,493,358,0,True,False,False
0,358,493,0,True,False,False
0,83,493,0,True,False,False
0,493,83,0,True,False,False
0,369,439,0,True,False,False
0,439,369,0,True,False,False
0,369,487,0,True,False,False
0,487,369,0,True,False,False
0,369,401,0,True,False,False
0,401,369,0,True,False,False
0,549,373,0,True,False,False
0,373,549,0,True,False,False
0,549,331,0,True,False,False
0,331,549,0,True,False,False
0,549,245,0,True,False,False
0,245,549,0,True,False,False
0,8,325,0,True,False,False
0,325,8,0,True,False,False
0,8,352,0,True,False,False
0,352,8,0,True,False,False
0,373,217,0,True,False,False
0,217,373,0,True,False,False
0,373,277,0,True,False,False
0,277,373,0,True,False,False
0,373,144,0,True,False,False
0,144,373,0,True,False,False
0,310,478,0,True,False,False
0,478,310,0,True,False,False
0,310,535,0,True,False,False
0,535,310,0,True,False,False
0,153,376,0,True,False,False
0,376,153,0,True,False,False
0,153,431,0,True,False,False
0,431,153,0,True,False,False
0,270,521,0,True,False,False
0,521,270,0,True,False,False
0,270,168,0,True,False,False
0,168,270,0,True,False,False
0,68,423,0,True,False,False
0,423,68,0,True,False,False
0,401,68,0,True,False,False
0,68,401,0,True,False,False
0,68,309,0,True,False,False
0,309,68,0,True,False,False
0,263,4,0,True,False,False
0,4,263,0,True,False,False
0,263,9,0,True,False,False
0,9,263,0,True,False,False
0,83,62,0,True,False,False
0,62,83,0,True,False,False
0,83,406,0,True,False,False
0,406,83,0,True,False,False
0,108,160,0,True,False,False
0,160,108,0,True,False,False
0,108,459,0,True,False,False
0,459,108,0,True,False,False
0,204,115,0,True,False,False
0,115,204,0,True,False,False
0,401,191,0,True,False,False
0,191,401,0,True,False,False
0,401,130,0,True,False,False
0,130,401,0,True,False,False
0,102,384,0,True,False,False
0,384,102,0,True,False,False
0,102,523,0,True,False,False
0,523,102,0,True,False,False
0,102,406,0,False,True,False
0,406,102,0,False,True,False
0,510,102,0,False,True,False
0,102,510,0,False,True,False
0,123,202,0,False,True,False
0,202,123,0,False,True,False
0,123,302,0,False,True,False
0,302,123,0,False,True,False
0,174,123,0,False,True,False
0,123,174,0,False,True,False
0,123,133,0,False,True,False
0,133,123,0,False,True,False
0,144,221,0,False,True,False
0,221,144,0,False,True,False
0,221,533,0,False,True,False
0,533,221,0,False,True,False
0,221,161,0,False,True,False
0,161,221,0,False,True,False
0,221,262,0,False,True,False
0,262,221,0,False,True,False
0,526,360,0,False,True,False
0,360,526,0,False,True,False
0,336,526,0,False,True,False
0,526,336,0,False,True,False
0,526,431,0,False,True,False
0,431,526,0,False,True,False
0,526,510,0,False,True,False
0,510,526,0,False,True,False
0,208,25,0,False,True,False
0,25,208,0,False,True,False
0,39,208,0,False,True,False
0,208,39,0,False,True,False
0,208,314,0,False,True,False
0,314,208,0,False,True,False
0,208,121,0,False,True,False
0,121,208,0,False,True,False
0,421,152,0,False,True,False
0,152,421,0,False,True,False
0,302,421,0,False,True,False
0,421,302,0,False,True,False
0,421,143,0,False,True,False
0,143,421,0,False,True,False
0,421,130,0,False,True,False
0,130,421,0,False,True,False
0,392,229,0,False,True,False
0,229,392,0,False,True,False
0,392,39,0,False,True,False
0,39,392,0,False,True,False
0,392,286,0,False,True,False
0,286,392,0,False,True,False
0,355,392,0,False,True,False
0,392,355,0,False,True,False
0,319,112,0,False,True,False
0,112,319,0,False,True,False
0,547,319,0,False,True,False
0,319,547,0,False,True,False
0,319,256,0,False,True,False
0,256,319,0,False,True,False
0,319,438,0,False,True,False
0,438,319,0,False,True,False
0,544,175,0,False,True,False
0,175,544,0,False,True,False
0,544,400,0,False,True,False
0,400,544,0,False,True,False
0,544,484,0,False,True,False
0,484,544,0,False,True,False
0,315,544,0,False,True,False
0,544,315,0,False,True,False
0,143,423,0,False,True,False
0,423,143,0,False,True,False
0,143,340,0,False,True,False
0,340,143,0,False,True,False
0,336,54,0,False,True,False
0,54,336,0,False,True,False
0,336,74,0,False,True,False
0,74,336,0,False,True,False
0,121,336,0,False,True,False
0,336,121,0,False,True,False
0,244,552,0,False,True,False
0,552,244,0,False,True,False
0,523,244,0,False,True,False
0,244,523,0,False,True,False
0,244,375,0,False,True,False
0,375,244,0,False,True,False
0,244,458,0,False,True,False
0,458,244,0,False,True,False
0,547,398,0,False,True,False
0,398,547,0,False,True,False
0,375,547,0,False,True,False
0,547,375,0,False,True,False
0,547,128,0,False,True,False
0,128,547,0,False,True,False
0,381,355,0,False,True,False
0,355,381,0,False,True,False
0,355,84,0,False,True,False
0,84,355,0,False,True,False
0,355,250,0,False,True,False
0,250,355,0,False,True,False
0,302,487,0,False,True,False
0,487,302,0,False,True,False
0,302,460,0,False,True,False
0,460,302,0,False,True,False
0,42,315,0,False,True,False
0,315,42,0,False,True,False
0,315,87,0,False,True,False
0,87,315,0,False,True,False
0,315,324,0,False,True,False
0,324,315,0,False,True,False
0,126,399,0,False,True,False
0,399,126,0,False,True,False
0,533,126,0,False,True,False
0,126,533,0,False,True,False
0,126,292,0,False,True,False
0,292,126,0,False,True,False
0,126,505,0,False,True,False
0,505,126,0,False,True,False
0,459,33,0,False,True,False
0,33,459,0,False,True,False
0,523,358,0,False,True,False
0,358,523,0,False,True,False
0,523,55,0,False,True,False
0,55,523,0,False,True,False
0,484,282,0,False,True,False
0,282,484,0,False,True,False
0,484,151,0,False,True,False
0,151,484,0,False,True,False
0,484,174,0,False,True,False
0,174,484,0,False,True,False
0,381,252,0,False,True,False
0,252,381,0,False,True,False
0,539,381,0,False,True,False
0,381,539,0,False,True,False
0,381,172,0,False,True,False
0,172,381,0,False,True,False
0,174,247,0,False,True,False
0,247,174,0,False,True,False
0,174,100,0,False,True,False
0,100,174,0,False,True,False
0,375,117,0,False,True,False
0,117,375,0,False,True,False
0,375,449,0,False,True,False
0,449,375,0,False,True,False
0,112,42,0,False,True,False
0,42,112,0,False,True,False
0,112,77,0,False,True,False
0,77,112,0,False,True,False
0,112,372,0,False,True,False
0,372,112,0,False,True,False
0,42,168,0,False,True,False
0,168,42,0,False,True,False
0,42,298,0,False,True,False
0,298,42,0,False,True,False
0,533,447,0,False,True,False
0,447,533,0,False,True,False
0,533,190,0,False,True,False
0,190,533,0,False,True,False
0,292,539,0,False,True,False
0,539,292,0,False,True,False
0,292,198,0,False,True,False
0,198,292,0,False,True,False
0,292,535,0,False,True,False
0,535,292,0,False,True,False
0,121,352,0,False,True,False
0,352,121,0,False,True,False
0,121,242,0,False,True,False
0,242,121,0,False,True,False
0,539,222,0,False,True,False
0,222,539,0,False,True,False
0,539,15,0,False,True,False
0,15,539,0,False,True,False
0,39,532,0,False,True,False
0,532,39,0,False,True,False
0,39,47,0,False,True,False
0,47,39,0,False,True,False
0,144,356,0,False,True,False
0,356,144,0,False,True,False
0,144,24,0,False,True,False
0,24,144,0,False,True,False
0,510,444,0,False,True,False
0,444,510,0,False,True,False
0,510,396,0,False,True,False
0,396,510,0,False,True,False
0,229,47,0,False,True,False
0,47,229,0,False,True,False
0,250,229,0,False,True,False
0,229,250,0,False,True,False
0,54,360,0,False,True,False
0,360,54,0,False,True,False
0,360,396,0,False,True,False
0,396,360,0,False,True,False
0,396,384,0,False,True,False
0,384,396,0,False,True,False
0,384,55,0,False,True,False
0,55,384,0,False,True,False
0,217,356,0,False,True,False
0,356,217,0,False,True,False
0,331,217,0,False,True,False
0,217,331,0,False,True,False
0,356,262,0,False,True,False
0,262,356,0,False,True,False
0,447,505,0,False,True,False
0,505,447,0,False,True,False
0,262,447,0,False,True,False
0,447,262,0,False,True,False
0,87,175,0,False,True,False
0,175,87,0,False,True,False
0,298,87,0,False,True,False
0,87,298,0,False,True,False
0,175,282,0,False,True,False
0,282,175,0,False,True,False
0,282,247,0,False,True,False
0,247,282,0,False,True,False
0,172,250,0,False,True,False
0,250,172,0,False,True,False
0,55,552,0,False,True,False
0,552,55,0,False,True,False
0,552,449,0,False,True,False
0,449,552,0,False,True,False
0,25,242,0,False,True,False
0,242,25,0,False,True,False
0,242,54,0,False,True,False
0,54,242,0,False,True,False
0,449,128,0,False,True,False
0,128,449,0,False,True,False
0,440,488,0,False,True,False
0,488,440,0,False,True,False
0,40,440,0,False,True,False
0,440,40,0,False,True,False
0,488,331,0,False,True,False
0,331,488,0,False,True,False
0,505,198,0,False,True,False
0,198,505,0,False,True,False
0,222,172,0,False,True,False
0,172,222,0,False,True,False
0,438,372,0,False,True,False
0,372,438,0,False,True,False
0,128,438,0,False,True,False
0,438,128,0,False,True,False
0,372,298,0,False,True,False
0,298,372,0,False,True,False
0,198,222,0,False,True,False
0,222,198,0,False,True,False
0,33,40,0,False,True,False
0,40,33,0,False,True,False
0,47,25,0,False,True,False
0,25,47,0,False,True,False
0,247,133,0,False,True,False
0,133,247,0,False,True,False
0,460,152,0,False,True,False
0,152,460,0,False,True,False
0,152,340,0,False,True,False
0,340,152,0,False,True,False
0,300,479,0,False,True,False
0,479,300,0,False,True,False
0,300,115,0,False,True,False
0,115,300,0,False,True,False
0,300,419,0,False,True,False
0,419,300,0,False,True,False
0,300,189,0,False,True,False
0,189,300,0,False,True,False
0,300,110,0,False,True,False
0,110,300,0,False,True,False
0,546,326,0,False,True,False
0,326,546,0,False,True,False
0,451,546,0,False,True,False
0,546,451,0,False,True,False
0,479,546,0,False,True,False
0,546,479,0,False,True,False
0,110,546,0,False,True,False
0,546,110,0,False,True,False
0,326,209,0,False,True,False
0,209,326,0,False,True,False
0,209,531,0,False,True,False
0,531,209,0,False,True,False
0,479,209,0,False,True,False
0,209,479,0,False,True,False
0,110,209,0,False,True,False
0,209,110,0,False,True,False
0,479,531,0,False,True,False
0,531,479,0,False,True,False
0,531,521,0,False,True,False
0,521,531,0,False,True,False
0,110,531,0,False,True,False
0,531,110,0,False,True,False
0,479,114,0,False,True,False
0,114,479,0,False,True,False
0,296,114,0,False,True,False
0,114,296,0,False,True,False
0,114,86,0,False,True,False
0,86,114,0,False,True,False
0,114,9,0,False,True,False
0,9,114,0,False,True,False
0,110,114,0,False,True,False
0,114,110,0,False,True,False
0,479,376,0,False,True,False
0,376,479,0,False,True,False
0,376,318,0,False,True,False
0,318,376,0,False,True,False
0,29,376,0,False,True,False
0,376,29,0,False,True,False
0,110,376,0,False,True,False
0,376,110,0,False,True,False
0,479,521,0,False,True,False
0,521,479,0,False,True,False
0,521,283,0,False,True,False
0,283,521,0,False,True,False
0,110,521,0,False,True,False
0,521,110,0,False,True,False
0,338,226,0,False,True,False
0,226,338,0,False,True,False
0,479,338,0,False,True,False
0,338,479,0,False,True,False
0,418,338,0,False,True,False
0,338,418,0,False,True,False
0,338,0,0,False,True,False
0,0,338,0,False,True,False
0,110,338,0,False,True,False
0,338,110,0,False,True,False
0,479,85,0,False,True,False
0,85,479,0,False,True,False
0,113,85,0,False,True,False
0,85,113,0,False,True,False
0,110,85,0,False,True,False
0,85,110,0,False,True,False
0,85,196,0,False,True,False
0,196,85,0,False,True,False
0,479,196,0,False,True,False
0,196,479,0,False,True,False
0,196,325,0,False,True,False
0,325,196,0,False,True,False
0,110,196,0,False,True,False
0,196,110,0,False,True,False
0,149,261,0,False,True,False
0,261,149,0,False,True,False
0,479,166,0,False,True,False
0,166,479,0,False,True,False
0,194,166,0,False,True,False
0,166,194,0,False,True,False
0,166,368,0,False,True,False
0,368,166,0,False,True,False
0,166,390,0,False,True,False
0,390,166,0,False,True,False
0,110,166,0,False,True,False
0,166,110,0,False,True,False
0,479,325,0,False,True,False
0,325,479,0,False,True,False
0,325,29,0,False,True,False
0,29,325,0,False,True,False
0,110,325,0,False,True,False
0,325,110,0,False,True,False
0,479,29,0,False,True,False
0,29,479,0,False,True,False
0,110,29,0,False,True,False
0,29,110,0,False,True,False
0,479,318,0,False,True,False
0,318,479,0,False,True,False
0,318,62,0,False,True,False
0,62,318,0,False,True,False
0,110,318,0,False,True,False
0,318,110,0,False,True,False
0,167,28,0,False,True,False
0,28,167,0,False,True,False
0,479,28,0,False,False,True
0,28,479,0,False,False,True
0,28,425,0,False,False,True
0,425,28,0,False,False,True
0,28,192,0,False,False,True
0,192,28,0,False,False,True
0,28,236,0,False,False,True
0,236,28,0,False,False,True
0,110,28,0,False,False,True
0,28,110,0,False,False,True
0,62,435,0,False,False,True
0,435,62,0,False,False,True
0,479,62,0,False,False,True
0,62,479,0,False,False,True
0,110,62,0,False,False,True
0,62,110,0,False,False,True
0,110,296,0,False,False,True
0,296,110,0,False,False,True
0,110,390,0,False,False,True
0,390,110,0,False,False,True
0,110,509,0,False,False,True
0,509,110,0,False,False,True
0,110,326,0,False,False,True
0,326,110,0,False,False,True
0,110,150,0,False,False,True
0,150,110,0,False,False,True
0,110,284,0,False,False,True
0,284,110,0,False,False,True
0,110,419,0,False,False,True
0,419,110,0,False,False,True
0,110,167,0,False,False,True
0,167,110,0,False,False,True
0,110,451,0,False,False,True
0,451,110,0,False,False,True
0,110,0,0,False,False,True
0,0,110,0,False,False,True
0,110,377,0,False,False,True
0,377,110,0,False,False,True
0,110,363,0,False,False,True
0,363,110,0,False,False,True
0,110,34,0,False,False,True
0,34,110,0,False,False,True
0,110,115,0,False,False,True
0,115,110,0,False,False,True
0,110,191,0,False,False,True
0,191,110,0,False,False,True
0,110,290,0,False,False,True
0,290,110,0,False,False,True
0,110,540,0,False,False,True
0,540,110,0,False,False,True
0,189,110,0,False,False,True
0,110,189,0,False,False,True
0,110,113,0,False,False,True
0,113,110,0,False,False,True
0,110,19,0,False,False,True
0,19,110,0,False,False,True
0,110,283,0,False,False,True
0,283,110,0,False,False,True
0,110,194,0,False,False,True
0,194,110,0,False,False,True
0,110,496,0,False,False,True
0,496,110,0,False,False,True
0,110,309,0,False,False,True
0,309,110,0,False,False,True
0,110,274,0,False,False,True
0,274,110,0,False,False,True
0,110,9,0,False,False,True
0,9,110,0,False,False,True
0,110,86,0,False,False,True
0,86,110,0,False,False,True
0,110,368,0,False,False,True
0,368,110,0,False,False,True
0,110,418,0,False,False,True
0,418,110,0,False,False,True
0,110,148,0,False,False,True
0,148,110,0,False,False,True
0,110,439,0,False,False,True
0,439,110,0,False,False,True
0,110,435,0,False,False,True
0,435,110,0,False,False,True
0,110,26,0,False,False,True
0,26,110,0,False,False,True
0,110,408,0,False,False,True
0,408,110,0,False,False,True
0,110,236,0,False,False,True
0,236,110,0,False,False,True
0,110,343,0,False,False,True
0,343,110,0,False,False,True
0,110,479,0,False,False,True
0,479,110,0,False,False,True
0,110,269,0,False,False,True
0,269,110,0,False,False,True
0,12,110,0,False,False,True
0,110,12,0,False,False,True
0,110,446,0,False,False,True
0,446,110,0,False,False,True
0,110,192,0,False,False,True
0,192,110,0,False,False,True
0,110,497,0,False,False,True
0,497,110,0,False,False,True
0,110,287,0,False,False,True
0,287,110,0,False,False,True
0,110,341,0,False,False,True
0,341,110,0,False,False,True
0,110,478,0,False,False,True
0,478,110,0,False,False,True
0,110,226,0,False,False,True
0,226,110,0,False,False,True
0,110,288,0,False,False,True
0,288,110,0,False,False,True
0,479,113,0,False,False,True
0,113,479,0,False,False,True
0,390,113,0,False,False,True
0,113,390,0,False,False,True
0,435,451,0,False,False,True
0,451,435,0,False,False,True
0,479,451,0,False,False,True
0,451,479,0,False,False,True
0,479,326,0,False,False,True
0,326,479,0,False,False,True
0,479,478,0,False,False,True
0,478,479,0,False,False,True
0,479,341,0,False,False,True
0,341,479,0,False,False,True
0,479,439,0,False,False,True
0,439,479,0,False,False,True
0,479,167,0,False,False,True
0,167,479,0,False,False,True
0,479,435,0,False,False,True
0,435,479,0,False,False,True
0,479,115,0,False,False,True
0,115,479,0,False,False,True
0,479,191,0,False,False,True
0,191,479,0,False,False,True
0,479,194,0,False,False,True
0,194,479,0,False,False,True
0,479,274,0,False,False,True
0,274,479,0,False,False,True
0,479,283,0,False,False,True
0,283,479,0,False,False,True
0,479,192,0,False,False,True
0,192,479,0,False,False,True
0,479,296,0,False,False,True
0,296,479,0,False,False,True
0,479,284,0,False,False,True
0,284,479,0,False,False,True
0,479,418,0,False,False,True
0,418,479,0,False,False,True
0,479,0,0,False,False,True
0,0,479,0,False,False,True
0,479,377,0,False,False,True
0,377,479,0,False,False,True
0,479,408,0,False,False,True
0,408,479,0,False,False,True
0,479,540,0,False,False,True
0,540,479,0,False,False,True
0,479,446,0,False,False,True
0,446,479,0,False,False,True
0,479,9,0,False,False,True
0,9,479,0,False,False,True
0,479,390,0,False,False,True
0,390,479,0,False,False,True
0,479,309,0,False,False,True
0,309,479,0,False,False,True
0,479,509,0,False,False,True
0,509,479,0,False,False,True
0,274,26,0,False,False,True
0,26,274,0,False,False,True
0,274,284,0,False,False,True
0,284,274,0,False,False,True
0,9,274,0,False,False,True
0,274,9,0,False,False,True
0,283,446,0,False,False,True
0,446,283,0,False,False,True
0,14,70,0,False,False,True
0,70,14,0,False,False,True
0,14,269,0,False,False,True
0,269,14,0,False,False,True
0,14,232,0,False,False,True
0,232,14,0,False,False,True
0,14,527,0,False,False,True
0,527,14,0,False,False,True
0,446,377,0,False,False,True
0,377,446,0,False,False,True
0,377,509,0,False,False,True
0,509,377,0,False,False,True
0,509,341,0,False,False,True
0,341,509,0,False,False,True
0,341,439,0,False,False,True
0,439,341,0,False,False,True
0,439,191,0,False,False,True
0,191,439,0,False,False,True
0,478,194,0,False,False,True
0,194,478,0,False,False,True
0,194,290,0,False,False,True
0,290,194,0,False,False,True
0,191,309,0,False,False,True
0,309,191,0,False,False,True
0,133,460,0,False,False,True
0,460,133,0,False,False,True
0,284,150,0,False,False,True
0,150,284,0,False,False,True
0,284,540,0,False,False,True
0,540,284,0,False,False,True
0,0,478,0,False,False,True
0,478,0,0,False,False,True
0,478,343,0,False,False,True
0,343,478,0,False,False,True
0,9,34,0,False,False,True
0,34,9,0,False,False,True
0,160,366,0,False,False,True
0,366,160,0,False,False,True
0,494,160,0,False,False,True
0,160,494,0,False,False,True
0,5,167,0,False,False,True
0,167,5,0,False,False,True
0,5,70,0,False,False,True
0,70,5,0,False,False,True
0,5,425,0,False,False,True
0,425,5,0,False,False,True
0,12,181,0,False,False,True
0,181,12,0,False,False,True
0,12,485,0,False,False,True
0,485,12,0,False,False,True
0,12,419,0,False,False,True
0,419,12,0,False,False,True
0,12,189,0,False,False,True
0,189,12,0,False,False,True
0,12,527,0,False,False,True
0,527,12,0,False,False,True
0,189,419,0,False,False,True
0,419,189,0,False,False,True
0,167,288,0,False,False,True
0,288,167,0,False,False,True
0,296,19,0,False,False,True
0,19,296,0,False,False,True
0,192,296,0,False,False,True
0,296,192,0,False,False,True
0,192,497,0,False,False,True
0,497,192,0,False,False,True
0,408,496,0,False,False,True
0,496,408,0,False,False,True
0,408,418,0,False,False,True
0,418,408,0,False,False,True
0,540,408,0,False,False,True
0,408,540,0,False,False,True
0,418,363,0,False,False,True
0,363,418,0,False,False,True
0,540,148,0,False,False,True
0,148,540,0,False,False,True
0,0,287,0,False,False,True
0,287,0,0,False,False,True
0,494,425,0,False,False,True
0,425,494,0,False,False,True
0,399,535,0,False,False,True
0,535,399,0,False,False,True
0,535,15,0,False,False,True
0,15,535,0,False,False,True
0,24,161,0,False,False,True
0,161,24,0,False,False,True
0,161,190,0,False,False,True
0,190,161,0,False,False,True
0,252,84,0,False,False,True
0,84,252,0,False,False,True
0,84,286,0,False,False,True
0,286,84,0,False,False,True
0,77,168,0,False,False,True
0,168,77,0,False,False,True
0,256,77,0,False,False,True
0,77,256,0,False,False,True
0,366,513,0,False,False,True
0,513,366,0,False,False,True
0,513,4,0,False,False,True
0,4,513,0,False,False,True
0,532,314,0,False,False,True
0,314,532,0,False,False,True
0,314,352,0,False,False,True
0,352,314,0,False,False,True
0,117,398,0,False,False,True
0,398,117,0,False,False,True
0,458,117,0,False,False,True
0,117,458,0,False,False,True
0,400,151,0,False,False,True
0,151,400,0,False,False,True
0,324,400,0,False,False,True
0,400,324,0,False,False,True
0,190,399,0,False,False,True
0,399,190,0,False,False,True
0,286,532,0,False,False,True
0,532,286,0,False,False,True
0,352,74,0,False,False,True
0,74,352,0,False,False,True
0,444,406,0,False,False,True
0,406,444,0,False,False,True
0,431,444,0,False,False,True
0,444,431,0,False,False,True
0,406,358,0,False,False,True
0,358,406,0,False,False,True
0,358,458,0,False,False,True
0,458,358,0,False,False,True
0,398,256,0,False,False,True
0,256,398,0,False,False,True
0,168,324,0,False,False,True
0,324,168,0,False,False,True
0,15,252,0,False,False,True
0,252,15,0,False,False,True
0,277,24,0,False,False,True
0,24,277,0,False,False,True
0,245,277,0,False,False,True
0,277,245,0,False,False,True
0,74,431,0,False,False,True
0,431,74,0,False,False,True
0,503,245,0,False,False,True
0,245,503,0,False,False,True
0,4,503,0,False,False,True
0,503,4,0,False,False,True
0,151,100,0,False,False,True
0,100,151,0,False,False,True
0,363,226,0,False,False,True
0,226,363,0,False,False,True
0,496,363,0,False,False,True
0,363,496,0,False,False,True
0,26,150,0,False,False,True
0,150,26,0,False,False,True
0,150,148,0,False,False,True
0,148,150,0,False,False,True
0,226,287,0,False,False,True
0,287,226,0,False,False,True
0,287,343,0,False,False,True
0,343,287,0,False,False,True
0,202,487,0,False,False,True
0,487,202,0,False,False,True
0,487,130,0,False,False,True
0,130,487,0,False,False,True
0,130,423,0,False,False,True
0,423,130,0,False,False,True
0,19,86,0,False,False,True
0,86,19,0,False,False,True
0,86,34,0,False,False,True
0,34,86,0,False,False,True
0,34,26,0,False,False,True
0,26,34,0,False,False,True
0,100,202,0,False,False,True
0,202,100,0,False,False,True
0,261,181,0,False,False,True
0,181,261,0,False,False,True
0,269,288,0,False,False,True
0,288,269,0,False,False,True
0,527,269,0,False,False,True
0,269,527,0,False,False,True
0,485,419,0,False,False,True
0,419,485,0,False,False,True
0,288,236,0,False,False,True
0,236,288,0,False,False,True
0,236,497,0,False,False,True
0,497,236,0,False,False,True
0,148,496,0,False,False,True
0,496,148,0,False,False,True
0,343,290,0,False,False,True
0,290,343,0,False,False,True
0,290,368,0,False,False,True
0,368,290,0,False,False,True
0,497,19,0,False,False,True
0,19,497,0,False,False,True
0,70,288,0,False,False,True
0,288,70,0,False,False,True
