
CASCADE Topology V3, (c) Open Cascade
Locations 0
Curve2ds 162
1 54.327805607183791 -31.540725569929464 0.99996382989089783 -0.0085052283877527987 
1 54.327805607183791 -31.540725569929464 0.99996382989089783 -0.0085052283877527987 
1 56.251023607183811 -31.557083569929546 -0.0084902866852860307 -0.99996395686644712 
1 56.251023607183811 -31.557083569929546 -0.0084902866852860307 -0.99996395686644712 
1 56.243516607183778 -32.44123856992951 -0.99996383431283742 0.0085047084822551487 
1 56.243516607183778 -32.44123856992951 -0.99996383431283742 0.0085047084822551487 
1 54.320298607183759 -32.424881569929539 0.0084902770832750631 0.9999639569479738 
1 54.320298607183759 -32.424881569929539 0.0084902770832750631 0.9999639569479738 
1 50.751572607183789 -32.394607569929576 0.0084914175862523707 0.99996394726378801 
1 50.751572607183789 -32.394607569929576 0.0084914175862523707 0.99996394726378801 
1 50.759080607183705 -31.510452569929612 0.9999643717245249 -0.0084412843558469928 
1 50.759080607183705 -31.510452569929612 0.9999643717245249 -0.0084412843558469928 
1 52.682297607183727 -31.526687569929663 -0.0084891058008659537 -0.9999639668921585 
1 52.682297607183727 -31.526687569929663 -0.0084891058008659537 -0.9999639668921585 
1 52.674790607183809 -32.410965569929658 -0.99996382989089783 0.0085052283877527987 
1 52.674790607183809 -32.410965569929658 -0.99996382989089783 0.0085052283877527987 
1 59.343613607183784 -24.948440569929517 -0.76100545663962105 -0.64874547779905323 
1 59.343613607183784 -24.948440569929517 -0.76100545663962105 -0.64874547779905323 
1 57.606675607183774 -26.429153569929667 0.99996391177603083 -0.0084955956576712906 
1 57.606675607183774 -26.429153569929667 0.99996391177603083 -0.0084955956576712906 
1 59.330918607183776 -26.44380256992963 -0.0084971145526308058 -0.99996389887049408 
1 59.330918607183776 -26.44380256992963 -0.0084971145526308058 -0.99996389887049408 
1 59.311387607183747 -28.742264569929603 -0.99996302982409457 0.0085987781118613636 
1 59.311387607183747 -28.742264569929603 -0.99996302982409457 0.0085987781118613636 
1 58.700974607183753 -28.737015569929554 0.0084915466254271103 0.99996394616801476 
1 58.700974607183753 -28.737015569929554 0.0084915466254271103 0.99996394616801476 
1 58.714341607183769 -27.162918569929616 -0.99996406320666453 0.0084777529580526041 
1 58.714341607183769 -27.162918569929616 -0.99996406320666453 0.0084777529580526041 
1 54.65397760718372 -27.128494569929671 0.0085105944238352826 0.99996378423548571 
1 54.65397760718372 -27.128494569929671 0.0085105944238352826 0.99996378423548571 
1 54.66014260718373 -26.404129569929637 0.99996452631448518 -0.0084229515401313213 
1 54.66014260718373 -26.404129569929637 0.99996452631448518 -0.0084229515401313213 
1 56.022324607183805 -26.415603569929544 0.76103423425198069 0.64871171894494206 
1 56.022324607183805 -26.415603569929544 0.76103423425198069 0.64871171894494206 
1 58.309617607183782 -24.465896569929555 0.0084523679903930529 0.99996427809965049 
1 58.309617607183782 -24.465896569929555 0.0084523679903930529 0.99996427809965049 
1 58.312730607183767 -24.097610569929657 0.99996415646842685 -0.0084667454424755765 
1 58.312730607183767 -24.097610569929657 0.99996415646842685 -0.0084667454424755765 
1 59.350754607183717 -24.106399569929636 -0.0084802797278220651 -0.99996404178137221 
1 59.350754607183717 -24.106399569929636 -0.0084802797278220651 -0.99996404178137221 
1 33.922349607183719 13.391891430070473 0.99996398636673134 -0.0084868115070202959 
1 33.922349607183719 13.391891430070473 0.99996398636673134 -0.0084868115070202959 
1 42.767991607183717 13.316817430070387 -0.0084794060432413568 -0.99996404919034665 
1 42.767991607183717 13.316817430070387 -0.0084794060432413568 -0.99996404919034665 
1 42.758530607183729 12.201095430070382 -0.99996398782274865 0.0084866399491134205 
1 42.758530607183729 12.201095430070382 -0.99996398782274865 0.0084866399491134205 
1 33.912827607183772 12.276168430070356 0.0085340655778288529 0.99996358419930143 
1 33.912827607183772 12.276168430070356 0.0085340655778288529 0.99996358419930143 
1 23.89659260718372 -31.110672569929648 0.99996400318204759 -0.0084848300003100684 
1 23.89659260718372 -31.110672569929648 0.99996400318204759 -0.0084848300003100684 
1 25.421494607183718 -31.123611569929608 -0.00848757689074142 -0.99996397987053709 
1 25.421494607183718 -31.123611569929608 -0.00848757689074142 -0.99996397987053709 
1 25.412888607183731 -32.137527569929489 -0.99996403931106981 0.0084805710119881961 
1 25.412888607183731 -32.137527569929489 -0.99996403931106981 0.0084805710119881961 
1 19.900132607183764 -32.090774569929636 0.0084875768907395153 0.99996397987053709 
1 19.900132607183764 -32.090774569929636 0.0084875768907395153 0.99996397987053709 
1 19.90873860718375 -31.076858569929527 0.99996410307353656 -0.008473049293943876 
1 19.90873860718375 -31.076858569929527 0.99996410307353656 -0.008473049293943876 
1 23.020493607183766 -31.103225569929464 0.0084934835647673384 0.99996392971793491 
1 23.020493607183766 -31.103225569929464 0.0084934835647673384 0.99996392971793491 
1 23.114609607183752 -20.022659569929601 0.99996389014870801 -0.0084981408944938362 
1 23.114609607183752 -20.022659569929601 0.99996389014870801 -0.0084981408944938362 
1 23.990769607183779 -20.030105569929674 -0.0084989873356755043 -0.99996388295491356 
1 23.990769607183779 -20.030105569929674 -0.0084989873356755043 -0.99996388295491356 
1 58.337998607183749 -21.128250569929605 -0.74990482971712646 0.66154572507645126 
1 58.337998607183749 -21.128250569929605 -0.74990482971712646 0.66154572507645126 
1 56.084153607183794 -19.139969569929463 -0.99996376178485358 0.0085132318824682422 
1 56.084153607183794 -19.139969569929463 -0.99996376178485358 0.0085132318824682422 
1 54.721970607183721 -19.128372569929525 0.0084965347338924451 0.99996390379728994 
1 54.721970607183721 -19.128372569929525 0.0084965347338924451 0.99996390379728994 
1 54.731614607183815 -17.993362569929559 0.99996397805565507 -0.0084877907083836645 
1 54.731614607183815 -17.993362569929559 0.99996397805565507 -0.0084877907083836645 
1 62.137986607183734 -18.056228569929544 0.99996383696848534 -0.0085043962316264429 
1 62.137986607183734 -18.056228569929544 0.99996383696848534 -0.0085043962316264429 
1 69.544358607183767 -18.11921756992956 -0.0084965422191253352 -0.99996390373368915 
1 69.544358607183767 -18.11921756992956 -0.0084965422191253352 -0.99996390373368915 
1 69.534714607183787 -19.254226569929642 -0.99996390332805596 0.0084965899582304938 
1 69.534714607183787 -19.254226569929642 -0.99996390332805596 0.0084965899582304938 
1 65.72767760718375 -19.221878569929686 -0.008493277835545 -0.99996393146533458 
1 65.72767760718375 -19.221878569929686 -0.008493277835545 -0.99996393146533458 
1 65.709061607183742 -21.413650569929587 -0.99996340216637558 0.0085553683642147094 
1 65.709061607183742 -21.413650569929587 -0.99996340216637558 0.0085553683642147094 
1 64.781724607183776 -21.405716569929609 0.0084928177584896701 0.99996393537293193 
1 64.781724607183776 -21.405716569929609 0.0084928177584896701 0.99996393537293193 
1 64.800339607183787 -19.213943569929597 -0.99996396523754993 0.0084893007012412577 
1 64.800339607183787 -19.213943569929597 -0.99996396523754993 0.0084893007012412577 
1 57.668442607183806 -19.153396569929555 0.74990336861010398 -0.66154738133199398 
1 57.668442607183806 -19.153396569929555 0.74990336861010398 -0.66154738133199398 
1 59.3799906071838 -20.663284569929601 -0.0084989314073660172 -0.99996388343026321 
1 59.3799906071838 -20.663284569929601 -0.0084989314073660172 -0.99996388343026321 
1 59.374070607183739 -21.359817569929646 -0.99996415232462532 0.0084672348316127306 
1 59.374070607183739 -21.359817569929646 -0.99996415232462532 0.0084672348316127306 
1 58.336106607183751 -21.351028569929667 0.0084924533462849873 0.99996393846786358 
1 58.336106607183751 -21.351028569929667 0.0084924533462849873 0.99996393846786358 
1 -66.745680392816212 -21.571731569929625 -0.99996442791924955 0.0084346248362386165 
1 -66.745680392816212 -21.571731569929625 -0.99996442791924955 0.0084346248362386165 
1 -67.686293392816197 -21.563797569929648 0.0084867126308596254 0.99996398720589996 
1 -67.686293392816197 -21.563797569929648 0.0084867126308596254 0.99996398720589996 
1 -67.647169392816295 -16.953933569929632 0.99996398850344781 -0.0084865597432983945 
1 -67.647169392816295 -16.953933569929632 0.99996398850344781 -0.0084865597432983945 
1 -59.448500392816186 -17.023514569929603 0.99996386261705372 -0.0085013798869443616 
1 -59.448500392816186 -17.023514569929603 0.99996386261705372 -0.0085013798869443616 
1 -51.249892392816264 -17.093216569929609 -0.0084965744792600689 -0.99996390345957908 
1 -51.249892392816264 -17.093216569929609 -0.0084965744792600689 -0.99996390345957908 
1 -51.259535392816247 -18.228103569929544 -0.99996427501794882 0.0084527325657556829 
1 -51.259535392816247 -18.228103569929544 -0.99996427501794882 0.0084527325657556829 
1 -53.671095392816255 -18.207718569929511 -0.008500847036483428 -0.99996386714703966 
1 -53.671095392816255 -18.207718569929511 -0.008500847036483428 -0.99996386714703966 
1 -53.709730392816255 -22.752395569929604 -0.99996437944676031 0.0084403695212663249 
1 -53.709730392816255 -22.752395569929604 -0.99996437944676031 0.0084403695212663249 
1 -54.837721392816206 -22.742874569929654 0.0085006169870579639 0.99996386910269885 
1 -54.837721392816206 -22.742874569929654 0.0085006169870579639 0.99996386910269885 
1 -54.799086392816207 -18.198074569929531 -0.99996402456399636 0.0084823096957937112 
1 -54.799086392816207 -18.198074569929531 -0.99996402456399636 0.0084823096957937112 
1 -60.684889392816217 -18.148147569929506 -0.0084874243256655487 -0.99996398116547991 
1 -60.684889392816217 -18.148147569929506 -0.0084874243256655487 -0.99996398116547991 
1 -60.723463392816257 -22.692825569929482 -0.9999639426870548 0.0084919565331309406 
1 -60.723463392816257 -22.692825569929482 -0.9999639426870548 0.0084919565331309406 
1 -61.700941392816276 -22.684524569929636 0.008500847036483428 0.99996386714703966 
1 -61.700941392816276 -22.684524569929636 0.008500847036483428 0.99996386714703966 
1 -61.662306392816276 -18.139847569929543 -0.99996385862298653 0.0085018496709721759 
1 -61.662306392816276 -18.139847569929543 -0.99996385862298653 0.0085018496709721759 
1 -66.71620039281629 -18.096878569929686 -0.008483506825953219 -0.99996401440848559 
1 -66.71620039281629 -18.096878569929686 -0.008483506825953219 -0.99996401440848559 
1 -48.033217392816255 -22.80061356992951 -0.99996433839473631 0.008445231718405468 
1 -48.033217392816255 -22.80061356992951 -0.99996433839473631 0.008445231718405468 
1 -49.088331392816258 -22.791702569929612 0.0085006169870579639 0.99996386910269885 
1 -49.088331392816258 -22.791702569929612 0.0085006169870579639 0.99996386910269885 
1 -49.049696392816259 -18.246902569929489 -0.99996433242750515 0.0084459382435669028 
1 -49.049696392816259 -18.246902569929489 -0.99996433242750515 0.0084459382435669028 
1 -50.292616392816285 -18.236404569929618 0.0084956537797827875 0.99996391128222928 
1 -50.292616392816285 -18.236404569929618 0.0084956537797827875 0.99996391128222928 
1 -50.282973392816189 -17.101394569929653 0.99996398614458915 -0.0084868376810193456 
1 -50.282973392816189 -17.101394569929653 0.99996398614458915 -0.0084868376810193456 
1 -43.681105392816221 -17.157425569929501 0.99996382977151443 -0.0085052424236941506 
1 -43.681105392816221 -17.157425569929501 0.99996382977151443 -0.0085052424236941506 
1 -37.079298392816213 -17.213577569929612 0.99996398741909642 -0.008486687510526416 
1 -37.079298392816213 -17.213577569929612 0.99996398741909642 -0.008486687510526416 
1 -30.477431392816243 -17.269607569929576 -0.008495653779682635 -0.99996391128223017 
1 -30.477431392816243 -17.269607569929576 -0.008495653779682635 -0.99996391128223017 
1 -30.487074392816226 -18.404617569929542 -0.99996363807637101 0.0085277502935186735 
1 -30.487074392816226 -18.404617569929542 -0.99996363807637101 0.0085277502935186735 
1 -32.147475392816204 -18.390457569929595 -0.71308073988247478 -0.70108191989856827 
1 -32.147475392816204 -18.390457569929595 -0.71308073988247478 -0.70108191989856827 
1 -35.110914392816198 -21.304031569929521 -0.0085117022895569005 -0.99996377480593468 
1 -35.110914392816198 -21.304031569929521 -0.0085117022895569005 -0.99996377480593468 
1 -35.124586392816241 -22.910232569929576 -0.99996392860748295 0.0084936143006819481 
1 -35.124586392816241 -22.910232569929576 -0.99996392860748295 0.0084936143006819481 
1 -36.374892392816264 -22.899612569929559 0.008487644339479964 0.99996397929803782 
1 -36.374892392816264 -22.899612569929559 0.008487644339479964 0.99996397929803782 
1 -36.336317392816227 -18.354934569929583 -0.9999639377288656 0.0084925403609022957 
1 -36.336317392816227 -18.354934569929583 -0.9999639377288656 0.0084925403609022957 
1 -40.74885439281627 -18.317459569929497 -0.0084874243256405357 -0.99996398116548002 
1 -40.74885439281627 -18.317459569929497 -0.0084874243256405357 -0.99996398116548002 
1 -40.787428392816196 -22.862137569929473 -0.99996461346462129 0.00841259879886418 
1 -40.787428392816196 -22.862137569929473 -0.99996461346462129 0.00841259879886418 
1 -41.846754392816251 -22.853225569929464 0.0085006188573289281 0.99996386908679979 
1 -41.846754392816251 -22.853225569929464 0.0085006188573289281 0.99996386908679979 
1 -41.808119392816252 -18.308426569929679 -0.99996400588088119 0.0084845119282780344 
1 -41.808119392816252 -18.308426569929679 -0.99996400588088119 0.0084845119282780344 
1 -47.994581392816258 -18.255935569929534 -0.0085010651798520763 -0.99996386529254544 
1 -47.994581392816258 -18.255935569929534 -0.0085010651798520763 -0.99996386529254544 
Curves 473
1 -1146.9857179999999 -0 -556.60022000000004 0.0085015901525420223 0 -0.99996386082941924 
1 -1146.932495 -0 -562.86035200000003 -0.99996392201733242 0 -0.0084943901319866309 
1 -1159.1757809999999 -0 -562.96435499999995 -0.0084872743442479456 0 0.9999639824384704 
1 -1159.2307129999999 -0 -556.49230999999997 -0.99996398853678825 0 -0.0084865558148052543 
1 -1160.244751 -0 -556.50091599999996 0.0085061226045227856 0 -0.99996382228470482 
1 -1160.189697 -0 -562.97296100000005 -0.99996390286078063 0 -0.0084966449517094901 
1 -1165.6561280000001 -0 -563.019409 0.008525043783589795 0 -0.99996366115398805 
1 -1165.6442870000001 -0 -564.40832499999999 0.99996391955931385 0 0.0084946794862571194 
1 -1146.920654 -0 -564.24926800000003 0.0084812430349805561 0 -0.99996403361150032 
1 -1146.8564449999999 -0 -571.81970200000001 0.0084973554949400558 0 -0.99996389682307663 
1 -1146.7921140000001 -0 -579.39013699999998 -0.99996393100433389 0 -0.008493332111701812 
1 -1152.195923 -0 -579.43603499999995 0.0084390408168993469 0 -0.99996439066103293 
1 -1152.1865230000001 -0 -580.54986599999995 0.99996393104791426 0 0.0084933269807584109 
1 -1146.7825929999999 -0 -580.50396699999999 0.0083852618018900055 0 -0.99996484307425215 
1 -1146.778564 -0 -580.98443599999996 0.99996390373368904 0 0.0084965422191270353 
1 -1145.6435550000001 -0 -580.97479199999998 -0.0084875324375886622 0 0.99996398024784927 
1 -1145.715942 -0 -572.44647199999997 -0.0085019534122502856 0 0.99996385774095664 
1 -1145.788452 -0 -563.91815199999996 -0.0084877103864800657 0 0.99996397873743204 
1 -1145.8608400000001 -0 -555.38989300000003 -0.0085019524154141147 0 0.99996385774943186 
1 -1145.93335 -0 -546.86157200000002 -0.0084875931419107192 0 0.99996397973259887 
1 -1146.005737 -0 -538.33331299999998 -0.0085019534122502856 0 0.99996385774095664 
1 -1146.0782469999999 -0 -529.80499299999997 -0.0084877093913065006 0 0.99996397874587906 
1 -1146.150635 -0 -521.27673300000004 -0.99996390379729072 0 -0.0084965347337922908 
1 -1147.2856449999999 -0 -521.28637700000002 0.0084795878777919956 0 -0.99996404764842561 
1 -1147.2738039999999 -0 -522.68273899999997 -0.64871171894494206 0 -0.76103423425198069 
1 -1149.2235109999999 -0 -524.97003199999995 -0.99996384891832946 0 -0.0085029910290758386 
1 -1152.5611570000001 -0 -524.99841300000003 -0.66154572507638987 0 0.74990482971718053 
1 -1154.549438 -0 -522.74456799999996 -0.0085665740483860352 0 0.99996330623132046 
1 -1154.5614009999999 -0 -521.34814500000005 -0.99996379608267993 0 -0.0085092023078819426 
1 -1155.2857670000001 -0 -521.35430899999994 0.0084873265347870375 0 -0.99996398199549763 
1 -1155.2540280000001 -0 -525.09375 -0.99996385331318283 0 -0.008502474172347535 
1 -1159.6687010000001 -0 -525.13128700000004 -0.008450814767201156 0 0.999964291227327 
1 -1159.677246 -0 -524.12017800000001 -0.99996395721065345 0 -0.0084902461454572122 
1 -1160.5615230000001 -0 -524.12768600000004 0.0085714697258481697 0 -0.99996326427861282 
1 -1160.552856 -0 -525.13879399999996 -0.99996391585934929 0 -0.008495115021956514 
1 -1173.6501459999999 -0 -525.25006099999996 -0.0084969052595324571 0 0.99996390064892371 
1 -1173.694092 -0 -520.07824700000003 -0.0084731250700099073 0 0.99996410243145617 
1 -1173.7379149999999 -0 -514.90643299999999 0.99996391518713568 0 0.0084951941481643169 
1 -1160.6407469999999 -0 -514.79516599999999 0.0084508231245786266 0 -0.99996429115669783 
1 -1160.632202 -0 -515.80627400000003 0.99996396681066435 0 0.0084891154003542586 
1 -1159.7479249999999 -0 -515.798767 -0.008450823124803478 0 0.99996429115669583 
1 -1159.75647 -0 -514.78765899999996 0.99996396517174535 0 0.0084893084524342299 
1 -1158.419189 -0 -514.77630599999998 -0.0083989488438094787 0 0.99996472820710991 
1 -1158.4243160000001 -0 -514.16589399999998 -0.99996387676400855 0 -0.0084997157066973219 
1 -1163.544067 -0 -514.20941200000004 -0.0084291442272674162 0 0.99996447413275424 
1 -1163.551025 -0 -513.38397199999997 -0.9999640799229238 0 -0.0084757810200900285 
1 -1164.494385 -0 -513.39196800000002 0.0084796660191590999 0 -0.99996404698579222 
1 -1164.4876710000001 -0 -514.183716 -0.99996393147140905 0 -0.008493277120346733 
1 -1173.6857910000001 -0 -514.261841 -0.0084712576535711497 0 0.99996411825313347 
1 -1173.7052000000001 -0 -511.97076399999997 0.99996393051464627 0 0.0084933897649744992 
1 -1164.507202 -0 -511.89263899999997 0.0085346673885645079 0 -0.9999635790630409 
1 -1164.500732 -0 -512.65069600000004 0.99996407984677427 0 0.0084757900041279935 
1 -1163.5573730000001 -0 -512.64269999999999 -0.0084928074860565021 0 0.99996393546017681 
1 -1163.5706789999999 -0 -511.07601899999997 -0.99996394062769234 0 -0.0084921990283267374 
1 -1173.830078 -0 -511.16314699999998 -0.0084803638944976594 0 0.99996404106758607 
1 -1173.849365 -0 -508.88891599999999 0.99996391579276356 0 0.0084951228597945645 
1 -1163.589966 -0 -508.80175800000001 -0.008489286076180132 0 0.99996396536171073 
1 -1163.6866460000001 -0 -497.41369600000002 0.99996385770216933 0 0.0085019579742238796 
1 -1161.1597899999999 -0 -497.39221199999997 0.0084892860761401189 0 -0.99996396536171106 
1 -1161.1114500000001 -0 -503.08624300000002 0.0085106648634018199 0 -0.99996378363597893 
1 -1161.0629879999999 -0 -508.780304 0.99996390848063077 0 0.0084959835299177264 
1 -1152.331177 -0 -508.70611600000001 -0.0085553591391612487 0 0.99996340224530211 
1 -1152.339111 -0 -507.77877799999999 -0.99996385132123333 0 -0.0085027084394475039 
1 -1154.130005 -0 -507.79400600000002 -0.0084850541026345542 0 0.99996400128048391 
1 -1154.2080080000001 -0 -498.60134900000003 0.99996392570307813 0 0.0084939562330289247 
1 -1147.47876 -0 -498.54418900000002 0.0084668536897636714 0 -0.999964155551886 
1 -1147.4445800000001 -0 -502.580963 0.99996391128223006 0 0.0084956537796809315 
1 -1146.3095699999999 -0 -502.57132000000001 -0.008497014179215466 0 0.99996389972340416 
1 -1146.3422849999999 -0 -498.72128300000003 0.99996394950370926 0 0.0084911538051918155 
1 -1140.6854249999999 -0 -498.673248 0.0084869744188240236 0 -0.99996398498406636 
1 -1140.6048579999999 -0 -508.16592400000002 0.008499692848806294 0 -0.99996387695830091 
1 -1140.5241699999999 -0 -517.65863000000002 0.0084868690858208914 0 -0.99996398587805158 
1 -1140.4436040000001 -0 -527.15130599999998 0.0084997704260427014 0 -0.99996387629889139 
1 -1140.3629149999999 -0 -536.64404300000001 0.0084868690858208914 0 -0.99996398587805158 
1 -1140.2823490000001 -0 -546.13671899999997 0.0084998250416786613 0 -0.99996387583465274 
1 -1140.2016599999999 -0 -555.62939500000005 0.0084868699798004883 0 -0.9999639858704642 
1 -1140.1210940000001 -0 -565.12207000000001 0.0084997704260427014 0 -0.99996387629889139 
1 -1140.040405 -0 -574.61480700000004 0.0084868690858208914 0 -0.99996398587805158 
1 -1139.9598390000001 -0 -584.107483 0.0084998250416787619 0 -0.99996387583465274 
1 -1139.87915 -0 -593.60015899999996 0.0084868699798243373 0 -0.99996398587046398 
1 -1139.7985839999999 -0 -603.09283400000004 0.0084997450674458973 0 -0.99996387651444119 
1 -1139.637207 -0 -622.07824700000003 0.008486869085844841 0 -0.99996398587805135 
1 -1139.5566409999999 -0 -631.57092299999999 0.0084997704260187518 0 -0.99996387629889161 
1 -1139.475952 -0 -641.06366000000003 0.99995973746505129 0 0.0089734858792778725 
1 -1120.1870120000001 -0 -640.89056400000004 -0.0084955446044814344 0 0.99996391220977232 
1 -1120.505371 -0 -603.418274 -0.0084825773543452439 0 0.999964022293516 
1 -1120.5848390000001 -0 -594.05023200000005 -0.0084955534989834772 0 0.99996391213420599 
1 -1121.0623780000001 -0 -537.84179700000004 -0.0084825773543208728 0 0.99996402229351622 
1 -1121.141846 -0 -528.47375499999998 -0.0084955355588549764 0 0.99996391228662251 
1 -1121.380615 -0 -500.36953699999998 0.99996392581890992 0 0.0084939425965588379 
1 -1116.2358400000001 -0 -500.32583599999998 0.0084267732229032326 0 -0.99996449411619093 
1 -1116.2242429999999 -0 -501.70199600000001 0.99996388827503335 0 0.0084983613642084753 
1 -1115.0535890000001 -0 -501.692047 -0.0085154161625535969 0 0.99996374318651104 
1 -1115.065308 -0 -500.31588699999998 0.99996392658087307 0 0.008493852892649565 
1 -1093.6990969999999 -0 -500.13439899999997 0.0085001878525288021 0 -0.99996387275064669 
1 -1093.6759030000001 -0 -502.86294600000002 0.99996398250804797 0 0.0084872661466703497 
1 -1092.759033 -0 -502.855164 -0.008500187852528979 0 0.99996387275064669 
1 -1092.7822269999999 -0 -500.12661700000001 0.99996392177743965 0 0.0084944183722406343 
1 -1085.395996 -0 -500.063873 0.0084854654576754663 0 -0.99996399778990375 
1 -1085.3514399999999 -0 -505.31454500000001 -0.99996392177743965 0 -0.0084944183722403723 
1 -1092.7376710000001 -0 -505.37728900000002 -0.0084191397145517051 0 0.99996455841518039 
1 -1092.7479249999999 -0 -504.15939300000002 -0.99996398250804841 0 -0.0084872661466083594 
1 -1093.6647949999999 -0 -504.16717499999999 0.008519301693949018 0 -0.99996371009084495 
1 -1093.654419 -0 -505.38507099999998 -0.99996392699280223 0 -0.0084938043969487818 
1 -1115.0207519999999 -0 -505.56655899999998 -0.0084255087784394344 0 0.99996450477095666 
1 -1115.030518 -0 -504.40750100000002 -0.9999638882750338 0 -0.0084983613641582724 
1 -1116.201172 -0 -504.41744999999997 0.0085066718323632672 0 -0.99996381761258557 
1 -1116.1317140000001 -0 -512.58227499999998 0.0084917625052945769 0 -0.99996394433477132 
1 -1116.0623780000001 -0 -520.74707000000001 0.99996405685375267 0 0.008478502260709465 
1 -1114.946655 -0 -520.73761000000002 -0.0085242719094973263 0 0.99996366773418977 
1 -1114.9610600000001 -0 -519.04779099999996 0.97189263167362661 0 0.23542453673844677 
1 -1100.3917240000001 -0 -515.51861599999995 0.29267805990057094 0 -0.95621104012285796 
1 -1099.8549800000001 -0 -517.27221699999996 0.94130112024152768 0 0.33756806873880268 
1 -1093.2136230000001 -0 -514.89050299999997 0.36101730100100515 0 -0.93255911789974444 
1 -1091.9436040000001 -0 -518.17114300000003 -0.9325558461837965 0 -0.36102575219563382 
1 -1098.8061520000001 -0 -520.82788100000005 -0.36107786579526979 0 0.93253566946939526 
1 -1099.441284 -0 -519.18756099999996 -0.93253811614226767 0 -0.36107154684609311 
1 -1100.2847899999999 -0 -519.51415999999995 -0.92415591182442125 0 -0.38201551099395481 
1 -1105.821655 -0 -521.80291699999998 0.40085119460805629 0 -0.91614317646386145 
1 -1105.393433 -0 -522.78161599999999 0.91611919354259863 0 0.40090600297683077 
1 -1099.943115 -0 -520.39648399999999 0.36100926636994601 0 -0.93256222826953128 
1 -1097.748413 -0 -526.06585700000005 -0.92407056308228563 0 -0.38222191779748532 
1 -1105.409302 -0 -529.23461899999995 -0.40092067076215759 0 0.91611277458379625 
1 -1107.7768550000001 -0 -523.82470699999999 0.91609966605926552 0 0.4009506227032229 
1 -1107.1511230000001 -0 -523.55084199999999 -0.40089720767377063 0 0.9161230424344613 
1 -1107.5952150000001 -0 -522.53601100000003 -0.92415713999607896 0 -0.38201253983903144 
1 -1114.9057620000001 -0 -525.55792199999996 -0.0084958166596582844 0 0.9999639098983949 
1 -1114.9361570000001 -0 -521.98040800000001 -0.99996359184725347 0 -0.0085331693959238616 
1 -1116.05188 -0 -521.98992899999996 0.0084896394254842383 0 -0.99996396236185692 
1 -1115.9888920000001 -0 -529.40905799999996 0.99996359216141484 0 0.0085331325806970258 
1 -1114.873047 -0 -529.39953600000001 -0.0085339373900900628 0 0.99996358529329554 
1 -1114.894043 -0 -526.93933100000004 0.91611615441685412 0 0.4009129476787634 
1 -1108.8450929999999 -0 -524.29217500000004 0.40091513174139404 0 -0.91611519861902779 
1 -1106.487061 -0 -529.68042000000003 -0.92406987373549809 0 -0.38222358437760062 
1 -1112.896606 -0 -532.33160399999997 0.0084909010458889076 0 -0.99996395164997276 
1 -1112.802856 -0 -543.37243699999999 -0.9999638161138521 0 -0.0085068480074694565 
1 -1114.7542719999999 -0 -543.38903800000003 -0.0084874103003622636 0 0.99996398128452268 
1 -1114.7738039999999 -0 -541.08783000000005 -0.99996405678932576 0 -0.0084785098592812629 
1 -1115.8895259999999 -0 -541.09729000000004 0.0084920306763151994 0 -0.99996394205740868 
1 -1115.7493899999999 -0 -557.59875499999998 0.99996381322808792 0 0.0085071872167997616 
1 -1114.5512699999999 -0 -557.58856200000002 -0.0084869629418133641 0 0.99996398508147488 
1 -1114.6645510000001 -0 -544.24139400000001 0.99996391812188556 0 0.0084948486936015834 
1 -1105.5471190000001 -0 -544.16394000000003 0.0084952081193021192 0 -0.99996391506844373 
1 -1105.3862300000001 -0 -563.10205099999996 0.0084822730891302676 0 -0.99996402487451586 
1 -1105.305908 -0 -572.57110599999999 -0.99996391812188556 0 -0.0084948486936015834 
1 -1114.4233400000001 -0 -572.64855999999997 -0.0084896295378542388 0 0.99996396244580232 
1 -1114.5354 -0 -559.44940199999996 -0.99996382065646838 0 -0.008506314014789183 
1 -1115.733643 -0 -559.45959500000004 0.008500337856576428 0 -0.99996387147552679 
1 -1115.6103519999999 -0 -573.96331799999996 0.9999642450880214 0 0.0084562725561369585 
1 -1114.412231 -0 -573.95318599999996 -0.0084090870861744486 0 0.99996464300212984 
1 -1114.416138 -0 -573.48858600000005 0.99996391871514734 0 0.008494778858005609 
1 -1105.3131100000001 -0 -573.41125499999998 0.0085270064046833738 0 -0.99996364442002306 
1 -1105.300293 -0 -574.91430700000001 -0.99996390730179352 0 -0.0084961222760722137 
1 -1115.6015620000001 -0 -575.00183100000004 0.0084870729453710037 0 -0.99996398414783927 
1 -1115.549683 -0 -581.11431900000002 0.99996367439301259 0 0.0085234907417648786 
1 -1114.482788 -0 -581.10522500000002 -0.0085051416234042283 0 0.99996383062887118 
1 -1114.529053 -0 -575.66577099999995 0.99996395144725614 0 0.0084909249195585287 
1 -1102.2375489999999 -0 -575.56140100000005 0.0085097860350721467 0 -0.999963791115277 
1 -1102.1889650000001 -0 -581.27038600000003 0.0084883293235452541 0 -0.99996397348369259 
1 -1102.1405030000001 -0 -586.97943099999998 -0.99996395144725614 0 -0.0084909249195677782 
1 -1114.4320070000001 -0 -587.08380099999999 -0.0084975379501196213 0 0.99996389527261742 
1 -1114.4652100000001 -0 -583.17657499999996 -0.99996367432492028 0 -0.0085234987302552617 
1 -1115.5321039999999 -0 -583.18566899999996 0.0084913997612996953 0 -0.9999639474151526 
1 -1115.4907229999999 -0 -588.05877699999996 0.0085165309889663945 0 -0.99996373369233449 
1 -1115.4492190000001 -0 -592.93194600000004 0.99996380252383477 0 0.0085084453381881996 
1 -1114.236938 -0 -592.92163100000005 -0.0084886252923384101 0 0.99996397097127765 
1 -1114.2799070000001 -0 -587.85986300000002 0.99996402185347788 0 0.0084826292278469655 
1 -1109.2650149999999 -0 -587.81732199999999 0.99996390906753285 0 0.0084959144521993355 
1 -1097.2967530000001 -0 -587.71563700000002 0.0084918579377146822 0 -0.99996394352434814 
1 -1097.2727050000001 -0 -590.54742399999998 -0.99996382086495794 0 -0.0085062895056680545 
1 -1101.204712 -0 -590.580872 -0.99996395218438361 0 -0.0084908381086911278 
1 -1109.240967 -0 -590.64910899999995 0.0085136108360971217 0 -0.99996375855854458 
1 -1109.227783 -0 -592.197632 0.99996399719991247 0 0.0084855349845083822 
1 -1108.2136230000001 -0 -592.18902600000001 -0.0086109830685306039 0 0.99996292479801141 
1 -1108.2211910000001 -0 -591.31018099999994 0.99996395340078637 0 0.0084906948520196927 
1 -1102.0104980000001 -0 -591.25744599999996 0.0085403305906534069 0 -0.99996353071169675 
1 -1101.9925539999999 -0 -593.35845900000004 0.99996388782273204 0 0.008498414584282292 
1 -1100.9655760000001 -0 -593.34973100000002 -0.0084822696727027171 0 0.99996402490349601 
1 -1100.9833980000001 -0 -591.24871800000005 0.99996392423660185 0 0.0084941288744538931 
1 -1095.005249 -0 -591.19793700000002 -0.008566489405300793 0 0.99996330695644486 
1 -1095.010986 -0 -590.52825900000005 -0.99996394092704477 0 -0.0084921637792587448 
1 -1096.362183 -0 -590.53973399999995 -0.0084762423786381436 0 0.99996407601230286 
1 -1096.394043 -0 -586.78112799999997 -0.99996391818413266 0 -0.0084948413662169157 
1 -1101.236572 -0 -586.82226600000001 -0.0084997707864933863 0 0.9999638762958275 
1 -1101.2495120000001 -0 -585.29992700000003 0.99996388789274626 0 0.0084984063460969757 
1 -1093.3854980000001 -0 -585.23309300000005 0.0084924179491155608 0 -0.99996393876848266 
1 -1093.334961 -0 -591.183716 0.0084833097069981524 0 -0.99996401608078633 
1 -1093.2891850000001 -0 -596.57952899999998 -0.99996395796380655 0 -0.0084901574401459942 
1 -1096.3515620000001 -0 -596.60553000000004 0.0083938884558788264 0 -0.99996477069774325 
1 -1096.3454589999999 -0 -597.332581 0.99996402105767268 0 0.0084827230398259144 
1 -1093.3594969999999 -0 -597.30725099999995 0.0085062400752723994 0 -0.99996382128544115 
1 -1093.337524 -0 -599.89031999999997 -0.99996391079134705 0 -0.0084957115578860268 
1 -1100.9094239999999 -0 -599.95465100000001 -0.0086421063592066315 0 0.99996265630156211 
1 -1100.9151609999999 -0 -599.29083300000002 -0.99996388782273204 0 -0.0084984145842804098 
1 -1101.942139 -0 -599.29956100000004 0.0084598474740308228 0 -0.99996421485006959 
1 -1101.9365230000001 -0 -599.96337900000003 -0.99996392850492621 0 -0.0084936263748043427 
1 -1107.9941409999999 -0 -600.01483199999996 -0.0085058529809456298 0 0.99996382457820265 
1 -1108.0161129999999 -0 -597.43176300000005 0.99996384291795526 0 0.0085036966523425774 
1 -1101.958496 -0 -597.38024900000005 0.0085589126375704844 0 -0.99996337183642003 
1 -1101.9487300000001 -0 -598.52124000000003 0.99996388775240885 0 0.0084984228588588558 
1 -1100.9217530000001 -0 -598.51251200000002 -0.0084515751169722455 0 0.99996428480123356 
1 -1100.9313959999999 -0 -597.37158199999999 0.99996378966807808 0 0.0085099560901159485 
1 -1097.962158 -0 -597.34631300000001 -0.0085630585682338559 0 0.99996333634186652 
1 -1097.968384 -0 -596.61926300000005 -0.99996396713178259 0 -0.0084890775745834583 
1 -1100.9376219999999 -0 -596.64446999999996 -0.0084947656803058113 0 0.9999639188270929 
1 -1100.9544679999999 -0 -594.66143799999998 -0.99996388775240885 0 -0.0084984228588588558 
1 -1101.9814449999999 -0 -594.67016599999999 0.0084942614565323357 0 -0.99996392311038307 
1 -1101.9646 -0 -596.65319799999997 -0.99996395340078637 0 -0.0084906948520196927 
1 -1108.175293 -0 -596.70593299999996 -0.0085515077187549911 0 0.99996343518937536 
1 -1108.1820070000001 -0 -595.92083700000001 -0.99996398853678825 0 -0.0084865558148071556 
1 -1109.1960449999999 -0 -595.92944299999999 0.0084817657826069415 0 -0.99996402917765448 
1 -1109.162476 -0 -599.88708499999996 -0.99996391691237363 0 -0.0084949910690634498 
1 -1114.1773679999999 -0 -599.92968800000006 -0.0084954816570714832 0 0.99996391274456209 
1 -1114.2185059999999 -0 -595.08752400000003 -0.99996380974823462 0 -0.0085075962408042143 
1 -1115.430908 -0 -595.09783900000002 0.0084932353570045718 0 -0.99996393182612875 
1 -1115.3398440000001 -0 -605.81939699999998 0.99996380980793131 0 0.0085075892241773324 
1 -1114.1274410000001 -0 -605.80908199999999 0.93103577548554828 0 0.36492791721931012 
1 -1101.7928469999999 -0 -600.97442599999999 0.0084880282481015444 0 -0.99996397603936682 
1 -1101.692749 -0 -612.76684599999999 -0.99996393352121427 0 -0.0084930357811741804 
1 -1114.0673830000001 -0 -612.87194799999997 -0.0084938051320439696 0 0.99996392698655834 
1 -1114.106689 -0 -608.244507 -0.99996380980793131 0 -0.0085075892241773324 
1 -1115.319092 -0 -608.25482199999999 0.0084980691809708325 0 -0.99996389075815895 
1 -1115.2723390000001 -0 -613.75622599999997 0.0084758969603248111 0 -0.99996407894019768 
1 -1115.2257079999999 -0 -619.25762899999995 0.99996391057866851 0 0.0084957365905880423 
1 -1114.0548100000001 -0 -619.24768099999994 -0.0085068859746444993 0 0.9999638157908588 
1 -1114.0979 -0 -614.18255599999998 0.99996389417216813 0 0.0084976674466014437 
1 -1106.3194579999999 -0 -614.11645499999997 0.0084882123135263318 0 -0.99996397447694119 
1 -1106.276245 -0 -619.20721400000002 0.99996356668411124 0 0.0085361176415900703 
1 -1105.1323239999999 -0 -619.19744900000001 -0.0085039334564281019 0 0.99996384090414425 
1 -1105.1761469999999 -0 -614.04437299999995 0.99996394845186665 0 0.0084912776749179828 
1 -1101.661255 -0 -614.01452600000005 0.00846896135740219 0 -0.99996413770371129 
1 -1101.628052 -0 -617.93493699999999 0.97152241571787012 0 0.23694766459645464 
1 -1092.637939 -0 -615.74230999999997 0.20014470846091956 0 -0.97976634749061153 
1 -1090.8012699999999 -0 -624.73333700000001 -0.99955383601841252 0 -0.029868526928463011 
1 -1096.544922 -0 -624.90496800000005 0.0095434432859386603 0 0.99995446030819224 
1 -1096.494385 -0 -619.60974099999999 -0.96684610627310097 0 -0.25535975952476092 
1 -1105.1094969999999 -0 -621.885132 -0.0085132063473282327 0 0.99996376200224768 
1 -1105.1206050000001 -0 -620.58038299999998 -0.99996401300576931 0 -0.0084836721646649824 
1 -1106.2645259999999 -0 -620.59008800000004 0.0085218396681426486 0 -0.99996368846507155 
1 -1106.253052 -0 -621.93646200000001 -0.99996389417216813 0 -0.0084976674466014437 
1 -1114.0314940000001 -0 -622.00256300000001 -0.008409705241409219 0 0.99996463780363365 
1 -1114.040039 -0 -620.98651099999995 -0.99996390338473617 0 -0.0084965832875261108 
1 -1115.2109379999999 -0 -620.99645999999996 0.0084919553134051272 0 -0.99996394269741307 
1 -1115.166138 -0 -626.27185099999997 0.008515080666984946 0 -0.99996374604344263 
1 -1115.121216 -0 -631.54724099999999 0.99996359413157465 0 0.0085329017024379401 
1 -1114.098389 -0 -631.53851299999997 -0.0091122029249451307 0 0.99995848301709733 
1 -1114.1204829999999 -0 -629.11395300000004 0.97733793038012795 0 0.21168507231330244 
1 -1105.5288089999999 -0 -627.25305200000003 0.008466980141530531 0 -0.99996415448119091 
1 -1105.5170900000001 -0 -628.63708499999996 0.99996382966587294 0 0.0085052548439694883 
1 -1104.4263920000001 -0 -628.62780799999996 -0.008564541649986275 0 0.99996332364058516 
1 -1104.440186 -0 -627.01727300000005 0.97734013889070182 0 0.21167487548857444 
1 -1099.3608400000001 -0 -625.91717500000004 0.99994402997621645 0 -0.010580024334720531 
1 -1099.072388 -0 -625.92022699999995 0.0084520422454080913 0 -0.99996428085301226 
1 -1099.057129 -0 -627.72552499999995 0.99996382218095492 0 0.008506134801173593 
1 -1097.909058 -0 -627.71575900000005 -0.0084877912227423122 0 0.99996397805128923 
1 -1097.9241939999999 -0 -625.93255599999998 0.99994230637782244 0 -0.010741690546693666 
1 -1090.958374 -0 -626.007385 0.0084944360519660055 0 -0.99996392162725511 
1 -1090.946533 -0 -627.40130599999998 0.99996386550039529 0 0.0085010407308390955 
1 -1089.7116699999999 -0 -627.39080799999999 -0.01211995482487925 0 0.99992655065011793 
1 -1089.7510990000001 -0 -624.13781700000004 0.97812622533332305 0 0.20801222876356365 
1 -1081.6320800000001 -0 -622.41119400000002 0.20995639375644806 0 -0.97771075105103933 
1 -1081.015625 -0 -625.28186000000005 0.97771315535849557 0 0.2099451972275963 
1 -1080.173706 -0 -625.10107400000004 -0.20999219313786491 0 0.97770306270418816 
1 -1080.7899170000001 -0 -622.23205599999994 0.97812871723099548 0 0.20800051088410162 
1 -1079.216187 -0 -621.89739999999995 -0.20793020734879916 0 0.97814366474045378 
1 -1079.4406739999999 -0 -620.84136999999998 -0.97812611688234108 0 -0.20801273872691761 
1 -1081.0166019999999 -0 -621.176514 -0.20996252611913177 0 0.9777094341498771 
1 -1081.97937 -0 -616.69329800000003 -0.97770690934222171 0 -0.20997428276929667 
1 -1082.8211670000001 -0 -616.87408400000004 0.2099600041908869 0 -0.97770997572908225 
1 -1081.8587649999999 -0 -621.35565199999996 -0.97812675591381326 0 -0.208009733823971 
1 -1089.830078 -0 -623.05084199999999 -0.22470814064308009 0 0.97442611394026679 
1 -1091.3720699999999 -0 -616.36413600000003 0.97770974447805037 0 0.20996108104281017 
1 -1078.221313 -0 -613.54003899999998 0.20800623060998033 0 -0.97812750090539202 
1 -1076.7885739999999 -0 -620.27734399999997 -0.97811840696863972 0 -0.20804898930091067 
1 -1078.2155760000001 -0 -620.580872 0.20804981747092363 0 -0.97811823081379856 
1 -1077.990967 -0 -621.636841 0.97812691473885238 0 0.2080089869776158 
1 -1076.5639650000001 -0 -621.33337400000005 0.20800873975797371 0 -0.97812696731267956 
1 -1074.4536129999999 -0 -631.25695800000005 -0.97747259541505227 0 -0.21106237280141063 
1 -1078.6568600000001 -0 -632.16455099999996 -0.20996510616005409 0 0.97770888008404477 
1 -1079.8332519999999 -0 -626.686646 -0.97770690934222171 0 -0.20997428276929667 
1 -1080.6750489999999 -0 -626.86743200000001 0.20995239780134176 0 -0.97771160914528732 
1 -1079.4985349999999 -0 -632.34625200000005 -0.97747304281033109 0 -0.21106030081261784 
1 -1089.650879 -0 -634.53839100000005 -0.0085087867441247939 0 0.99996379961883763 
1 -1089.6982419999999 -0 -628.97222899999997 -0.99996386550039529 0 -0.0085010407308390955 
1 -1090.9331050000001 -0 -628.98272699999995 0.0084915137769984855 0 -0.99996394644695807 
1 -1090.8836670000001 -0 -634.80456500000003 -0.97747218519724788 0 -0.2110642725941958 
1 -1097.8360600000001 -0 -636.30578600000001 -0.0084918212180831697 0 0.99996394383617659 
1 -1097.8955080000001 -0 -629.30542000000003 -0.99996382218095392 0 -0.0085061348012742902 
1 -1099.0435789999999 -0 -629.31518600000004 0.0084996495078185803 0 -0.99996387732669834 
1 -1098.9820560000001 -0 -636.553223 -0.97747427311901613 0 -0.21105460286487726 
1 -1104.3492429999999 -0 -637.71209699999997 -0.0084920520139916758 0 0.99996394187620175 
1 -1104.4144289999999 -0 -630.03625499999998 -0.99996382966587294 0 -0.0085052548439694883 
1 -1105.5051269999999 -0 -630.04553199999998 0.008496501507465273 0 -0.99996390407960911 
1 -1105.4379879999999 -0 -637.94720500000005 -0.97747430877547592 0 -0.21105443772616034 
1 -1112.6273189999999 -0 -639.49951199999998 -0.99996377141043435 0 -0.008512101187167 
1 -1114.025513 -0 -639.51141399999995 -0.0091450320329392078 0 0.99995818332024078 
1 -1114.0798339999999 -0 -633.57171600000004 -0.99996419528908276 0 -0.0084621592904645694 
1 -1115.104004 -0 -633.58038299999998 0.0085000947557788715 0 -0.99996387354201099 
1 -1115.042236 -0 -640.84686299999998 0.99996400495284665 0 0.0084846213034565805 
1 -1113.2294919999999 -0 -640.83148200000005 0.0084963006915510161 0 -0.99996390578588323 
1 -1113.1801760000001 -0 -646.63568099999998 -0.999961840522543 0 -0.0087359887115362068 
1 -1151.1999510000001 -0 -646.96783400000004 -0.0085076030365608263 0 0.99996380969041676 
1 -1151.2186280000001 -0 -644.77258300000005 -0.99996372692623126 0 -0.0085173253901464907 
1 -1152.099976 -0 -644.78008999999997 0.0083732645160204434 0 -0.99996494360619692 
1 -1152.09375 -0 -645.52362100000005 -0.7611761890130514 0 -0.64854514821989651 
1 -1153.9936520000001 -0 -647.14239499999996 -0.99996395141017991 0 -0.0084909292859650393 
1 -1157.803345 -0 -647.17474400000003 -0.77208755291099851 0 0.63551617653676284 
1 -1159.7304690000001 -0 -645.58850099999995 -0.0084822073716393741 0 0.9999640254319675 
1 -1159.753784 -0 -642.83990500000004 0.76117599123435931 0 0.64854538034619502 
1 -1157.8538820000001 -0 -641.22113000000002 0.99996395363875479 0 0.0084906668260080632 
1 -1154.044189 -0 -641.18878199999995 0.77207575786704996 0 -0.63553050604516237 
1 -1152.1170649999999 -0 -642.77508499999999 0.0084785668828162419 0 -0.99996405630583218 
1 -1152.1104740000001 -0 -643.55242899999996 0.99996373696575169 0 0.0085161466338278778 
1 -1151.229004 -0 -643.54492200000004 -0.0084882098054955678 0 0.9999639744982306 
1 -1151.257202 -0 -640.22302200000001 -0.99996396172466107 0 -0.0084897144781430969 
1 -1157.4111330000001 -0 -640.27526899999998 -0.0085019522812768283 0 0.99996385775057239 
1 -1157.4541019999999 -0 -635.22143600000004 0.99996393272187212 0 0.0084931298946323668 
1 -1152.567505 -0 -635.17993200000001 -0.0084924864729791875 0 0.99996393818652585 
1 -1152.5758060000001 -0 -634.20251499999995 -0.99996393270711115 0 -0.0084931316325530526 
1 -1157.4624020000001 -0 -634.24401899999998 -0.0084823082547116208 0 0.99996402457622047 
1 -1157.5123289999999 -0 -628.35821499999997 0.99996393092097302 0 0.0084933419262069199 
1 -1152.6258539999999 -0 -628.31671100000005 -0.0084412634414332884 0 0.99996437190107546 
1 -1152.635376 -0 -627.18872099999999 -0.99996393272187212 0 -0.0084931298946323668 
1 -1157.5219729999999 -0 -627.23022500000002 -0.0084785130217899622 0 0.99996405676251165 
1 -1157.5611570000001 -0 -622.60882600000002 0.99996393090621083 0 0.008493343664237641 
1 -1152.674683 -0 -622.56732199999999 -0.0084452237151053343 0 0.99996433846232824 
1 -1152.6835940000001 -0 -621.51220699999999 -0.99996393270711115 0 -0.0084931316325534481 
1 -1157.5701899999999 -0 -621.55371100000002 -0.0084845119282780344 0 0.99996400588088119 
1 -1157.6226810000001 -0 -615.36724900000002 0.9999639309209728 0 0.0084933419262301826 
1 -1152.736206 -0 -615.32574499999998 -0.0085268020316989993 0 0.99996364616275535 
1 -1152.7452390000001 -0 -614.26641800000004 -0.99996382482463464 0 -0.0085058240099104565 
1 -1157.6317140000001 -0 -614.30798300000004 -0.0084924248924154004 0 0.99996393870951505 
1 -1157.669189 -0 -609.89538600000003 0.99996393090621083 0 0.0084933436642380365 
1 -1152.7827150000001 -0 -609.853882 -0.0084936210934257461 0 0.99996392854978589 
1 -1152.7933350000001 -0 -608.60357699999997 -0.99996395537430161 0 -0.0084904624244836573 
1 -1154.7413329999999 -0 -608.62011700000005 -0.71308098163416733 0 0.70108167400927879 
1 -1157.704712 -0 -605.70660399999997 -0.0085070079090594219 0 0.99996381475353169 
1 -1157.747314 -0 -600.69891399999995 0.70108179960285566 0 0.71308085815398314 
1 -1154.83374 -0 -597.73547399999995 0.99996395101592661 0 0.0084909757164610394 
1 -1152.8857419999999 -0 -597.71893299999999 -0.008555582945884049 0 0.99996340033046005 
1 -1152.8946530000001 -0 -596.67742899999996 -0.9999639309209728 0 -0.0084933419262301826 
1 -1157.7811280000001 -0 -596.71893299999999 -0.0084870562004102108 0 0.99996398428995981 
1 -1157.8135990000001 -0 -592.89312700000005 0.99996395910965419 0 0.0084900224820559939 
1 -1146.6782229999999 -0 -592.79858400000001 0.0084871915134371503 0 -0.99996398314150015 
1 -1146.6457519999999 -0 -596.62432899999999 -0.99996386716293995 0 -0.0085008451661124865 
1 -1151.1904300000001 -0 -596.66296399999999 0.0084384573395807801 0 -0.99996439558502692 
1 -1151.1816409999999 -0 -597.70446800000002 0.99996378035311717 0 0.0085110505757439569 
1 -1149.575317 -0 -597.69079599999998 0.71308098163418088 0 -0.70108167400926469 
1 -1146.611938 -0 -600.60430899999994 0.0084847473357189344 0 -0.99996400388346429 
1 -1146.594971 -0 -602.60394299999996 0.99996390379729072 0 0.0084965347337922908 
1 -1145.459961 -0 -602.59429899999998 -0.0084841897340945886 0 0.9999640086145879 
1 -1145.5177000000001 -0 -595.78906199999994 -0.0085022633431108916 0 0.99996385510579544 
1 -1145.575562 -0 -588.98382600000002 -0.0084841897340945886 0 0.9999640086145879 
1 -1145.6333010000001 -0 -582.17858899999999 -0.99996436639611763 0 -0.0084419155415643571 
1 -1146.768311 -0 -582.18817100000001 0.0084781158879727245 0 -0.99996406012965799 
1 -1146.7274170000001 -0 -587.01147500000002 0.0085034087805924159 0 -0.99996384536597627 
1 -1146.6864009999999 -0 -591.83477800000003 -0.99996391258935102 0 -0.008495499926235571 
1 -1157.8217770000001 -0 -591.92938200000003 -0.0084810180764619634 0 0.99996403551947133 
1 -1157.8630370000001 -0 -587.06457499999999 -0.0085059867896680619 0 0.99996382343999524 
1 -1157.904419 -0 -582.19970699999999 -0.99996349892761816 0 -0.0085440512893689945 
1 -1158.9544679999999 -0 -582.20867899999996 0.0084939226437752424 0 -0.99996392598839368 
1 -1158.9018550000001 -0 -588.402649 -0.99996393872232336 0 -0.0084924233842610074 
1 -1167.770264 -0 -588.47796600000004 -0.008487262107444847 0 0.99996398254233121 
1 -1167.8364260000001 -0 -580.68280000000004 0.99996395449516273 0 0.0084905659644055852 
1 -1153.5460210000001 -0 -580.56146200000001 -0.0084376886202292816 0 0.99996440207176784 
1 -1153.5554199999999 -0 -579.44757100000004 -0.99996391886188452 0 -0.0084947615847833797 
1 -1167.845947 -0 -579.56897000000004 -0.0084923142942650142 0 0.99996393964878927 
1 -1168.049561 -0 -555.59356700000001 0.9999639354391554 0 0.0084928099611747895 
1 -1159.239014 -0 -555.51873799999998 -0.0084706367733159548 0 0.99996412351276609 
1 -1159.248413 -0 -554.40917999999999 -0.9999639354391554 0 -0.0084928099611747895 
1 -1168.0589600000001 -0 -554.48400900000001 -0.0084982594963924369 0 0.99996388914076884 
1 -1168.123413 -0 -546.90002400000003 0.9999639354391554 0 0.0084928099611747895 
1 -1159.312866 -0 -546.82519500000001 -0.0084549976989006584 0 0.99996425586813431 
1 -1159.320557 -0 -545.91558799999996 -0.9999639354391554 0 -0.0084928099611747895 
1 -1168.1311040000001 -0 -545.99041699999998 -0.0085055029944283104 0 0.99996382755518298 
1 -1168.1827390000001 -0 -539.91986099999997 -0.0084922136324668829 0 0.99996394050366666 
1 -1168.3001710000001 -0 -526.09216300000003 0.99996390132044222 0 0.0084968262310574551 
1 -1155.3779300000001 -0 -525.98236099999997 0.0084988172249449555 0 -0.99996388440072026 
1 -1155.320923 -0 -532.68975799999998 -0.9999639554141726 0 -0.0084904577286854695 
1 -1166.0317379999999 -0 -532.78070100000002 0.0084884385600553103 0 -0.99996397255641789 
1 -1166.022827 -0 -533.83044400000006 0.99996395337162181 0 0.0084906982867749507 
1 -1160.4376219999999 -0 -533.78301999999996 0.0084927445430130616 0 -0.9999639359947573 
1 -1160.3448490000001 -0 -544.70642099999998 0.99996397987053709 0 0.0084875768907395153 
1 -1159.330933 -0 -544.69781499999999 -0.0084974248507301391 0 0.99996389623371218 
1 -1159.4251710000001 -0 -533.60803199999998 0.99996394037023473 0 0.0084922293441517457 
1 -1149.1335449999999 -0 -533.52062999999998 -0.0084288609791261394 0 0.99996447652033849 
1 -1149.140991 -0 -532.63726799999995 -0.99996392136116763 0 -0.0084944673756826988 
1 -1154.4650879999999 -0 -532.68249500000002 -0.0084897674552681761 0 0.99996396127488296 
1 -1154.5360109999999 -0 -524.32885699999997 0.66154738133193791 0 -0.74990336861015328 
1 -1153.0261230000001 -0 -526.04040499999996 0.99996396977132085 0 0.0084887666466252325 
1 -1148.740967 -0 -526.00402799999995 0.64871452061732493 0 0.7610318460749419 
1 -1147.260376 -0 -524.26709000000005 0.008494324275043404 0 -0.99996392257676481 
1 -1159.7196039999999 -0 -519.13671899999997 -0.0085052283877527987 0 0.99996382989089783 
1 -1159.735962 -0 -517.21350099999995 -0.99996395686644701 0 -0.008490286685286029 
1 -1160.6201169999999 -0 -517.22100799999998 0.0085047084822551487 0 -0.99996383431283742 
1 -1160.60376 -0 -519.144226 0.9999639569479738 0 0.0084902770832750631 
1 -1160.573486 -0 -522.71295199999997 0.99996394726378801 0 0.0084914175862523707 
1 -1159.689331 -0 -522.70544400000006 -0.008441284355846991 0 0.99996437172452479 
1 -1159.7055660000001 -0 -520.78222700000003 -0.99996396689215838 0 -0.0084891058008659519 
1 -1160.5898440000001 -0 -520.78973399999995 0.0085052283877527987 0 -0.99996382989089783 
1 -1153.1273189999999 -0 -514.12091099999998 -0.64874547779905323 0 -0.76100545663962105 
1 -1154.6080320000001 -0 -515.85784899999999 -0.0084955956576712906 0 0.99996391177603083 
1 -1154.6226810000001 -0 -514.13360599999999 -0.99996389887049408 0 -0.0084971145526308058 
1 -1156.921143 -0 -514.15313700000002 0.0085987781118613618 0 -0.99996302982409446 
1 -1156.915894 -0 -514.76355000000001 0.99996394616801476 0 0.0084915466254271103 
1 -1155.341797 -0 -514.75018299999999 0.0084777529580526041 0 -0.99996406320666453 
1 -1155.3073730000001 -0 -518.81054700000004 0.99996378423548571 0 0.0085105944238352826 
1 -1154.5830080000001 -0 -518.80438200000003 -0.0084229515401313213 0 0.99996452631448518 
1 -1154.594482 -0 -517.44219999999996 0.64871171894494206 0 0.76103423425198069 
1 -1152.644775 -0 -515.15490699999998 0.99996427809965038 0 0.0084523679903930511 
1 -1152.2764890000001 -0 -515.151794 -0.0084667454424755748 0 0.99996415646842673 
1 -1152.2852780000001 -0 -514.11377000000005 -0.99996404178137221 0 -0.0084802797278220651 
1 -1114.786987 -0 -539.54217500000004 -0.0084868115070202959 0 0.99996398636673134 
1 -1114.862061 -0 -530.69653300000004 -0.99996404919034643 0 -0.008479406043241355 
1 -1115.977783 -0 -530.70599400000003 0.0084866399491134187 0 -0.99996398782274853 
1 -1115.9027100000001 -0 -539.55169699999999 0.99996358419930131 0 0.0085340655778288511 
1 -1159.2895510000001 -0 -549.56793200000004 -0.0084848300003100684 0 0.99996400318204759 
1 -1159.30249 -0 -548.04303000000004 -0.99996397987053709 0 -0.00848757689074142 
1 -1160.3164059999999 -0 -548.05163600000003 0.0084805710119881961 0 -0.99996403931106981 
1 -1160.2696530000001 -0 -553.564392 0.99996397987053709 0 0.0084875768907395153 
1 -1159.255737 -0 -553.55578600000001 -0.008473049293943876 0 0.99996410307353656 
1 -1159.2821039999999 -0 -550.444031 0.9999639297179348 0 0.0084934835647673367 
1 -1148.201538 -0 -550.34991500000001 -0.0084981408944938344 0 0.9999638901487079 
1 -1148.2089840000001 -0 -549.47375499999998 -0.99996388295491345 0 -0.0084989873356755025 
1 -1149.307129 -0 -515.12652600000001 0.66154572507645126 0 -0.74990482971712646 
1 -1147.3188479999999 -0 -517.38037099999997 0.0085132318824682404 0 -0.99996376178485347 
1 -1147.307251 -0 -518.74255400000004 0.99996390379728994 0 0.0084965347338924451 
1 -1146.172241 -0 -518.73290999999995 -0.0084877907083836645 0 0.99996397805565507 
1 -1146.235107 -0 -511.32653800000003 -0.0085043962316264411 0 0.99996383696848523 
1 -1146.298096 -0 -503.92016599999999 -0.99996390373368904 0 -0.0084965422191253335 
1 -1147.4331050000001 -0 -503.92980999999997 0.0084965899582304938 0 -0.99996390332805596 
1 -1147.4007570000001 -0 -507.73684700000001 -0.99996393146533458 0 -0.008493277835545 
1 -1149.592529 -0 -507.75546300000002 0.0085553683642147094 0 -0.99996340216637558 
1 -1149.584595 -0 -508.68279999999999 0.99996393537293182 0 0.0084928177584896684 
1 -1147.392822 -0 -508.66418499999997 0.008489300701241256 0 -0.99996396523754982 
1 -1147.332275 -0 -515.79608199999996 -0.66154738133199398 0 0.74990336861010398 
1 -1148.842163 -0 -514.08453399999996 -0.9999638834302631 0 -0.0084989314073660154 
1 -1149.5386960000001 -0 -514.09045400000002 0.0084672348316127289 0 -0.99996415232462521 
1 -1149.5299070000001 -0 -515.12841800000001 0.99996393846786358 0 0.0084924533462849873 
1 -1149.7506100000001 -0 -640.21020499999997 0.0084346248362386165 0 -0.99996442791924955 
1 -1149.7426760000001 -0 -641.15081799999996 0.99996398720589985 0 0.0084867126308596236 
1 -1145.1328120000001 -0 -641.11169400000006 -0.0084865597432983945 0 0.99996398850344781 
1 -1145.202393 -0 -632.91302499999995 -0.0085013798869443616 0 0.99996386261705372 
1 -1145.272095 -0 -624.71441700000003 -0.99996390345957908 0 -0.0084965744792600689 
1 -1146.406982 -0 -624.72406000000001 0.0084527325657556811 0 -0.99996427501794871 
1 -1146.3865969999999 -0 -627.13562000000002 -0.99996386714703966 0 -0.008500847036483428 
1 -1150.931274 -0 -627.17425500000002 0.0084403695212663232 0 -0.9999643794467602 
1 -1150.9217530000001 -0 -628.30224599999997 0.99996386910269885 0 0.0085006169870579639 
1 -1146.376953 -0 -628.26361099999997 0.0084823096957937095 0 -0.99996402456399625 
1 -1146.3270259999999 -0 -634.14941399999998 -0.9999639811654798 0 -0.008487424325665547 
1 -1150.8717039999999 -0 -634.18798800000002 0.0084919565331309406 0 -0.9999639426870548 
1 -1150.8634030000001 -0 -635.16546600000004 0.99996386714703966 0 0.008500847036483428 
1 -1146.318726 -0 -635.12683100000004 0.0085018496709721759 0 -0.99996385862298653 
1 -1146.2757570000001 -0 -640.18072500000005 -0.99996401440848559 0 -0.008483506825953219 
1 -1150.9794919999999 -0 -621.49774200000002 0.008445231718405468 0 -0.99996433839473631 
1 -1150.970581 -0 -622.55285600000002 0.99996386910269885 0 0.0085006169870579639 
1 -1146.4257809999999 -0 -622.51422100000002 0.0084459382435669011 0 -0.99996433242750504 
1 -1146.415283 -0 -623.75714100000005 0.99996391128222928 0 0.0084956537797827875 
1 -1145.2802730000001 -0 -623.74749799999995 -0.0084868376810193456 0 0.99996398614458915 
1 -1145.3363039999999 -0 -617.14562999999998 -0.0085052424236941506 0 0.99996382977151443 
1 -1145.392456 -0 -610.54382299999997 -0.008486687510526416 0 0.99996398741909642 
1 -1145.448486 -0 -603.941956 -0.99996391128223006 0 -0.0084956537796826333 
1 -1146.583496 -0 -603.95159899999999 0.0085277502935186735 0 -0.99996363807637101 
1 -1146.569336 -0 -605.61199999999997 -0.70108191989856827 0 -0.71308073988247478 
1 -1149.4829099999999 -0 -608.57543899999996 -0.99996377480593468 0 -0.0085117022895569005 
1 -1151.089111 -0 -608.589111 0.0084936143006819464 0 -0.99996392860748284 
1 -1151.078491 -0 -609.83941700000003 0.99996397929803771 0 0.0084876443394799623 
1 -1146.533813 -0 -609.80084199999999 0.008492540360902294 0 -0.99996393772886549 
1 -1146.4963379999999 -0 -614.21337900000003 -0.99996398116548002 0 -0.0084874243256405357 
1 -1151.0410159999999 -0 -614.25195299999996 0.0084125987988641782 0 -0.99996461346462118 
1 -1151.0321039999999 -0 -615.31127900000001 0.99996386908679979 0 0.0085006188573289281 
1 -1146.4873050000001 -0 -615.27264400000001 0.0084845119282780344 0 -0.99996400588088119 
1 -1146.434814 -0 -621.45910600000002 -0.99996386529254533 0 -0.0085010651798520746 
Polygon3D 0
PolygonOnTriangulations 0
Surfaces 17
1 -1128.1788784300704 0 -573.46452460718376 0 1 0 0 -0 1 1 0 -0 
1 -1128.1788784300704 0 -573.46452460718376 0 1 0 0 -0 1 1 0 -0 
1 -1128.1788784300704 0 -573.46452460718376 0 1 0 0 -0 1 1 0 -0 
1 -1128.1788784300704 0 -573.46452460718376 0 1 0 0 -0 1 1 0 -0 
1 -1128.1788784300704 0 -573.46452460718376 0 1 0 0 -0 1 1 0 -0 
1 -1128.1788784300704 0 -573.46452460718376 0 1 0 0 -0 1 1 0 -0 
1 -1128.1788784300704 0 -573.46452460718376 0 1 0 0 -0 1 1 0 -0 
1 -1128.1788784300704 0 -573.46452460718376 0 1 0 0 -0 1 1 0 -0 
1 -1128.1788784300704 0 -573.46452460718376 0 1 0 0 -0 1 1 0 -0 
1 -1128.1788784300704 0 -573.46452460718376 0 1 0 0 -0 1 1 0 -0 
1 -1128.1788784300704 0 -573.46452460718376 0 1 0 0 -0 1 1 0 -0 
1 -1128.1788784300704 0 -573.46452460718376 0 1 0 0 -0 1 1 0 -0 
1 -1128.1788784300704 0 -573.46452460718376 0 1 0 0 -0 1 1 0 -0 
1 -1128.1788784300704 0 -573.46452460718376 0 1 0 0 -0 1 1 0 -0 
1 -1128.1788784300704 0 -573.46452460718376 0 1 0 0 -0 1 1 0 -0 
1 -1128.1788784300704 0 -573.46452460718376 0 1 0 0 -0 1 1 0 -0 
1 -1128.1788784300704 0 -573.46452460718376 0 1 0 0 -0 1 1 0 -0 
Triangulations 0

TShapes 956
Ve
1e-07
-1146.985718 -0 -556.60022
0 0

0101101
*
Ve
1e-07
-1146.932495 -0 -562.860352
0 0

0101101
*
Ed
 1e-07 1 1 0
1  1 0 0 6.26035824415448
0

0101000
+956 0 -955 0 *
Ve
1e-07
-1159.175781 -0 -562.964355
0 0

0101101
*
Ed
 1e-07 1 1 0
1  2 0 0 12.2437277289967
0

0101000
+955 0 -953 0 *
Ve
1e-07
-1159.230713 -0 -556.49231
0 0

0101101
*
Ed
 1e-07 1 1 0
1  3 0 0 6.47227811567525
0

0101000
+953 0 -951 0 *
Ve
1e-07
-1160.244751 -0 -556.500916
0 0

0101101
*
Ed
 1e-07 1 1 0
1  4 0 0 1.01407451830724
0

0101000
+951 0 -949 0 *
Ve
1e-07
-1160.189697 -0 -562.972961
0 0

0101101
*
Ed
 1e-07 1 1 0
1  5 0 0 6.47227915227258
0

0101000
+949 0 -947 0 *
Ve
1e-07
-1165.656128 -0 -563.019409
0 0

0101101
*
Ed
 1e-07 1 1 0
1  6 0 0 5.46662832964393
0

0101000
+947 0 -945 0 *
Ve
1e-07
-1165.644287 -0 -564.408325
0 0

0101101
*
Ed
 1e-07 1 1 0
1  7 0 0 1.38896647343879
0

0101000
+945 0 -943 0 *
Ve
1e-07
-1146.920654 -0 -564.249268
0 0

0101101
*
Ed
 1e-07 1 1 0
1  8 0 0 18.7243085813052
0

0101000
+943 0 -941 0 *
Ve
1e-07
-1146.856445 -0 -571.819702
0 0

0101101
*
Ed
 1e-07 1 1 0
1  9 0 0 7.57070629096366
0

0101000
+941 0 -939 0 *
Ve
1e-07
-1146.792114 -0 -579.390137
0 0

0101101
*
Ed
 1e-07 1 1 0
1  10 0 0 7.57070832662213
0

0101000
+939 0 -937 0 *
Ve
1e-07
-1152.195923 -0 -579.436035
0 0

0101101
*
Ed
 1e-07 1 1 0
1  11 0 0 5.40400391699377
0

0101000
+937 0 -935 0 *
Ve
1e-07
-1152.186523 -0 -580.549866
0 0

0101101
*
Ed
 1e-07 1 1 0
1  12 0 0 1.11387066419805
0

0101000
+935 0 -933 0 *
Ve
1e-07
-1146.782593 -0 -580.503967
0 0

0101101
*
Ed
 1e-07 1 1 0
1  13 0 0 5.40412492112302
0

0101000
+933 0 -931 0 *
Ve
1e-07
-1146.778564 -0 -580.984436
0 0

0101101
*
Ed
 1e-07 1 1 0
1  14 0 0 0.480485892406813
0

0101000
+931 0 -929 0 *
Ve
1e-07
-1145.643555 -0 -580.974792
0 0

0101101
*
Ed
 1e-07 1 1 0
1  15 0 0 1.13504997106589
0

0101000
+929 0 -927 0 *
Ve
1e-07
-1145.715942 -0 -572.446472
0 0

0101101
*
Ed
 1e-07 1 1 0
1  16 0 0 8.5286271990379
0

0101000
+927 0 -925 0 *
Ve
1e-07
-1145.788452 -0 -563.918152
0 0

0101101
*
Ed
 1e-07 1 1 0
1  17 0 0 8.52862824389128
0

0101000
+925 0 -923 0 *
Ve
1e-07
-1145.86084 -0 -555.389893
0 0

0101101
*
Ed
 1e-07 1 1 0
1  18 0 0 8.5285662097227
0

0101000
+923 0 -921 0 *
Ve
1e-07
-1145.93335 -0 -546.861572
0 0

0101101
*
Ed
 1e-07 1 1 0
1  19 0 0 8.52862924385514
0

0101000
+921 0 -919 0 *
Ve
1e-07
-1146.005737 -0 -538.333313
0 0

0101101
*
Ed
 1e-07 1 1 0
1  20 0 0 8.52856620123517
0

0101000
+919 0 -917 0 *
Ve
1e-07
-1146.078247 -0 -529.804993
0 0

0101101
*
Ed
 1e-07 1 1 0
1  21 0 0 8.52862824389128
0

0101000
+917 0 -915 0 *
Ve
1e-07
-1146.150635 -0 -521.276733
0 0

0101101
*
Ed
 1e-07 1 1 0
1  22 0 0 8.52856720968668
0

0101000
+915 0 -913 0 *
Ve
1e-07
-1147.285645 -0 -521.286377
0 0

0101101
*
Ed
 1e-07 1 1 0
1  23 0 0 1.1350509710299
0

0101000
+913 0 -911 0 *
Ve
1e-07
-1147.273804 -0 -522.682739
0 0

0101101
*
Ed
 1e-07 1 1 0
1  24 0 0 1.39641220430247
0

0101000
+911 0 -909 0 *
Ve
1e-07
-1149.223511 -0 -524.970032
0 0

0101101
*
Ed
 1e-07 1 1 0
1  25 0 0 3.00550605617388
0

0101000
+909 0 -907 0 *
Ve
1e-07
-1152.561157 -0 -524.998413
0 0

0101101
*
Ed
 1e-07 1 1 0
1  26 0 0 3.33776666387544
0

0101000
+907 0 -905 0 *
Ve
1e-07
-1154.549438 -0 -522.744568
0 0

0101101
*
Ed
 1e-07 1 1 0
1  27 0 0 3.00550804673452
0

0101000
+905 0 -903 0 *
Ve
1e-07
-1154.561401 -0 -521.348145
0 0

0101101
*
Ed
 1e-07 1 1 0
1  28 0 0 1.39647424190271
0

0101000
+903 0 -901 0 *
Ve
1e-07
-1155.285767 -0 -521.354309
0 0

0101101
*
Ed
 1e-07 1 1 0
1  29 0 0 0.724392225836397
0

0101000
+901 0 -899 0 *
Ve
1e-07
-1155.254028 -0 -525.09375
0 0

0101101
*
Ed
 1e-07 1 1 0
1  30 0 0 3.73957569205417
0

0101000
+899 0 -897 0 *
Ve
1e-07
-1159.668701 -0 -525.131287
0 0

0101101
*
Ed
 1e-07 1 1 0
1  31 0 0 4.41483258157067
0

0101000
+897 0 -895 0 *
Ve
1e-07
-1159.677246 -0 -524.120178
0 0

0101101
*
Ed
 1e-07 1 1 0
1  32 0 0 1.01114510675079
0

0101000
+895 0 -893 0 *
Ve
1e-07
-1160.561523 -0 -524.127686
0 0

0101101
*
Ed
 1e-07 1 1 0
1  33 0 0 0.884308872958536
0

0101000
+893 0 -891 0 *
Ve
1e-07
-1160.552856 -0 -525.138794
0 0

0101101
*
Ed
 1e-07 1 1 0
1  34 0 0 1.01114514514626
0

0101000
+891 0 -889 0 *
Ve
1e-07
-1173.650146 -0 -525.250061
0 0

0101101
*
Ed
 1e-07 1 1 0
1  35 0 0 13.0977626215086
0

0101000
+889 0 -887 0 *
Ve
1e-07
-1173.694092 -0 -520.078247
0 0

0101101
*
Ed
 1e-07 1 1 0
1  36 0 0 5.17200070586917
0

0101000
+887 0 -885 0 *
Ve
1e-07
-1173.737915 -0 -514.906433
0 0

0101101
*
Ed
 1e-07 1 1 0
1  37 0 0 5.17199966221242
0

0101000
+885 0 -883 0 *
Ve
1e-07
-1160.640747 -0 -514.795166
0 0

0101101
*
Ed
 1e-07 1 1 0
1  38 0 0 13.097640625911
0

0101000
+883 0 -881 0 *
Ve
1e-07
-1160.632202 -0 -515.806274
0 0

0101101
*
Ed
 1e-07 1 1 0
1  39 0 0 1.0111441067865
0

0101000
+881 0 -879 0 *
Ve
1e-07
-1159.747925 -0 -515.798767
0 0

0101101
*
Ed
 1e-07 1 1 0
1  40 0 0 0.884308864468856
0

0101000
+879 0 -877 0 *
Ve
1e-07
-1159.75647 -0 -514.787659
0 0

0101101
*
Ed
 1e-07 1 1 0
1  41 0 0 1.0111441067865
0

0101000
+877 0 -875 0 *
Ve
1e-07
-1158.419189 -0 -514.776306
0 0

0101101
*
Ed
 1e-07 1 1 0
1  42 0 0 1.33732919042777
0

0101000
+875 0 -873 0 *
Ve
1e-07
-1158.424316 -0 -514.165894
0 0

0101101
*
Ed
 1e-07 1 1 0
1  43 0 0 0.610433531085078
0

0101000
+873 0 -871 0 *
Ve
1e-07
-1163.544067 -0 -514.209412
0 0

0101101
*
Ed
 1e-07 1 1 0
1  44 0 0 5.11993594865449
0

0101000
+871 0 -869 0 *
Ve
1e-07
-1163.551025 -0 -513.383972
0 0

0101101
*
Ed
 1e-07 1 1 0
1  45 0 0 0.825469325513745
0

0101000
+869 0 -867 0 *
Ve
1e-07
-1164.494385 -0 -513.391968
0 0

0101101
*
Ed
 1e-07 1 1 0
1  46 0 0 0.943393886781111
0

0101000
+867 0 -865 0 *
Ve
1e-07
-1164.487671 -0 -514.183716
0 0

0101101
*
Ed
 1e-07 1 1 0
1  47 0 0 0.791776466750543
0

0101000
+865 0 -863 0 *
Ve
1e-07
-1173.685791 -0 -514.261841
0 0

0101101
*
Ed
 1e-07 1 1 0
1  48 0 0 9.19845177462084
0

0101000
+863 0 -861 0 *
Ve
1e-07
-1173.7052 -0 -511.970764
0 0

0101101
*
Ed
 1e-07 1 1 0
1  49 0 0 2.29115921079486
0

0101000
+861 0 -859 0 *
Ve
1e-07
-1164.507202 -0 -511.892639
0 0

0101101
*
Ed
 1e-07 1 1 0
1  50 0 0 9.19832977902134
0

0101000
+859 0 -857 0 *
Ve
1e-07
-1164.500732 -0 -512.650696
0 0

0101101
*
Ed
 1e-07 1 1 0
1  51 0 0 0.758084610151861
0

0101000
+857 0 -855 0 *
Ve
1e-07
-1163.557373 -0 -512.6427
0 0

0101101
*
Ed
 1e-07 1 1 0
1  52 0 0 0.94339288681692
0

0101000
+855 0 -853 0 *
Ve
1e-07
-1163.570679 -0 -511.076019
0 0

0101101
*
Ed
 1e-07 1 1 0
1  53 0 0 1.56673750366711
0

0101000
+853 0 -851 0 *
Ve
1e-07
-1173.830078 -0 -511.163147
0 0

0101101
*
Ed
 1e-07 1 1 0
1  54 0 0 10.2597689608288
0

0101000
+851 0 -849 0 *
Ve
1e-07
-1173.849365 -0 -508.888916
0 0

0101101
*
Ed
 1e-07 1 1 0
1  55 0 0 2.2743127818596
0

0101000
+849 0 -847 0 *
Ve
1e-07
-1163.589966 -0 -508.801758
0 0

0101101
*
Ed
 1e-07 1 1 0
1  56 0 0 10.2597692156386
0

0101000
+847 0 -845 0 *
Ve
1e-07
-1163.686646 -0 -497.413696
0 0

0101101
*
Ed
 1e-07 1 1 0
1  57 0 0 11.3884723794829
0

0101000
+845 0 -843 0 *
Ve
1e-07
-1161.15979 -0 -497.392212
0 0

0101101
*
Ed
 1e-07 1 1 0
1  58 0 0 2.52694732968317
0

0101000
+843 0 -841 0 *
Ve
1e-07
-1161.11145 -0 -503.086243
0 0

0101101
*
Ed
 1e-07 1 1 0
1  59 0 0 5.69423618974148
0

0101000
+841 0 -839 0 *
Ve
1e-07
-1161.062988 -0 -508.780304
0 0

0101101
*
Ed
 1e-07 1 1 0
1  60 0 0 5.69426722565465
0

0101000
+839 0 -837 0 *
Ve
1e-07
-1152.331177 -0 -508.706116
0 0

0101101
*
Ed
 1e-07 1 1 0
1  61 0 0 8.73212615570016
0

0101000
+837 0 -835 0 *
Ve
1e-07
-1152.339111 -0 -507.778778
0 0

0101101
*
Ed
 1e-07 1 1 0
1  62 0 0 0.927371939730784
0

0101000
+835 0 -833 0 *
Ve
1e-07
-1154.130005 -0 -507.794006
0 0

0101101
*
Ed
 1e-07 1 1 0
1  63 0 0 1.79095874079219
0

0101000
+833 0 -831 0 *
Ve
1e-07
-1154.208008 -0 -498.601349
0 0

0101101
*
Ed
 1e-07 1 1 0
1  64 0 0 9.19298793579421
0

0101000
+831 0 -829 0 *
Ve
1e-07
-1147.47876 -0 -498.544189
0 0

0101101
*
Ed
 1e-07 1 1 0
1  65 0 0 6.72949076164797
0

0101000
+829 0 -827 0 *
Ve
1e-07
-1147.44458 -0 -502.580963
0 0

0101101
*
Ed
 1e-07 1 1 0
1  66 0 0 4.0369187011229
0

0101000
+827 0 -825 0 *
Ve
1e-07
-1146.30957 -0 -502.57132
0 0

0101101
*
Ed
 1e-07 1 1 0
1  67 0 0 1.13505096253403
0

0101000
+825 0 -823 0 *
Ve
1e-07
-1146.342285 -0 -498.721283
0 0

0101101
*
Ed
 1e-07 1 1 0
1  68 0 0 3.85017599241826
0

0101000
+823 0 -821 0 *
Ve
1e-07
-1140.685425 -0 -498.673248
0 0

0101101
*
Ed
 1e-07 1 1 0
1  69 0 0 5.65706393996264
0

0101000
+821 0 -819 0 *
Ve
1e-07
-1140.604858 -0 -508.165924
0 0

0101101
*
Ed
 1e-07 1 1 0
1  70 0 0 9.49301789119063
0

0101000
+819 0 -817 0 *
Ve
1e-07
-1140.52417 -0 -517.65863
0 0

0101101
*
Ed
 1e-07 1 1 0
1  71 0 0 9.49304891780191
0

0101000
+817 0 -815 0 *
Ve
1e-07
-1140.443604 -0 -527.151306
0 0

0101101
*
Ed
 1e-07 1 1 0
1  72 0 0 9.49301788270365
0

0101000
+815 0 -813 0 *
Ve
1e-07
-1140.362915 -0 -536.644043
0 0

0101101
*
Ed
 1e-07 1 1 0
1  73 0 0 9.49307992518185
0

0101000
+813 0 -811 0 *
Ve
1e-07
-1140.282349 -0 -546.136719
0 0

0101101
*
Ed
 1e-07 1 1 0
1  74 0 0 9.49301788270365
0

0101000
+811 0 -809 0 *
Ve
1e-07
-1140.20166 -0 -555.629395
0 0

0101101
*
Ed
 1e-07 1 1 0
1  75 0 0 9.49301892738545
0

0101000
+809 0 -807 0 *
Ve
1e-07
-1140.121094 -0 -565.12207
0 0

0101101
*
Ed
 1e-07 1 1 0
1  76 0 0 9.49301688273966
0

0101000
+807 0 -805 0 *
Ve
1e-07
-1140.040405 -0 -574.614807
0 0

0101101
*
Ed
 1e-07 1 1 0
1  77 0 0 9.49307992518185
0

0101000
+805 0 -803 0 *
Ve
1e-07
-1139.959839 -0 -584.107483
0 0

0101101
*
Ed
 1e-07 1 1 0
1  78 0 0 9.49301788270365
0

0101000
+803 0 -801 0 *
Ve
1e-07
-1139.87915 -0 -593.600159
0 0

0101101
*
Ed
 1e-07 1 1 0
1  79 0 0 9.49301892738534
0

0101000
+801 0 -799 0 *
Ve
1e-07
-1139.798584 -0 -603.092834
0 0

0101101
*
Ed
 1e-07 1 1 0
1  80 0 0 9.49301688273978
0

0101000
+799 0 -797 0 *
Ve
1e-07
-1139.637207 -0 -622.078247
0 0

0101101
*
Ed
 1e-07 1 1 0
1  81 0 0 18.9860988440674
0

0101000
+797 0 -795 0 *
Ve
1e-07
-1139.556641 -0 -631.570923
0 0

0101101
*
Ed
 1e-07 1 1 0
1  82 0 0 9.49301788270365
0

0101000
+795 0 -793 0 *
Ve
1e-07
-1139.475952 -0 -641.06366
0 0

0101101
*
Ed
 1e-07 1 1 0
1  83 0 0 9.49307992518185
0

0101000
+793 0 -791 0 *
Ve
1e-07
-1120.187012 -0 -640.890564
0 0

0101101
*
Ed
 1e-07 1 1 0
1  84 0 0 19.2897166528908
0

0101000
+791 0 -789 0 *
Ve
1e-07
-1120.505371 -0 -603.418274
0 0

0101101
*
Ed
 1e-07 1 1 0
1  85 0 0 37.4736423409439
0

0101000
+789 0 -787 0 *
Ve
1e-07
-1120.584839 -0 -594.050232
0 0

0101101
*
Ed
 1e-07 1 1 0
1  86 0 0 9.36837905279174
0

0101000
+787 0 -785 0 *
Ve
1e-07
-1121.062378 -0 -537.841797
0 0

0101101
*
Ed
 1e-07 1 1 0
1  87 0 0 56.2104635156636
0

0101000
+785 0 -783 0 *
Ve
1e-07
-1121.141846 -0 -528.473755
0 0

0101101
*
Ed
 1e-07 1 1 0
1  88 0 0 9.36837905279185
0

0101000
+783 0 -781 0 *
Ve
1e-07
-1121.380615 -0 -500.369537
0 0

0101101
*
Ed
 1e-07 1 1 0
1  89 0 0 28.105232253566
0

0101000
+781 0 -779 0 *
Ve
1e-07
-1116.23584 -0 -500.325836
0 0

0101101
*
Ed
 1e-07 1 1 0
1  90 0 0 5.14496060024038
0

0101000
+779 0 -777 0 *
Ve
1e-07
-1116.224243 -0 -501.701996
0 0

0101101
*
Ed
 1e-07 1 1 0
1  91 0 0 1.37620886351203
0

0101000
+777 0 -775 0 *
Ve
1e-07
-1115.053589 -0 -501.692047
0 0

0101101
*
Ed
 1e-07 1 1 0
1  92 0 0 1.17069627586172
0

0101000
+775 0 -773 0 *
Ve
1e-07
-1115.065308 -0 -500.315887
0 0

0101101
*
Ed
 1e-07 1 1 0
1  93 0 0 1.37620989698558
0

0101000
+773 0 -771 0 *
Ve
1e-07
-1093.699097 -0 -500.134399
0 0

0101101
*
Ed
 1e-07 1 1 0
1  94 0 0 21.3669817800893
0

0101000
+771 0 -769 0 *
Ve
1e-07
-1093.675903 -0 -502.862946
0 0

0101101
*
Ed
 1e-07 1 1 0
1  95 0 0 2.72864557845926
0

0101000
+769 0 -767 0 *
Ve
1e-07
-1092.759033 -0 -502.855164
0 0

0101101
*
Ed
 1e-07 1 1 0
1  96 0 0 0.916903024547325
0

0101000
+767 0 -765 0 *
Ve
1e-07
-1092.782227 -0 -500.126617
0 0

0101101
*
Ed
 1e-07 1 1 0
1  97 0 0 2.7286455784592
0

0101000
+765 0 -763 0 *
Ve
1e-07
-1085.395996 -0 -500.063873
0 0

0101101
*
Ed
 1e-07 1 1 0
1  98 0 0 7.3864974917004
0

0101000
+763 0 -761 0 *
Ve
1e-07
-1085.35144 -0 -505.314545
0 0

0101101
*
Ed
 1e-07 1 1 0
1  99 0 0 5.25086104260245
0

0101000
+761 0 -759 0 *
Ve
1e-07
-1092.737671 -0 -505.377289
0 0

0101101
*
Ed
 1e-07 1 1 0
1  100 0 0 7.38649749170063
0

0101000
+759 0 -757 0 *
Ve
1e-07
-1092.747925 -0 -504.159393
0 0

0101101
*
Ed
 1e-07 1 1 0
1  101 0 0 1.21793916569424
0

0101000
+757 0 -755 0 *
Ve
1e-07
-1093.664795 -0 -504.167175
0 0

0101101
*
Ed
 1e-07 1 1 0
1  102 0 0 0.916903024547324
0

0101000
+755 0 -753 0 *
Ve
1e-07
-1093.654419 -0 -505.385071
0 0

0101101
*
Ed
 1e-07 1 1 0
1  103 0 0 1.21794019893917
0

0101000
+753 0 -751 0 *
Ve
1e-07
-1115.020752 -0 -505.566559
0 0

0101101
*
Ed
 1e-07 1 1 0
1  104 0 0 21.3671037756882
0

0101000
+751 0 -749 0 *
Ve
1e-07
-1115.030518 -0 -504.407501
0 0

0101101
*
Ed
 1e-07 1 1 0
1  105 0 0 1.15909914248951
0

0101000
+749 0 -747 0 *
Ve
1e-07
-1116.201172 -0 -504.41745
0 0

0101101
*
Ed
 1e-07 1 1 0
1  106 0 0 1.17069627586195
0

0101000
+747 0 -745 0 *
Ve
1e-07
-1116.131714 -0 -512.582275
0 0

0101101
*
Ed
 1e-07 1 1 0
1  107 0 0 8.16512043355082
0

0101000
+745 0 -743 0 *
Ve
1e-07
-1116.062378 -0 -520.74707
0 0

0101101
*
Ed
 1e-07 1 1 0
1  108 0 0 8.16508939772991
0

0101000
+743 0 -741 0 *
Ve
1e-07
-1114.946655 -0 -520.73761
0 0

0101101
*
Ed
 1e-07 1 1 0
1  109 0 0 1.11576310403654
0

0101000
+741 0 -739 0 *
Ve
1e-07
-1114.96106 -0 -519.047791
0 0

0101101
*
Ed
 1e-07 1 1 0
1  110 0 0 1.68988039718383
0

0101000
+739 0 -737 0 *
Ve
1e-07
-1100.391724 -0 -515.518616
0 0

0101101
*
Ed
 1e-07 1 1 0
1  111 0 0 14.9906846962212
0

0101000
+737 0 -735 0 *
Ve
1e-07
-1099.85498 -0 -517.272217
0 0

0101101
*
Ed
 1e-07 1 1 0
1  112 0 0 1.83390582875376
0

0101000
+735 0 -733 0 *
Ve
1e-07
-1093.213623 -0 -514.890503
0 0

0101101
*
Ed
 1e-07 1 1 0
1  113 0 0 7.05550737929205
0

0101000
+733 0 -731 0 *
Ve
1e-07
-1091.943604 -0 -518.171143
0 0

0101101
*
Ed
 1e-07 1 1 0
1  114 0 0 3.51788957614669
0

0101000
+731 0 -729 0 *
Ve
1e-07
-1098.806152 -0 -520.827881
0 0

0101101
*
Ed
 1e-07 1 1 0
1  115 0 0 7.35886009195371
0

0101000
+729 0 -727 0 *
Ve
1e-07
-1099.441284 -0 -519.187561
0 0

0101101
*
Ed
 1e-07 1 1 0
1  116 0 0 1.75898901640236
0

0101000
+727 0 -725 0 *
Ve
1e-07
-1100.28479 -0 -519.51416
0 0

0101101
*
Ed
 1e-07 1 1 0
1  117 0 0 0.904527102323021
0

0101000
+725 0 -723 0 *
Ve
1e-07
-1105.821655 -0 -521.802917
0 0

0101101
*
Ed
 1e-07 1 1 0
1  118 0 0 5.99126719761976
0

0101000
+723 0 -721 0 *
Ve
1e-07
-1105.393433 -0 -522.781616
0 0

0101101
*
Ed
 1e-07 1 1 0
1  119 0 0 1.06828171091946
0

0101000
+721 0 -719 0 *
Ve
1e-07
-1099.943115 -0 -520.396484
0 0

0101101
*
Ed
 1e-07 1 1 0
1  120 0 0 5.94935466740277
0

0101000
+719 0 -717 0 *
Ve
1e-07
-1097.748413 -0 -526.065857
0 0

0101101
*
Ed
 1e-07 1 1 0
1  121 0 0 6.07935087669183
0

0101000
+717 0 -715 0 *
Ve
1e-07
-1105.409302 -0 -529.234619
0 0

0101101
*
Ed
 1e-07 1 1 0
1  122 0 0 8.29037230062464
0

0101000
+715 0 -713 0 *
Ve
1e-07
-1107.776855 -0 -523.824707
0 0

0101101
*
Ed
 1e-07 1 1 0
1  123 0 0 5.90529042939912
0

0101000
+713 0 -711 0 *
Ve
1e-07
-1107.151123 -0 -523.550842
0 0

0101101
*
Ed
 1e-07 1 1 0
1  124 0 0 0.683039218529188
0

0101000
+711 0 -709 0 *
Ve
1e-07
-1107.595215 -0 -522.536011
0 0

0101101
*
Ed
 1e-07 1 1 0
1  125 0 0 1.10774530602701
0

0101000
+709 0 -707 0 *
Ve
1e-07
-1114.905762 -0 -525.557922
0 0

0101101
*
Ed
 1e-07 1 1 0
1  126 0 0 7.91050210360444
0

0101000
+707 0 -705 0 *
Ve
1e-07
-1114.936157 -0 -521.980408
0 0

0101101
*
Ed
 1e-07 1 1 0
1  127 0 0 3.57764311750357
0

0101000
+705 0 -703 0 *
Ve
1e-07
-1116.05188 -0 -521.989929
0 0

0101101
*
Ed
 1e-07 1 1 0
1  128 0 0 1.1157636228923
0

0101000
+703 0 -701 0 *
Ve
1e-07
-1115.988892 -0 -529.409058
0 0

0101101
*
Ed
 1e-07 1 1 0
1  129 0 0 7.41939637752189
0

0101000
+701 0 -699 0 *
Ve
1e-07
-1114.873047 -0 -529.399536
0 0

0101101
*
Ed
 1e-07 1 1 0
1  130 0 0 1.11588562698382
0

0101000
+699 0 -697 0 *
Ve
1e-07
-1114.894043 -0 -526.939331
0 0

0101101
*
Ed
 1e-07 1 1 0
1  131 0 0 2.46029459090591
0

0101000
+697 0 -695 0 *
Ve
1e-07
-1108.845093 -0 -524.292175
0 0

0101101
*
Ed
 1e-07 1 1 0
1  132 0 0 6.60281992718545
0

0101000
+695 0 -693 0 *
Ve
1e-07
-1106.487061 -0 -529.68042
0 0

0101101
*
Ed
 1e-07 1 1 0
1  133 0 0 5.88162384831334
0

0101000
+693 0 -691 0 *
Ve
1e-07
-1112.896606 -0 -532.331604
0 0

0101101
*
Ed
 1e-07 1 1 0
1  134 0 0 6.9362124901765
0

0101000
+691 0 -689 0 *
Ve
1e-07
-1112.802856 -0 -543.372437
0 0

0101101
*
Ed
 1e-07 1 1 0
1  135 0 0 11.0412310181605
0

0101000
+689 0 -687 0 *
Ve
1e-07
-1114.754272 -0 -543.389038
0 0

0101101
*
Ed
 1e-07 1 1 0
1  136 0 0 1.95148661236928
0

0101000
+687 0 -685 0 *
Ve
1e-07
-1114.773804 -0 -541.08783
0 0

0101101
*
Ed
 1e-07 1 1 0
1  137 0 0 2.30129088954176
0

0101000
+685 0 -683 0 *
Ve
1e-07
-1115.889526 -0 -541.09729
0 0

0101101
*
Ed
 1e-07 1 1 0
1  138 0 0 1.11576210407237
0

0101000
+683 0 -681 0 *
Ve
1e-07
-1115.74939 -0 -557.598755
0 0

0101101
*
Ed
 1e-07 1 1 0
1  139 0 0 16.5020600303332
0

0101000
+681 0 -679 0 *
Ve
1e-07
-1114.55127 -0 -557.588562
0 0

0101101
*
Ed
 1e-07 1 1 0
1  140 0 0 1.19816335766415
0

0101000
+679 0 -677 0 *
Ve
1e-07
-1114.664551 -0 -544.241394
0 0

0101101
*
Ed
 1e-07 1 1 0
1  141 0 0 13.347648714481
0

0101000
+677 0 -675 0 *
Ve
1e-07
-1105.547119 -0 -544.16394
0 0

0101101
*
Ed
 1e-07 1 1 0
1  142 0 0 9.11776098594058
0

0101000
+675 0 -673 0 *
Ve
1e-07
-1105.38623 -0 -563.102051
0 0

0101101
*
Ed
 1e-07 1 1 0
1  143 0 0 18.9387944050998
0

0101000
+673 0 -671 0 *
Ve
1e-07
-1105.305908 -0 -572.571106
0 0

0101101
*
Ed
 1e-07 1 1 0
1  144 0 0 9.46939566269725
0

0101000
+671 0 -669 0 *
Ve
1e-07
-1114.42334 -0 -572.64856
0 0

0101101
*
Ed
 1e-07 1 1 0
1  145 0 0 9.11776098594058
0

0101000
+669 0 -667 0 *
Ve
1e-07
-1114.5354 -0 -559.449402
0 0

0101101
*
Ed
 1e-07 1 1 0
1  146 0 0 13.1996336825142
0

0101000
+667 0 -665 0 *
Ve
1e-07
-1115.733643 -0 -559.459595
0 0

0101101
*
Ed
 1e-07 1 1 0
1  147 0 0 1.19828635321367
0

0101000
+665 0 -663 0 *
Ve
1e-07
-1115.610352 -0 -573.963318
0 0

0101101
*
Ed
 1e-07 1 1 0
1  148 0 0 14.5042470170432
0

0101000
+663 0 -661 0 *
Ve
1e-07
-1114.412231 -0 -573.953186
0 0

0101101
*
Ed
 1e-07 1 1 0
1  149 0 0 1.19816384024254
0

0101000
+661 0 -659 0 *
Ve
1e-07
-1114.416138 -0 -573.488586
0 0

0101101
*
Ed
 1e-07 1 1 0
1  150 0 0 0.46461642744194
0

0101000
+659 0 -657 0 *
Ve
1e-07
-1105.31311 -0 -573.411255
0 0

0101101
*
Ed
 1e-07 1 1 0
1  151 0 0 9.10335646079757
0

0101000
+657 0 -655 0 *
Ve
1e-07
-1105.300293 -0 -574.914307
0 0

0101101
*
Ed
 1e-07 1 1 0
1  152 0 0 1.50310664631392
0

0101000
+655 0 -653 0 *
Ve
1e-07
-1115.601562 -0 -575.001831
0 0

0101101
*
Ed
 1e-07 1 1 0
1  153 0 0 10.301640814013
0

0101000
+653 0 -651 0 *
Ve
1e-07
-1115.549683 -0 -581.114319
0 0

0101101
*
Ed
 1e-07 1 1 0
1  154 0 0 6.11270815439318
0

0101000
+651 0 -649 0 *
Ve
1e-07
-1114.482788 -0 -581.105225
0 0

0101101
*
Ed
 1e-07 1 1 0
1  155 0 0 1.06693375701627
0

0101000
+649 0 -647 0 *
Ve
1e-07
-1114.529053 -0 -575.665771
0 0

0101101
*
Ed
 1e-07 1 1 0
1  156 0 0 5.43965074874681
0

0101000
+647 0 -645 0 *
Ve
1e-07
-1102.237549 -0 -575.561401
0 0

0101101
*
Ed
 1e-07 1 1 0
1  157 0 0 12.2919471069036
0

0101000
+645 0 -643 0 *
Ve
1e-07
-1102.188965 -0 -581.270386
0 0

0101101
*
Ed
 1e-07 1 1 0
1  158 0 0 5.70919172346496
0

0101000
+643 0 -641 0 *
Ve
1e-07
-1102.140503 -0 -586.979431
0 0

0101101
*
Ed
 1e-07 1 1 0
1  159 0 0 5.70925068441283
0

0101000
+641 0 -639 0 *
Ve
1e-07
-1114.432007 -0 -587.083801
0 0

0101101
*
Ed
 1e-07 1 1 0
1  160 0 0 12.2919471069036
0

0101000
+639 0 -637 0 *
Ve
1e-07
-1114.46521 -0 -583.176575
0 0

0101101
*
Ed
 1e-07 1 1 0
1  161 0 0 3.90736707442304
0

0101000
+637 0 -635 0 *
Ve
1e-07
-1115.532104 -0 -583.185669
0 0

0101101
*
Ed
 1e-07 1 1 0
1  162 0 0 1.06693275705248
0

0101000
+635 0 -633 0 *
Ve
1e-07
-1115.490723 -0 -588.058777
0 0

0101101
*
Ed
 1e-07 1 1 0
1  163 0 0 4.87328369447388
0

0101000
+633 0 -631 0 *
Ve
1e-07
-1115.449219 -0 -592.931946
0 0

0101101
*
Ed
 1e-07 1 1 0
1  164 0 0 4.87334573825598
0

0101000
+631 0 -629 0 *
Ve
1e-07
-1114.236938 -0 -592.921631
0 0

0101101
*
Ed
 1e-07 1 1 0
1  165 0 0 1.21232488310114
0

0101000
+629 0 -627 0 *
Ve
1e-07
-1114.279907 -0 -587.859863
0 0

0101101
*
Ed
 1e-07 1 1 0
1  166 0 0 5.06195037715556
0

0101000
+627 0 -625 0 *
Ve
1e-07
-1109.265015 -0 -587.817322
0 0

0101101
*
Ed
 1e-07 1 1 0
1  167 0 0 5.01507243301096
0

0101000
+625 0 -623 0 *
Ve
1e-07
-1097.296753 -0 -587.715637
0 0

0101101
*
Ed
 1e-07 1 1 0
1  168 0 0 11.9686939613253
0

0101000
+623 0 -621 0 *
Ve
1e-07
-1097.272705 -0 -590.547424
0 0

0101101
*
Ed
 1e-07 1 1 0
1  169 0 0 2.83188910794063
0

0101000
+621 0 -619 0 *
Ve
1e-07
-1101.204712 -0 -590.580872
0 0

0101101
*
Ed
 1e-07 1 1 0
1  170 0 0 3.93214926175903
0

0101000
+619 0 -617 0 *
Ve
1e-07
-1109.240967 -0 -590.649109
0 0

0101101
*
Ed
 1e-07 1 1 0
1  171 0 0 8.03654469988152
0

0101000
+617 0 -615 0 *
Ve
1e-07
-1109.227783 -0 -592.197632
0 0

0101101
*
Ed
 1e-07 1 1 0
1  172 0 0 1.54857912273966
0

0101000
+615 0 -613 0 *
Ve
1e-07
-1108.213623 -0 -592.189026
0 0

0101101
*
Ed
 1e-07 1 1 0
1  173 0 0 1.01419651391429
0

0101000
+613 0 -611 0 *
Ve
1e-07
-1108.221191 -0 -591.310181
0 0

0101101
*
Ed
 1e-07 1 1 0
1  174 0 0 0.87887758456404
0

0101000
+611 0 -609 0 *
Ve
1e-07
-1102.010498 -0 -591.257446
0 0

0101101
*
Ed
 1e-07 1 1 0
1  175 0 0 6.2109168824316
0

0101000
+609 0 -607 0 *
Ve
1e-07
-1101.992554 -0 -593.358459
0 0

0101101
*
Ed
 1e-07 1 1 0
1  176 0 0 2.10108962524337
0

0101000
+607 0 -605 0 *
Ve
1e-07
-1100.965576 -0 -593.349731
0 0

0101101
*
Ed
 1e-07 1 1 0
1  177 0 0 1.02701508775078
0

0101000
+605 0 -603 0 *
Ve
1e-07
-1100.983398 -0 -591.248718
0 0

0101101
*
Ed
 1e-07 1 1 0
1  178 0 0 2.10108858686464
0

0101000
+603 0 -601 0 *
Ve
1e-07
-1095.005249 -0 -591.197937
0 0

0101101
*
Ed
 1e-07 1 1 0
1  179 0 0 5.97836467406952
0

0101000
+601 0 -599 0 *
Ve
1e-07
-1095.010986 -0 -590.528259
0 0

0101101
*
Ed
 1e-07 1 1 0
1  180 0 0 0.669702573425672
0

0101000
+599 0 -597 0 *
Ve
1e-07
-1096.362183 -0 -590.539734
0 0

0101101
*
Ed
 1e-07 1 1 0
1  181 0 0 1.35124572466812
0

0101000
+597 0 -595 0 *
Ve
1e-07
-1096.394043 -0 -586.781128
0 0

0101101
*
Ed
 1e-07 1 1 0
1  182 0 0 3.75874102896647
0

0101000
+595 0 -593 0 *
Ve
1e-07
-1101.236572 -0 -586.822266
0 0

0101101
*
Ed
 1e-07 1 1 0
1  183 0 0 4.84270373354443
0

0101000
+593 0 -591 0 *
Ve
1e-07
-1101.249512 -0 -585.299927
0 0

0101101
*
Ed
 1e-07 1 1 0
1  184 0 0 1.52239399451028
0

0101000
+591 0 -589 0 *
Ve
1e-07
-1093.385498 -0 -585.233093
0 0

0101101
*
Ed
 1e-07 1 1 0
1  185 0 0 7.86429799637272
0

0101000
+589 0 -587 0 *
Ve
1e-07
-1093.334961 -0 -591.183716
0 0

0101101
*
Ed
 1e-07 1 1 0
1  186 0 0 5.95083759453217
0

0101000
+587 0 -585 0 *
Ve
1e-07
-1093.289185 -0 -596.579529
0 0

0101101
*
Ed
 1e-07 1 1 0
1  187 0 0 5.39600716948604
0

0101000
+585 0 -583 0 *
Ve
1e-07
-1096.351562 -0 -596.60553
0 0

0101101
*
Ed
 1e-07 1 1 0
1  188 0 0 3.0624873782809
0

0101000
+583 0 -581 0 *
Ve
1e-07
-1096.345459 -0 -597.332581
0 0

0101101
*
Ed
 1e-07 1 1 0
1  189 0 0 0.727076614401773
0

0101000
+581 0 -579 0 *
Ve
1e-07
-1093.359497 -0 -597.307251
0 0

0101101
*
Ed
 1e-07 1 1 0
1  190 0 0 2.98606943561998
0

0101000
+579 0 -577 0 *
Ve
1e-07
-1093.337524 -0 -599.89032
0 0

0101101
*
Ed
 1e-07 1 1 0
1  191 0 0 2.58316245549716
0

0101000
+577 0 -575 0 *
Ve
1e-07
-1100.909424 -0 -599.954651
0 0

0101101
*
Ed
 1e-07 1 1 0
1  192 0 0 7.57217327374115
0

0101000
+575 0 -573 0 *
Ve
1e-07
-1100.915161 -0 -599.290833
0 0

0101101
*
Ed
 1e-07 1 1 0
1  193 0 0 0.663842790344965
0

0101000
+573 0 -571 0 *
Ve
1e-07
-1101.942139 -0 -599.299561
0 0

0101101
*
Ed
 1e-07 1 1 0
1  194 0 0 1.027015087751
0

0101000
+571 0 -569 0 *
Ve
1e-07
-1101.936523 -0 -599.963379
0 0

0101101
*
Ed
 1e-07 1 1 0
1  195 0 0 0.663841755676749
0

0101000
+569 0 -567 0 *
Ve
1e-07
-1107.994141 -0 -600.014832
0 0

0101101
*
Ed
 1e-07 1 1 0
1  196 0 0 6.05783651521984
0

0101000
+567 0 -565 0 *
Ve
1e-07
-1108.016113 -0 -597.431763
0 0

0101101
*
Ed
 1e-07 1 1 0
1  197 0 0 2.583162446991
0

0101000
+565 0 -563 0 *
Ve
1e-07
-1101.958496 -0 -597.380249
0 0

0101101
*
Ed
 1e-07 1 1 0
1  198 0 0 6.05783603367442
0

0101000
+563 0 -561 0 *
Ve
1e-07
-1101.94873 -0 -598.52124
0 0

0101101
*
Ed
 1e-07 1 1 0
1  199 0 0 1.14103279393581
0

0101000
+561 0 -559 0 *
Ve
1e-07
-1100.921753 -0 -598.512512
0 0

0101101
*
Ed
 1e-07 1 1 0
1  200 0 0 1.02701408778701
0

0101000
+559 0 -557 0 *
Ve
1e-07
-1100.931396 -0 -597.371582
0 0

0101101
*
Ed
 1e-07 1 1 0
1  201 0 0 1.14097074999715
0

0101000
+557 0 -555 0 *
Ve
1e-07
-1097.962158 -0 -597.346313
0 0

0101101
*
Ed
 1e-07 1 1 0
1  202 0 0 2.96934552098681
0

0101000
+555 0 -553 0 *
Ve
1e-07
-1097.968384 -0 -596.619263
0 0

0101101
*
Ed
 1e-07 1 1 0
1  203 0 0 0.727076657289963
0

0101000
+553 0 -551 0 *
Ve
1e-07
-1100.937622 -0 -596.64447
0 0

0101101
*
Ed
 1e-07 1 1 0
1  204 0 0 2.96934499401677
0

0101000
+551 0 -549 0 *
Ve
1e-07
-1100.954468 -0 -594.661438
0 0

0101101
*
Ed
 1e-07 1 1 0
1  205 0 0 1.98310355270216
0

0101000
+549 0 -547 0 *
Ve
1e-07
-1101.981445 -0 -594.670166
0 0

0101101
*
Ed
 1e-07 1 1 0
1  206 0 0 1.02701408778701
0

0101000
+547 0 -545 0 *
Ve
1e-07
-1101.9646 -0 -596.653198
0 0

0101101
*
Ed
 1e-07 1 1 0
1  207 0 0 1.98310354420764
0

0101000
+545 0 -543 0 *
Ve
1e-07
-1108.175293 -0 -596.705933
0 0

0101101
*
Ed
 1e-07 1 1 0
1  208 0 0 6.2109168824316
0

0101000
+543 0 -541 0 *
Ve
1e-07
-1108.182007 -0 -595.920837
0 0

0101101
*
Ed
 1e-07 1 1 0
1  209 0 0 0.785124707936216
0

0101000
+541 0 -539 0 *
Ve
1e-07
-1109.196045 -0 -595.929443
0 0

0101101
*
Ed
 1e-07 1 1 0
1  210 0 0 1.01407451830701
0

0101000
+539 0 -537 0 *
Ve
1e-07
-1109.162476 -0 -599.887085
0 0

0101101
*
Ed
 1e-07 1 1 0
1  211 0 0 3.95778436475823
0

0101000
+537 0 -535 0 *
Ve
1e-07
-1114.177368 -0 -599.929688
0 0

0101101
*
Ed
 1e-07 1 1 0
1  212 0 0 5.01507295931696
0

0101000
+535 0 -533 0 *
Ve
1e-07
-1114.218506 -0 -595.087524
0 0

0101101
*
Ed
 1e-07 1 1 0
1  213 0 0 4.84233874671529
0

0101000
+533 0 -531 0 *
Ve
1e-07
-1115.430908 -0 -595.097839
0 0

0101101
*
Ed
 1e-07 1 1 0
1  214 0 0 1.21244587872171
0

0101000
+531 0 -529 0 *
Ve
1e-07
-1115.339844 -0 -605.819397
0 0

0101101
*
Ed
 1e-07 1 1 0
1  215 0 0 10.7219447209664
0

0101000
+529 0 -527 0 *
Ve
1e-07
-1114.127441 -0 -605.809082
0 0

0101101
*
Ed
 1e-07 1 1 0
1  216 0 0 1.21244687868541
0

0101000
+527 0 -525 0 *
Ve
1e-07
-1101.792847 -0 -600.974426
0 0

0101101
*
Ed
 1e-07 1 1 0
1  217 0 0 13.2482492346414
0

0101000
+525 0 -523 0 *
Ve
1e-07
-1101.692749 -0 -612.766846
0 0

0101101
*
Ed
 1e-07 1 1 0
1  218 0 0 11.7928448249777
0

0101000
+523 0 -521 0 *
Ve
1e-07
-1114.067383 -0 -612.871948
0 0

0101101
*
Ed
 1e-07 1 1 0
1  219 0 0 12.375080325572
0

0101000
+521 0 -519 0 *
Ve
1e-07
-1114.106689 -0 -608.244507
0 0

0101101
*
Ed
 1e-07 1 1 0
1  220 0 0 4.6276079317631
0

0101000
+519 0 -517 0 *
Ve
1e-07
-1115.319092 -0 -608.254822
0 0

0101101
*
Ed
 1e-07 1 1 0
1  221 0 0 1.21244687868541
0

0101000
+517 0 -515 0 *
Ve
1e-07
-1115.272339 -0 -613.756226
0 0

0101101
*
Ed
 1e-07 1 1 0
1  222 0 0 5.5016026587009
0

0101000
+515 0 -513 0 *
Ve
1e-07
-1115.225708 -0 -619.257629
0 0

0101101
*
Ed
 1e-07 1 1 0
1  223 0 0 5.50160062332498
0

0101000
+513 0 -511 0 *
Ve
1e-07
-1114.05481 -0 -619.247681
0 0

0101101
*
Ed
 1e-07 1 1 0
1  224 0 0 1.1709402585562
0

0101000
+511 0 -509 0 *
Ve
1e-07
-1114.0979 -0 -614.182556
0 0

0101101
*
Ed
 1e-07 1 1 0
1  225 0 0 5.06530828417429
0

0101000
+509 0 -507 0 *
Ve
1e-07
-1106.319458 -0 -614.116455
0 0

0101101
*
Ed
 1e-07 1 1 0
1  226 0 0 7.77872285722828
0

0101000
+507 0 -505 0 *
Ve
1e-07
-1106.276245 -0 -619.207214
0 0

0101101
*
Ed
 1e-07 1 1 0
1  227 0 0 5.09094240386301
0

0101000
+505 0 -503 0 *
Ve
1e-07
-1105.132324 -0 -619.197449
0 0

0101101
*
Ed
 1e-07 1 1 0
1  228 0 0 1.14396267835372
0

0101000
+503 0 -501 0 *
Ve
1e-07
-1105.176147 -0 -614.044373
0 0

0101101
*
Ed
 1e-07 1 1 0
1  229 0 0 5.15326233730688
0

0101000
+501 0 -499 0 *
Ve
1e-07
-1101.661255 -0 -614.014526
0 0

0101101
*
Ed
 1e-07 1 1 0
1  230 0 0 3.51501872186656
0

0101000
+499 0 -497 0 *
Ve
1e-07
-1101.628052 -0 -617.934937
0 0

0101101
*
Ed
 1e-07 1 1 0
1  231 0 0 3.92055159998304
0

0101000
+497 0 -495 0 *
Ve
1e-07
-1092.637939 -0 -615.74231
0 0

0101101
*
Ed
 1e-07 1 1 0
1  232 0 0 9.25363414631783
0

0101000
+495 0 -493 0 *
Ve
1e-07
-1090.80127 -0 -624.733337
0 0

0101101
*
Ed
 1e-07 1 1 0
1  233 0 0 9.17670526552371
0

0101000
+493 0 -491 0 *
Ve
1e-07
-1096.544922 -0 -624.904968
0 0

0101101
*
Ed
 1e-07 1 1 0
1  234 0 0 5.7462157545002
0

0101000
+491 0 -489 0 *
Ve
1e-07
-1096.494385 -0 -619.609741
0 0

0101101
*
Ed
 1e-07 1 1 0
1  235 0 0 5.29546815398778
0

0101000
+489 0 -487 0 *
Ve
1e-07
-1105.109497 -0 -621.885132
0 0

0101101
*
Ed
 1e-07 1 1 0
1  236 0 0 8.91053079089143
0

0101000
+487 0 -485 0 *
Ve
1e-07
-1105.120605 -0 -620.580383
0 0

0101101
*
Ed
 1e-07 1 1 0
1  237 0 0 1.30479628320479
0

0101000
+485 0 -483 0 *
Ve
1e-07
-1106.264526 -0 -620.590088
0 0

0101101
*
Ed
 1e-07 1 1 0
1  238 0 0 1.1439621677598
0

0101000
+483 0 -481 0 *
Ve
1e-07
-1106.253052 -0 -621.936462
0 0

0101101
*
Ed
 1e-07 1 1 0
1  239 0 0 1.34642289068179
0

0101000
+481 0 -479 0 *
Ve
1e-07
-1114.031494 -0 -622.002563
0 0

0101101
*
Ed
 1e-07 1 1 0
1  240 0 0 7.77872285722828
0

0101000
+479 0 -477 0 *
Ve
1e-07
-1114.040039 -0 -620.986511
0 0

0101101
*
Ed
 1e-07 1 1 0
1  241 0 0 1.016087931101
0

0101000
+477 0 -475 0 *
Ve
1e-07
-1115.210938 -0 -620.99646
0 0

0101101
*
Ed
 1e-07 1 1 0
1  242 0 0 1.17094126701638
0

0101000
+475 0 -473 0 *
Ve
1e-07
-1115.166138 -0 -626.271851
0 0

0101101
*
Ed
 1e-07 1 1 0
1  243 0 0 5.2755812232285
0

0101000
+473 0 -471 0 *
Ve
1e-07
-1115.121216 -0 -631.547241
0 0

0101101
*
Ed
 1e-07 1 1 0
1  244 0 0 5.27558126069386
0

0101000
+471 0 -469 0 *
Ve
1e-07
-1114.098389 -0 -631.538513
0 0

0101101
*
Ed
 1e-07 1 1 0
1  245 0 0 1.02286423826088
0

0101000
+469 0 -467 0 *
Ve
1e-07
-1114.120483 -0 -629.113953
0 0

0101101
*
Ed
 1e-07 1 1 0
1  246 0 0 2.42466066459529
0

0101000
+467 0 -465 0 *
Ve
1e-07
-1105.528809 -0 -627.253052
0 0

0101101
*
Ed
 1e-07 1 1 0
1  247 0 0 8.79089384841367
0

0101000
+465 0 -463 0 *
Ve
1e-07
-1105.51709 -0 -628.637085
0 0

0101101
*
Ed
 1e-07 1 1 0
1  248 0 0 1.38408261315927
0

0101000
+463 0 -461 0 *
Ve
1e-07
-1104.426392 -0 -628.627808
0 0

0101101
*
Ed
 1e-07 1 1 0
1  249 0 0 1.09073745233807
0

0101000
+461 0 -459 0 *
Ve
1e-07
-1104.440186 -0 -627.017273
0 0

0101101
*
Ed
 1e-07 1 1 0
1  250 0 0 1.61059407072692
0

0101000
+459 0 -457 0 *
Ve
1e-07
-1099.36084 -0 -625.917175
0 0

0101101
*
Ed
 1e-07 1 1 0
1  251 0 0 5.19711183228915
0

0101000
+457 0 -455 0 *
Ve
1e-07
-1099.072388 -0 -625.920227
0 0

0101101
*
Ed
 1e-07 1 1 0
1  252 0 0 0.288468145568975
0

0101000
+455 0 -453 0 *
Ve
1e-07
-1099.057129 -0 -627.725525
0 0

0101101
*
Ed
 1e-07 1 1 0
1  253 0 0 1.805362486008
0

0101000
+453 0 -451 0 *
Ve
1e-07
-1097.909058 -0 -627.715759
0 0

0101101
*
Ed
 1e-07 1 1 0
1  254 0 0 1.14811253620765
0

0101000
+451 0 -449 0 *
Ve
1e-07
-1097.924194 -0 -625.932556
0 0

0101101
*
Ed
 1e-07 1 1 0
1  255 0 0 1.78326723676101
0

0101000
+449 0 -447 0 *
Ve
1e-07
-1090.958374 -0 -626.007385
0 0

0101101
*
Ed
 1e-07 1 1 0
1  256 0 0 6.96622190657458
0

0101000
+447 0 -445 0 *
Ve
1e-07
-1090.946533 -0 -627.401306
0 0

0101101
*
Ed
 1e-07 1 1 0
1  257 0 0 1.39397129221585
0

0101000
+445 0 -443 0 *
Ve
1e-07
-1089.71167 -0 -627.390808
0 0

0101101
*
Ed
 1e-07 1 1 0
1  258 0 0 1.23490762276914
0

0101000
+443 0 -441 0 *
Ve
1e-07
-1089.751099 -0 -624.137817
0 0

0101101
*
Ed
 1e-07 1 1 0
1  259 0 0 3.25322994762462
0

0101000
+441 0 -439 0 *
Ve
1e-07
-1081.63208 -0 -622.411194
0 0

0101101
*
Ed
 1e-07 1 1 0
1  260 0 0 8.30058410634395
0

0101000
+439 0 -437 0 *
Ve
1e-07
-1081.015625 -0 -625.28186
0 0

0101101
*
Ed
 1e-07 1 1 0
1  261 0 0 2.93610967958986
0

0101000
+437 0 -435 0 *
Ve
1e-07
-1080.173706 -0 -625.101074
0 0

0101101
*
Ed
 1e-07 1 1 0
1  262 0 0 0.861110434472222
0

0101000
+435 0 -433 0 *
Ve
1e-07
-1080.789917 -0 -622.232056
0 0

0101101
*
Ed
 1e-07 1 1 0
1  263 0 0 2.93444718487922
0

0101000
+433 0 -431 0 *
Ve
1e-07
-1079.216187 -0 -621.8974
0 0

0101101
*
Ed
 1e-07 1 1 0
1  264 0 0 1.60891912513843
0

0101000
+431 0 -429 0 *
Ve
1e-07
-1079.440674 -0 -620.84137
0 0

0101101
*
Ed
 1e-07 1 1 0
1  265 0 0 1.07962668273293
0

0101000
+429 0 -427 0 *
Ve
1e-07
-1081.016602 -0 -621.176514
0 0

0101101
*
Ed
 1e-07 1 1 0
1  266 0 0 1.61117055643403
0

0101000
+427 0 -425 0 *
Ve
1e-07
-1081.97937 -0 -616.693298
0 0

0101101
*
Ed
 1e-07 1 1 0
1  267 0 0 4.58542777987833
0

0101000
+425 0 -423 0 *
Ve
1e-07
-1082.821167 -0 -616.874084
0 0

0101101
*
Ed
 1e-07 1 1 0
1  268 0 0 0.860991153848328
0

0101000
+423 0 -421 0 *
Ve
1e-07
-1081.858765 -0 -621.355652
0 0

0101101
*
Ed
 1e-07 1 1 0
1  269 0 0 4.5837396684615
0

0101000
+421 0 -419 0 *
Ve
1e-07
-1089.830078 -0 -623.050842
0 0

0101101
*
Ed
 1e-07 1 1 0
1  270 0 0 8.14957054574468
0

0101000
+419 0 -417 0 *
Ve
1e-07
-1091.37207 -0 -616.364136
0 0

0101101
*
Ed
 1e-07 1 1 0
1  271 0 0 6.86219909784751
0

0101000
+417 0 -415 0 *
Ve
1e-07
-1078.221313 -0 -613.540039
0 0

0101101
*
Ed
 1e-07 1 1 0
1  272 0 0 13.4505737252526
0

0101000
+415 0 -413 0 *
Ve
1e-07
-1076.788574 -0 -620.277344
0 0

0101101
*
Ed
 1e-07 1 1 0
1  273 0 0 6.88796194132532
0

0101000
+413 0 -411 0 *
Ve
1e-07
-1078.215576 -0 -620.580872
0 0

0101101
*
Ed
 1e-07 1 1 0
1  274 0 0 1.45892561660572
0

0101000
+411 0 -409 0 *
Ve
1e-07
-1077.990967 -0 -621.636841
0 0

0101101
*
Ed
 1e-07 1 1 0
1  275 0 0 1.07959239152657
0

0101000
+409 0 -407 0 *
Ve
1e-07
-1076.563965 -0 -621.333374
0 0

0101101
*
Ed
 1e-07 1 1 0
1  276 0 0 1.4589129268372
0

0101000
+407 0 -405 0 *
Ve
1e-07
-1074.453613 -0 -631.256958
0 0

0101101
*
Ed
 1e-07 1 1 0
1  277 0 0 10.1454967827584
0

0101000
+405 0 -403 0 *
Ve
1e-07
-1078.65686 -0 -632.164551
0 0

0101101
*
Ed
 1e-07 1 1 0
1  278 0 0 4.30011748637861
0

0101000
+403 0 -401 0 *
Ve
1e-07
-1079.833252 -0 -626.686646
0 0

0101101
*
Ed
 1e-07 1 1 0
1  279 0 0 5.60279763392256
0

0101000
+401 0 -399 0 *
Ve
1e-07
-1080.675049 -0 -626.867432
0 0

0101101
*
Ed
 1e-07 1 1 0
1  280 0 0 0.860991153848328
0

0101000
+399 0 -397 0 *
Ve
1e-07
-1079.498535 -0 -632.346252
0 0

0101101
*
Ed
 1e-07 1 1 0
1  281 0 0 5.60371785376427
0

0101000
+397 0 -395 0 *
Ve
1e-07
-1089.650879 -0 -634.538391
0 0

0101101
*
Ed
 1e-07 1 1 0
1  282 0 0 10.3863160981004
0

0101000
+395 0 -393 0 *
Ve
1e-07
-1089.698242 -0 -628.972229
0 0

0101101
*
Ed
 1e-07 1 1 0
1  283 0 0 5.56636350448063
0

0101000
+393 0 -391 0 *
Ve
1e-07
-1090.933105 -0 -628.982727
0 0

0101101
*
Ed
 1e-07 1 1 0
1  284 0 0 1.23490762276914
0

0101000
+391 0 -389 0 *
Ve
1e-07
-1090.883667 -0 -634.804565
0 0

0101101
*
Ed
 1e-07 1 1 0
1  285 0 0 5.82204790551304
0

0101000
+389 0 -387 0 *
Ve
1e-07
-1097.83606 -0 -636.305786
0 0

0101101
*
Ed
 1e-07 1 1 0
1  286 0 0 7.11262489642821
0

0101000
+387 0 -385 0 *
Ve
1e-07
-1097.895508 -0 -629.30542
0 0

0101101
*
Ed
 1e-07 1 1 0
1  287 0 0 7.00061841544444
0

0101000
+385 0 -383 0 *
Ve
1e-07
-1099.043579 -0 -629.315186
0 0

0101101
*
Ed
 1e-07 1 1 0
1  288 0 0 1.14811253620742
0

0101000
+383 0 -381 0 *
Ve
1e-07
-1098.982056 -0 -636.553223
0 0

0101101
*
Ed
 1e-07 1 1 0
1  289 0 0 7.23829846669074
0

0101000
+381 0 -379 0 *
Ve
1e-07
-1104.349243 -0 -637.712097
0 0

0101101
*
Ed
 1e-07 1 1 0
1  290 0 0 5.49087290335909
0

0101000
+379 0 -377 0 *
Ve
1e-07
-1104.414429 -0 -630.036255
0 0

0101101
*
Ed
 1e-07 1 1 0
1  291 0 0 7.67611878644148
0

0101000
+377 0 -375 0 *
Ve
1e-07
-1105.505127 -0 -630.045532
0 0

0101101
*
Ed
 1e-07 1 1 0
1  292 0 0 1.09073745233807
0

0101000
+375 0 -373 0 *
Ve
1e-07
-1105.437988 -0 -637.947205
0 0

0101101
*
Ed
 1e-07 1 1 0
1  293 0 0 7.90195822845522
0

0101000
+373 0 -371 0 *
Ve
1e-07
-1112.627319 -0 -639.499512
0 0

0101101
*
Ed
 1e-07 1 1 0
1  294 0 0 7.35500763084651
0

0101000
+371 0 -369 0 *
Ve
1e-07
-1114.025513 -0 -639.511414
0 0

0101101
*
Ed
 1e-07 1 1 0
1  295 0 0 1.39824465643187
0

0101000
+369 0 -367 0 *
Ve
1e-07
-1114.079834 -0 -633.571716
0 0

0101101
*
Ed
 1e-07 1 1 0
1  296 0 0 5.93994638883584
0

0101000
+367 0 -365 0 *
Ve
1e-07
-1115.104004 -0 -633.580383
0 0

0101101
*
Ed
 1e-07 1 1 0
1  297 0 0 1.02420667142393
0

0101000
+365 0 -363 0 *
Ve
1e-07
-1115.042236 -0 -640.846863
0 0

0101101
*
Ed
 1e-07 1 1 0
1  298 0 0 7.26674252166843
0

0101000
+363 0 -361 0 *
Ve
1e-07
-1113.229492 -0 -640.831482
0 0

0101101
*
Ed
 1e-07 1 1 0
1  299 0 0 1.81280925215458
0

0101000
+361 0 -359 0 *
Ve
1e-07
-1113.180176 -0 -646.635681
0 0

0101101
*
Ed
 1e-07 1 1 0
1  300 0 0 5.80440850556335
0

0101000
+359 0 -357 0 *
Ve
1e-07
-1151.199951 -0 -646.967834
0 0

0101101
*
Ed
 1e-07 1 1 0
1  301 0 0 38.0212258701115
0

0101000
+357 0 -355 0 *
Ve
1e-07
-1151.218628 -0 -644.772583
0 0

0101101
*
Ed
 1e-07 1 1 0
1  302 0 0 2.1953304496886
0

0101000
+355 0 -353 0 *
Ve
1e-07
-1152.099976 -0 -644.78009
0 0

0101101
*
Ed
 1e-07 1 1 0
1  303 0 0 0.881379970360572
0

0101000
+353 0 -351 0 *
Ve
1e-07
-1152.09375 -0 -645.523621
0 0

0101101
*
Ed
 1e-07 1 1 0
1  304 0 0 0.743557066429411
0

0101000
+351 0 -349 0 *
Ve
1e-07
-1153.993652 -0 -647.142395
0 0

0101101
*
Ed
 1e-07 1 1 0
1  305 0 0 2.49600818762282
0

0101000
+349 0 -347 0 *
Ve
1e-07
-1157.803345 -0 -647.174744
0 0

0101101
*
Ed
 1e-07 1 1 0
1  306 0 0 3.8098303390111
0

0101000
+347 0 -345 0 *
Ve
1e-07
-1159.730469 -0 -645.588501
0 0

0101101
*
Ed
 1e-07 1 1 0
1  307 0 0 2.49599153973435
0

0101000
+345 0 -343 0 *
Ve
1e-07
-1159.753784 -0 -642.839905
0 0

0101101
*
Ed
 1e-07 1 1 0
1  308 0 0 2.74869488311098
0

0101000
+343 0 -341 0 *
Ve
1e-07
-1157.853882 -0 -641.22113
0 0

0101101
*
Ed
 1e-07 1 1 0
1  309 0 0 2.49600883616798
0

0101000
+341 0 -339 0 *
Ve
1e-07
-1154.044189 -0 -641.188782
0 0

0101101
*
Ed
 1e-07 1 1 0
1  310 0 0 3.80983033052053
0

0101000
+339 0 -337 0 *
Ve
1e-07
-1152.117065 -0 -642.775085
0 0

0101101
*
Ed
 1e-07 1 1 0
1  311 0 0 2.49602967113481
0

0101000
+337 0 -335 0 *
Ve
1e-07
-1152.110474 -0 -643.552429
0 0

0101101
*
Ed
 1e-07 1 1 0
1  312 0 0 0.777371941619295
0

0101000
+335 0 -333 0 *
Ve
1e-07
-1151.229004 -0 -643.544922
0 0

0101101
*
Ed
 1e-07 1 1 0
1  313 0 0 0.881501965936016
0

0101000
+333 0 -331 0 *
Ve
1e-07
-1151.257202 -0 -640.223022
0 0

0101101
*
Ed
 1e-07 1 1 0
1  314 0 0 3.3220196774258
0

0101000
+331 0 -329 0 *
Ve
1e-07
-1157.411133 -0 -640.275269
0 0

0101101
*
Ed
 1e-07 1 1 0
1  315 0 0 6.1541527850526
0

0101000
+329 0 -327 0 *
Ve
1e-07
-1157.454102 -0 -635.221436
0 0

0101101
*
Ed
 1e-07 1 1 0
1  316 0 0 5.05401566349466
0

0101000
+327 0 -325 0 *
Ve
1e-07
-1152.567505 -0 -635.179932
0 0

0101101
*
Ed
 1e-07 1 1 0
1  317 0 0 4.88677325260999
0

0101000
+325 0 -323 0 *
Ve
1e-07
-1152.575806 -0 -634.202515
0 0

0101101
*
Ed
 1e-07 1 1 0
1  318 0 0 0.977452248700732
0

0101000
+323 0 -321 0 *
Ve
1e-07
-1157.462402 -0 -634.244019
0 0

0101101
*
Ed
 1e-07 1 1 0
1  319 0 0 4.88677225264617
0

0101000
+321 0 -319 0 *
Ve
1e-07
-1157.512329 -0 -628.358215
0 0

0101101
*
Ed
 1e-07 1 1 0
1  320 0 0 5.88601575191106
0

0101000
+319 0 -317 0 *
Ve
1e-07
-1152.625854 -0 -628.316711
0 0

0101101
*
Ed
 1e-07 1 1 0
1  321 0 0 4.88665125701039
0

0101000
+317 0 -315 0 *
Ve
1e-07
-1152.635376 -0 -627.188721
0 0

0101101
*
Ed
 1e-07 1 1 0
1  322 0 0 1.12803018957125
0

0101000
+315 0 -313 0 *
Ve
1e-07
-1157.521973 -0 -627.230225
0 0

0101101
*
Ed
 1e-07 1 1 0
1  323 0 0 4.88677325260999
0

0101000
+313 0 -311 0 *
Ve
1e-07
-1157.561157 -0 -622.608826
0 0

0101101
*
Ed
 1e-07 1 1 0
1  324 0 0 4.62156511401246
0

0101000
+311 0 -309 0 *
Ve
1e-07
-1152.674683 -0 -622.567322
0 0

0101101
*
Ed
 1e-07 1 1 0
1  325 0 0 4.88665025704657
0

0101000
+309 0 -307 0 *
Ve
1e-07
-1152.683594 -0 -621.512207
0 0

0101101
*
Ed
 1e-07 1 1 0
1  326 0 0 1.05515262836521
0

0101000
+307 0 -305 0 *
Ve
1e-07
-1157.57019 -0 -621.553711
0 0

0101101
*
Ed
 1e-07 1 1 0
1  327 0 0 4.88677225264594
0

0101000
+305 0 -303 0 *
Ve
1e-07
-1157.622681 -0 -615.367249
0 0

0101101
*
Ed
 1e-07 1 1 0
1  328 0 0 6.18668468426548
0

0101000
+303 0 -301 0 *
Ve
1e-07
-1152.736206 -0 -615.325745
0 0

0101101
*
Ed
 1e-07 1 1 0
1  329 0 0 4.88665125701039
0

0101000
+301 0 -299 0 *
Ve
1e-07
-1152.745239 -0 -614.266418
0 0

0101101
*
Ed
 1e-07 1 1 0
1  330 0 0 1.05936551200135
0

0101000
+299 0 -297 0 *
Ve
1e-07
-1157.631714 -0 -614.307983
0 0

0101101
*
Ed
 1e-07 1 1 0
1  331 0 0 4.88665177548495
0

0101000
+297 0 -295 0 *
Ve
1e-07
-1157.669189 -0 -609.895386
0 0

0101101
*
Ed
 1e-07 1 1 0
1  332 0 0 4.41275612968064
0

0101000
+295 0 -293 0 *
Ve
1e-07
-1152.782715 -0 -609.853882
0 0

0101101
*
Ed
 1e-07 1 1 0
1  333 0 0 4.88665025704634
0

0101000
+293 0 -291 0 *
Ve
1e-07
-1152.793335 -0 -608.603577
0 0

0101101
*
Ed
 1e-07 1 1 0
1  334 0 0 1.25035010194148
0

0101000
+291 0 -289 0 *
Ve
1e-07
-1154.741333 -0 -608.620117
0 0

0101101
*
Ed
 1e-07 1 1 0
1  335 0 0 1.9480682173896
0

0101000
+289 0 -287 0 *
Ve
1e-07
-1157.704712 -0 -605.706604
0 0

0101101
*
Ed
 1e-07 1 1 0
1  336 0 0 4.15573977756195
0

0101000
+287 0 -285 0 *
Ve
1e-07
-1157.747314 -0 -600.698914
0 0

0101101
*
Ed
 1e-07 1 1 0
1  337 0 0 5.00787121105408
0

0101000
+285 0 -283 0 *
Ve
1e-07
-1154.83374 -0 -597.735474
0 0

0101101
*
Ed
 1e-07 1 1 0
1  338 0 0 4.15582604148387
0

0101000
+283 0 -281 0 *
Ve
1e-07
-1152.885742 -0 -597.718933
0 0

0101101
*
Ed
 1e-07 1 1 0
1  339 0 0 1.94806822588055
0

0101000
+281 0 -279 0 *
Ve
1e-07
-1152.894653 -0 -596.677429
0 0

0101101
*
Ed
 1e-07 1 1 0
1  340 0 0 1.04154212009744
0

0101000
+279 0 -277 0 *
Ve
1e-07
-1157.781128 -0 -596.718933
0 0

0101101
*
Ed
 1e-07 1 1 0
1  341 0 0 4.88665125701039
0

0101000
+277 0 -275 0 *
Ve
1e-07
-1157.813599 -0 -592.893127
0 0

0101101
*
Ed
 1e-07 1 1 0
1  342 0 0 3.82594379408226
0

0101000
+275 0 -273 0 *
Ve
1e-07
-1146.678223 -0 -592.798584
0 0

0101101
*
Ed
 1e-07 1 1 0
1  343 0 0 11.1357773433303
0

0101000
+273 0 -271 0 *
Ve
1e-07
-1146.645752 -0 -596.624329
0 0

0101101
*
Ed
 1e-07 1 1 0
1  344 0 0 3.82588279627929
0

0101000
+271 0 -269 0 *
Ve
1e-07
-1151.19043 -0 -596.662964
0 0

0101101
*
Ed
 1e-07 1 1 0
1  345 0 0 4.54484221804353
0

0101000
+269 0 -267 0 *
Ve
1e-07
-1151.181641 -0 -597.704468
0 0

0101101
*
Ed
 1e-07 1 1 0
1  346 0 0 1.04154108346098
0

0101000
+267 0 -265 0 *
Ve
1e-07
-1149.575317 -0 -597.690796
0 0

0101101
*
Ed
 1e-07 1 1 0
1  347 0 0 1.60638218259527
0

0101000
+265 0 -263 0 *
Ve
1e-07
-1146.611938 -0 -600.604309
0 0

0101101
*
Ed
 1e-07 1 1 0
1  348 0 0 4.15573977756187
0

0101000
+263 0 -261 0 *
Ve
1e-07
-1146.594971 -0 -602.603943
0 0

0101101
*
Ed
 1e-07 1 1 0
1  349 0 0 1.99970598164957
0

0101000
+261 0 -259 0 *
Ve
1e-07
-1145.459961 -0 -602.594299
0 0

0101101
*
Ed
 1e-07 1 1 0
1  350 0 0 1.1350509710299
0

0101000
+259 0 -257 0 *
Ve
1e-07
-1145.5177 -0 -595.789062
0 0

0101101
*
Ed
 1e-07 1 1 0
1  351 0 0 6.80548193872341
0

0101000
+257 0 -255 0 *
Ve
1e-07
-1145.575562 -0 -588.983826
0 0

0101101
*
Ed
 1e-07 1 1 0
1  352 0 0 6.80548198342622
0

0101000
+255 0 -253 0 *
Ve
1e-07
-1145.633301 -0 -582.178589
0 0

0101101
*
Ed
 1e-07 1 1 0
1  353 0 0 6.80548193872341
0

0101000
+253 0 -251 0 *
Ve
1e-07
-1146.768311 -0 -582.188171
0 0

0101101
*
Ed
 1e-07 1 1 0
1  354 0 0 1.13505044593794
0

0101000
+251 0 -249 0 *
Ve
1e-07
-1146.727417 -0 -587.011475
0 0

0101101
*
Ed
 1e-07 1 1 0
1  355 0 0 4.82347735515075
0

0101000
+249 0 -247 0 *
Ve
1e-07
-1146.686401 -0 -591.834778
0 0

0101101
*
Ed
 1e-07 1 1 0
1  356 0 0 4.82347739105981
0

0101000
+247 0 -245 0 *
Ve
1e-07
-1157.821777 -0 -591.929382
0 0

0101101
*
Ed
 1e-07 1 1 0
1  357 0 0 11.1357778613888
0

0101000
+245 0 -243 0 *
Ve
1e-07
-1157.863037 -0 -587.064575
0 0

0101101
*
Ed
 1e-07 1 1 0
1  358 0 0 4.86498196654925
0

0101000
+243 0 -241 0 *
Ve
1e-07
-1157.904419 -0 -582.199707
0 0

0101101
*
Ed
 1e-07 1 1 0
1  359 0 0 4.86504400055621
0

0101000
+241 0 -239 0 *
Ve
1e-07
-1158.954468 -0 -582.208679
0 0

0101101
*
Ed
 1e-07 1 1 0
1  360 0 0 1.05008732931356
0

0101000
+239 0 -237 0 *
Ve
1e-07
-1158.901855 -0 -588.402649
0 0

0101101
*
Ed
 1e-07 1 1 0
1  361 0 0 6.19419344940642
0

0101000
+237 0 -235 0 *
Ve
1e-07
-1167.770264 -0 -588.477966
0 0

0101101
*
Ed
 1e-07 1 1 0
1  362 0 0 8.86872881769246
0

0101000
+235 0 -233 0 *
Ve
1e-07
-1167.836426 -0 -580.6828
0 0

0101101
*
Ed
 1e-07 1 1 0
1  363 0 0 7.79544677217412
0

0101000
+233 0 -231 0 *
Ve
1e-07
-1153.546021 -0 -580.561462
0 0

0101101
*
Ed
 1e-07 1 1 0
1  364 0 0 14.2909201234304
0

0101000
+231 0 -229 0 *
Ve
1e-07
-1153.55542 -0 -579.447571
0 0

0101101
*
Ed
 1e-07 1 1 0
1  365 0 0 1.11393065362343
0

0101000
+229 0 -227 0 *
Ve
1e-07
-1167.845947 -0 -579.56897
0 0

0101101
*
Ed
 1e-07 1 1 0
1  366 0 0 14.2910426370833
0

0101000
+227 0 -225 0 *
Ve
1e-07
-1168.049561 -0 -555.593567
0 0

0101101
*
Ed
 1e-07 1 1 0
1  367 0 0 23.9762675926301
0

0101000
+225 0 -223 0 *
Ve
1e-07
-1159.239014 -0 -555.518738
0 0

0101101
*
Ed
 1e-07 1 1 0
1  368 0 0 8.81086475996827
0

0101000
+223 0 -221 0 *
Ve
1e-07
-1159.248413 -0 -554.40918
0 0

0101101
*
Ed
 1e-07 1 1 0
1  369 0 0 1.1095978084716
0

0101000
+221 0 -219 0 *
Ve
1e-07
-1168.05896 -0 -554.484009
0 0

0101101
*
Ed
 1e-07 1 1 0
1  370 0 0 8.81086475996827
0

0101000
+219 0 -217 0 *
Ve
1e-07
-1168.123413 -0 -546.900024
0 0

0101101
*
Ed
 1e-07 1 1 0
1  371 0 0 7.58425887410456
0

0101000
+217 0 -215 0 *
Ve
1e-07
-1159.312866 -0 -546.825195
0 0

0101101
*
Ed
 1e-07 1 1 0
1  372 0 0 8.81086475996827
0

0101000
+215 0 -213 0 *
Ve
1e-07
-1159.320557 -0 -545.915588
0 0

0101101
*
Ed
 1e-07 1 1 0
1  373 0 0 0.909639514274799
0

0101000
+213 0 -211 0 *
Ve
1e-07
-1168.131104 -0 -545.990417
0 0

0101101
*
Ed
 1e-07 1 1 0
1  374 0 0 8.81086475996827
0

0101000
+211 0 -209 0 *
Ve
1e-07
-1168.182739 -0 -539.919861
0 0

0101101
*
Ed
 1e-07 1 1 0
1  375 0 0 6.07077559479521
0

0101000
+209 0 -207 0 *
Ve
1e-07
-1168.300171 -0 -526.092163
0 0

0101101
*
Ed
 1e-07 1 1 0
1  376 0 0 13.8281966378059
0

0101000
+207 0 -205 0 *
Ve
1e-07
-1155.37793 -0 -525.982361
0 0

0101101
*
Ed
 1e-07 1 1 0
1  377 0 0 12.9227074926768
0

0101000
+205 0 -203 0 *
Ve
1e-07
-1155.320923 -0 -532.689758
0 0

0101101
*
Ed
 1e-07 1 1 0
1  378 0 0 6.7076392504113
0

0101000
+203 0 -201 0 *
Ve
1e-07
-1166.031738 -0 -532.780701
0 0

0101101
*
Ed
 1e-07 1 1 0
1  379 0 0 10.7112010808066
0

0101000
+201 0 -199 0 *
Ve
1e-07
-1166.022827 -0 -533.830444
0 0

0101101
*
Ed
 1e-07 1 1 0
1  380 0 0 1.04978082091933
0

0101000
+199 0 -197 0 *
Ve
1e-07
-1160.437622 -0 -533.78302
0 0

0101101
*
Ed
 1e-07 1 1 0
1  381 0 0 5.58540633506659
0

0101000
+197 0 -195 0 *
Ve
1e-07
-1160.344849 -0 -544.706421
0 0

0101101
*
Ed
 1e-07 1 1 0
1  382 0 0 10.9237949557986
0

0101000
+195 0 -193 0 *
Ve
1e-07
-1159.330933 -0 -544.697815
0 0

0101101
*
Ed
 1e-07 1 1 0
1  383 0 0 1.01395252270125
0

0101000
+193 0 -191 0 *
Ve
1e-07
-1159.425171 -0 -533.608032
0 0

0101101
*
Ed
 1e-07 1 1 0
1  384 0 0 11.0901833973895
0

0101000
+191 0 -189 0 *
Ve
1e-07
-1149.133545 -0 -533.52063
0 0

0101101
*
Ed
 1e-07 1 1 0
1  385 0 0 10.2919971256061
0

0101000
+189 0 -187 0 *
Ve
1e-07
-1149.140991 -0 -532.637268
0 0

0101101
*
Ed
 1e-07 1 1 0
1  386 0 0 0.883393381206844
0

0101000
+187 0 -185 0 *
Ve
1e-07
-1154.465088 -0 -532.682495
0 0

0101101
*
Ed
 1e-07 1 1 0
1  387 0 0 5.32428909310317
0

0101000
+185 0 -183 0 *
Ve
1e-07
-1154.536011 -0 -524.328857
0 0

0101101
*
Ed
 1e-07 1 1 0
1  388 0 0 8.35393906531367
0

0101000
+183 0 -181 0 *
Ve
1e-07
-1153.026123 -0 -526.040405
0 0

0101101
*
Ed
 1e-07 1 1 0
1  389 0 0 2.28235806324236
0

0101000
+181 0 -179 0 *
Ve
1e-07
-1148.740967 -0 -526.004028
0 0

0101101
*
Ed
 1e-07 1 1 0
1  390 0 0 4.28531040071384
0

0101000
+179 0 -177 0 *
Ve
1e-07
-1147.260376 -0 -524.26709
0 0

0101101
*
Ed
 1e-07 1 1 0
1  391 0 0 2.28234601345297
0

0101000
+177 0 -175 0 *
Ed
 1e-07 1 1 0
1  392 0 0 32.3342965381012
0

0101000
+175 0 -956 0 *
Wi

0101100
+954 0 +952 0 +950 0 +948 0 +946 0 +944 0 +942 0 +940 0 +938 0 +936 0 
+934 0 +932 0 +930 0 +928 0 +926 0 +924 0 +922 0 +920 0 +918 0 +916 0 
+914 0 +912 0 +910 0 +908 0 +906 0 +904 0 +902 0 +900 0 +898 0 +896 0 
+894 0 +892 0 +890 0 +888 0 +886 0 +884 0 +882 0 +880 0 +878 0 +876 0 
+874 0 +872 0 +870 0 +868 0 +866 0 +864 0 +862 0 +860 0 +858 0 +856 0 
+854 0 +852 0 +850 0 +848 0 +846 0 +844 0 +842 0 +840 0 +838 0 +836 0 
+834 0 +832 0 +830 0 +828 0 +826 0 +824 0 +822 0 +820 0 +818 0 +816 0 
+814 0 +812 0 +810 0 +808 0 +806 0 +804 0 +802 0 +800 0 +798 0 +796 0 
+794 0 +792 0 +790 0 +788 0 +786 0 +784 0 +782 0 +780 0 +778 0 +776 0 
+774 0 +772 0 +770 0 +768 0 +766 0 +764 0 +762 0 +760 0 +758 0 +756 0 
+754 0 +752 0 +750 0 +748 0 +746 0 +744 0 +742 0 +740 0 +738 0 +736 0 
+734 0 +732 0 +730 0 +728 0 +726 0 +724 0 +722 0 +720 0 +718 0 +716 0 
+714 0 +712 0 +710 0 +708 0 +706 0 +704 0 +702 0 +700 0 +698 0 +696 0 
+694 0 +692 0 +690 0 +688 0 +686 0 +684 0 +682 0 +680 0 +678 0 +676 0 
+674 0 +672 0 +670 0 +668 0 +666 0 +664 0 +662 0 +660 0 +658 0 +656 0 
+654 0 +652 0 +650 0 +648 0 +646 0 +644 0 +642 0 +640 0 +638 0 +636 0 
+634 0 +632 0 +630 0 +628 0 +626 0 +624 0 +622 0 +620 0 +618 0 +616 0 
+614 0 +612 0 +610 0 +608 0 +606 0 +604 0 +602 0 +600 0 +598 0 +596 0 
+594 0 +592 0 +590 0 +588 0 +586 0 +584 0 +582 0 +580 0 +578 0 +576 0 
+574 0 +572 0 +570 0 +568 0 +566 0 +564 0 +562 0 +560 0 +558 0 +556 0 
+554 0 +552 0 +550 0 +548 0 +546 0 +544 0 +542 0 +540 0 +538 0 +536 0 
+534 0 +532 0 +530 0 +528 0 +526 0 +524 0 +522 0 +520 0 +518 0 +516 0 
+514 0 +512 0 +510 0 +508 0 +506 0 +504 0 +502 0 +500 0 +498 0 +496 0 
+494 0 +492 0 +490 0 +488 0 +486 0 +484 0 +482 0 +480 0 +478 0 +476 0 
+474 0 +472 0 +470 0 +468 0 +466 0 +464 0 +462 0 +460 0 +458 0 +456 0 
+454 0 +452 0 +450 0 +448 0 +446 0 +444 0 +442 0 +440 0 +438 0 +436 0 
+434 0 +432 0 +430 0 +428 0 +426 0 +424 0 +422 0 +420 0 +418 0 +416 0 
+414 0 +412 0 +410 0 +408 0 +406 0 +404 0 +402 0 +400 0 +398 0 +396 0 
+394 0 +392 0 +390 0 +388 0 +386 0 +384 0 +382 0 +380 0 +378 0 +376 0 
+374 0 +372 0 +370 0 +368 0 +366 0 +364 0 +362 0 +360 0 +358 0 +356 0 
+354 0 +352 0 +350 0 +348 0 +346 0 +344 0 +342 0 +340 0 +338 0 +336 0 
+334 0 +332 0 +330 0 +328 0 +326 0 +324 0 +322 0 +320 0 +318 0 +316 0 
+314 0 +312 0 +310 0 +308 0 +306 0 +304 0 +302 0 +300 0 +298 0 +296 0 
+294 0 +292 0 +290 0 +288 0 +286 0 +284 0 +282 0 +280 0 +278 0 +276 0 
+274 0 +272 0 +270 0 +268 0 +266 0 +264 0 +262 0 +260 0 +258 0 +256 0 
+254 0 +252 0 +250 0 +248 0 +246 0 +244 0 +242 0 +240 0 +238 0 +236 0 
+234 0 +232 0 +230 0 +228 0 +226 0 +224 0 +222 0 +220 0 +218 0 +216 0 
+214 0 +212 0 +210 0 +208 0 +206 0 +204 0 +202 0 +200 0 +198 0 +196 0 
+194 0 +192 0 +190 0 +188 0 +186 0 +184 0 +182 0 +180 0 +178 0 +176 0 
+174 0 +173 0 *
Ve
1e-07
-1159.719604 -0 -519.136719
0 0

0101101
*
Ve
1e-07
-1159.735962 -0 -517.213501
0 0

0101101
*
Ed
 1e-07 1 1 0
1  393 0 0 1.9232875655211
2  1 2 0 0 1.9232875655211
2  2 3 0 0 1.9232875655211
0

0101000
+171 0 -170 0 *
Ve
1e-07
-1160.620117 -0 -517.221008
0 0

0101101
*
Ed
 1e-07 1 1 0
1  394 0 0 0.884186868865365
2  3 2 0 0 0.884186868865365
2  4 3 0 0 0.884186868865365
0

0101000
+170 0 -168 0 *
Ve
1e-07
-1160.60376 -0 -519.144226
0 0

0101101
*
Ed
 1e-07 1 1 0
1  395 0 0 1.92328755701613
2  5 2 0 0 1.92328755701613
2  6 3 0 0 1.92328755701613
0

0101000
+168 0 -166 0 *
Ed
 1e-07 1 1 0
1  396 0 0 0.884187868829433
2  7 2 0 0 0.884187868829433
2  8 3 0 0 0.884187868829433
0

0101000
+166 0 -171 0 *
Wi

0101100
+169 0 +167 0 +165 0 +164 0 *
Ve
1e-07
-1160.573486 -0 -522.712952
0 0

0101101
*
Ve
1e-07
-1159.689331 -0 -522.705444
0 0

0101101
*
Ed
 1e-07 1 1 0
1  397 0 0 0.884186877356216
2  9 4 0 0 0.884186877356216
2  10 5 0 0 0.884186877356216
0

0101000
+162 0 -161 0 *
Ve
1e-07
-1159.705566 -0 -520.782227
0 0

0101101
*
Ed
 1e-07 1 1 0
1  398 0 0 1.92328552334647
2  11 4 0 0 1.92328552334647
2  12 5 0 0 1.92328552334647
0

0101000
+161 0 -159 0 *
Ve
1e-07
-1160.589844 -0 -520.789734
0 0

0101101
*
Ed
 1e-07 1 1 0
1  399 0 0 0.884309864432705
2  13 4 0 0 0.884309864432705
2  14 5 0 0 0.884309864432705
0

0101000
+159 0 -157 0 *
Ed
 1e-07 1 1 0
1  400 0 0 1.9232875655211
2  15 4 0 0 1.9232875655211
2  16 5 0 0 1.9232875655211
0

0101000
+157 0 -162 0 *
Wi

0101100
+160 0 +158 0 +156 0 +155 0 *
Ve
1e-07
-1153.127319 -0 -514.120911
0 0

0101101
*
Ve
1e-07
-1154.608032 -0 -515.857849
0 0

0101101
*
Ed
 1e-07 1 1 0
1  401 0 0 2.28242515851308
2  17 6 0 0 2.28242515851308
2  18 7 0 0 2.28242515851308
0

0101000
+153 0 -152 0 *
Ve
1e-07
-1154.622681 -0 -514.133606
0 0

0101101
*
Ed
 1e-07 1 1 0
1  402 0 0 1.72430522711323
2  19 6 0 0 1.72430522711323
2  20 7 0 0 1.72430522711323
0

0101000
+152 0 -150 0 *
Ve
1e-07
-1156.921143 -0 -514.153137
0 0

0101101
*
Ed
 1e-07 1 1 0
1  403 0 0 2.29854498006997
2  21 6 0 0 2.29854498006997
2  22 7 0 0 2.29854498006997
0

0101000
+150 0 -148 0 *
Ve
1e-07
-1156.915894 -0 -514.76355
0 0

0101101
*
Ed
 1e-07 1 1 0
1  404 0 0 0.610435567910319
2  23 6 0 0 0.610435567910319
2  24 7 0 0 0.610435567910319
0

0101000
+148 0 -146 0 *
Ve
1e-07
-1155.341797 -0 -514.750183
0 0

0101101
*
Ed
 1e-07 1 1 0
1  405 0 0 1.57415375427491
2  25 6 0 0 1.57415375427491
2  26 7 0 0 1.57415375427491
0

0101000
+146 0 -144 0 *
Ve
1e-07
-1155.307373 -0 -518.810547
0 0

0101101
*
Ed
 1e-07 1 1 0
1  406 0 0 4.06050992170594
2  27 6 0 0 4.06050992170594
2  28 7 0 0 4.06050992170594
0

0101000
+144 0 -142 0 *
Ve
1e-07
-1154.583008 -0 -518.804382
0 0

0101101
*
Ed
 1e-07 1 1 0
1  407 0 0 0.724391234382395
2  29 6 0 0 0.724391234382395
2  30 7 0 0 0.724391234382395
0

0101000
+142 0 -140 0 *
Ve
1e-07
-1154.594482 -0 -517.4422
0 0

0101101
*
Ed
 1e-07 1 1 0
1  408 0 0 1.36223032333016
2  31 6 0 0 1.36223032333016
2  32 7 0 0 1.36223032333016
0

0101000
+140 0 -138 0 *
Ve
1e-07
-1152.644775 -0 -515.154907
0 0

0101101
*
Ed
 1e-07 1 1 0
1  409 0 0 3.00550605617388
2  33 6 0 0 3.00550605617388
2  34 7 0 0 3.00550605617388
0

0101000
+138 0 -136 0 *
Ve
1e-07
-1152.276489 -0 -515.151794
0 0

0101101
*
Ed
 1e-07 1 1 0
1  410 0 0 0.36829915634566
2  35 6 0 0 0.36829915634566
2  36 7 0 0 0.36829915634566
0

0101000
+136 0 -134 0 *
Ve
1e-07
-1152.285278 -0 -514.11377
0 0

0101101
*
Ed
 1e-07 1 1 0
1  411 0 0 1.03806120777963
2  37 6 0 0 1.03806120777963
2  38 7 0 0 1.03806120777963
0

0101000
+134 0 -132 0 *
Ed
 1e-07 1 1 0
1  412 0 0 0.842071279383045
2  39 6 0 0 0.842071279383045
2  40 7 0 0 0.842071279383045
0

0101000
+132 0 -153 0 *
Wi

0101100
+151 0 +149 0 +147 0 +145 0 +143 0 +141 0 +139 0 +137 0 +135 0 +133 0 
+131 0 +130 0 *
Ve
1e-07
-1114.786987 -0 -539.542175
0 0

0101101
*
Ve
1e-07
-1114.862061 -0 -530.696533
0 0

0101101
*
Ed
 1e-07 1 1 0
1  413 0 0 8.84596057518006
2  41 8 0 0 8.84596057518006
2  42 9 0 0 8.84596057518006
0

0101000
+128 0 -127 0 *
Ve
1e-07
-1115.977783 -0 -530.705994
0 0

0101101
*
Ed
 1e-07 1 1 0
1  414 0 0 1.11576211255133
2  43 8 0 0 1.11576211255133
2  44 9 0 0 1.11576211255133
0

0101000
+127 0 -125 0 *
Ve
1e-07
-1115.90271 -0 -539.551697
0 0

0101101
*
Ed
 1e-07 1 1 0
1  415 0 0 8.84602156449651
2  45 8 0 0 8.84602156449651
2  46 9 0 0 8.84602156449651
0

0101000
+125 0 -123 0 *
Ed
 1e-07 1 1 0
1  416 0 0 1.11576363142615
2  47 8 0 0 1.11576363142615
2  48 9 0 0 1.11576363142615
0

0101000
+123 0 -128 0 *
Wi

0101100
+126 0 +124 0 +122 0 +121 0 *
Ve
1e-07
-1159.289551 -0 -549.567932
0 0

0101101
*
Ve
1e-07
-1159.30249 -0 -548.04303
0 0

0101101
*
Ed
 1e-07 1 1 0
1  417 0 0 1.52495689359568
2  49 10 0 0 1.52495689359568
2  50 11 0 0 1.52495689359568
0

0101000
+119 0 -118 0 *
Ve
1e-07
-1160.316406 -0 -548.051636
0 0

0101101
*
Ed
 1e-07 1 1 0
1  418 0 0 1.01395252270102
2  51 10 0 0 1.01395252270102
2  52 11 0 0 1.01395252270102
0

0101000
+118 0 -116 0 *
Ve
1e-07
-1160.269653 -0 -553.564392
0 0

0101101
*
Ed
 1e-07 1 1 0
1  419 0 0 5.51295424963283
2  53 10 0 0 5.51295424963283
2  54 11 0 0 5.51295424963283
0

0101000
+116 0 -114 0 *
Ve
1e-07
-1159.255737 -0 -553.555786
0 0

0101101
*
Ed
 1e-07 1 1 0
1  420 0 0 1.01395252270125
2  55 10 0 0 1.01395252270125
2  56 11 0 0 1.01395252270125
0

0101000
+114 0 -112 0 *
Ve
1e-07
-1159.282104 -0 -550.444031
0 0

0101101
*
Ed
 1e-07 1 1 0
1  421 0 0 3.11186670645034
2  57 10 0 0 3.11186670645034
2  58 11 0 0 3.11186670645034
0

0101000
+112 0 -110 0 *
Ve
1e-07
-1148.201538 -0 -550.349915
0 0

0101101
*
Ed
 1e-07 1 1 0
1  422 0 0 11.080965693558
2  59 10 0 0 11.080965693558
2  60 11 0 0 11.080965693558
0

0101000
+110 0 -108 0 *
Ve
1e-07
-1148.208984 -0 -549.473755
0 0

0101101
*
Ed
 1e-07 1 1 0
1  423 0 0 0.87619163914982
2  61 10 0 0 0.87619163914982
2  62 11 0 0 0.87619163914982
0

0101000
+108 0 -106 0 *
Ed
 1e-07 1 1 0
1  424 0 0 11.0809672117924
2  63 10 0 0 11.0809672117924
2  64 11 0 0 11.0809672117924
0

0101000
+106 0 -119 0 *
Wi

0101100
+117 0 +115 0 +113 0 +111 0 +109 0 +107 0 +105 0 +104 0 *
Ve
1e-07
-1149.307129 -0 -515.126526
0 0

0101101
*
Ve
1e-07
-1147.318848 -0 -517.380371
0 0

0101101
*
Ed
 1e-07 1 1 0
1  425 0 0 3.00550804673459
2  65 12 0 0 3.00550804673459
2  66 13 0 0 3.00550804673459
0

0101000
+102 0 -101 0 *
Ve
1e-07
-1147.307251 -0 -518.742554
0 0

0101101
*
Ed
 1e-07 1 1 0
1  426 0 0 1.36223236486959
2  67 12 0 0 1.36223236486959
2  68 13 0 0 1.36223236486959
0

0101000
+101 0 -99 0 *
Ve
1e-07
-1146.172241 -0 -518.73291
0 0

0101101
*
Ed
 1e-07 1 1 0
1  427 0 0 1.1350509710299
2  69 12 0 0 1.1350509710299
2  70 13 0 0 1.1350509710299
0

0101000
+99 0 -97 0 *
Ve
1e-07
-1146.235107 -0 -511.326538
0 0

0101101
*
Ed
 1e-07 1 1 0
1  428 0 0 7.40663880153061
2  71 12 0 0 7.40663880153061
2  72 13 0 0 7.40663880153061
0

0101000
+97 0 -95 0 *
Ve
1e-07
-1146.298096 -0 -503.920166
0 0

0101101
*
Ed
 1e-07 1 1 0
1  429 0 0 7.40663984655022
2  73 12 0 0 7.40663984655022
2  74 13 0 0 7.40663984655022
0

0101000
+95 0 -93 0 *
Ve
1e-07
-1147.433105 -0 -503.92981
0 0

0101101
*
Ed
 1e-07 1 1 0
1  430 0 0 1.13504997106611
2  75 12 0 0 1.13504997106611
2  76 13 0 0 1.13504997106611
0

0101000
+93 0 -91 0 *
Ve
1e-07
-1147.400757 -0 -507.736847
0 0

0101101
*
Ed
 1e-07 1 1 0
1  431 0 0 3.80717442632634
2  77 12 0 0 3.80717442632634
2  78 13 0 0 3.80717442632634
0

0101000
+91 0 -89 0 *
Ve
1e-07
-1149.592529 -0 -507.755463
0 0

0101101
*
Ed
 1e-07 1 1 0
1  432 0 0 2.19185105685573
2  79 12 0 0 2.19185105685573
2  80 13 0 0 2.19185105685573
0

0101000
+89 0 -87 0 *
Ve
1e-07
-1149.584595 -0 -508.6828
0 0

0101101
*
Ed
 1e-07 1 1 0
1  433 0 0 0.927370939767328
2  81 12 0 0 0.927370939767328
2  82 13 0 0 0.927370939767328
0

0101000
+87 0 -85 0 *
Ve
1e-07
-1147.392822 -0 -508.664185
0 0

0101101
*
Ed
 1e-07 1 1 0
1  434 0 0 2.19185204832672
2  83 12 0 0 2.19185204832672
2  84 13 0 0 2.19185204832672
0

0101000
+85 0 -83 0 *
Ve
1e-07
-1147.332275 -0 -515.796082
0 0

0101101
*
Ed
 1e-07 1 1 0
1  435 0 0 7.13215400547533
2  85 12 0 0 7.13215400547533
2  86 13 0 0 7.13215400547533
0

0101000
+83 0 -81 0 *
Ve
1e-07
-1148.842163 -0 -514.084534
0 0

0101101
*
Ed
 1e-07 1 1 0
1  436 0 0 2.28235806324251
2  87 12 0 0 2.28235806324251
2  88 13 0 0 2.28235806324251
0

0101000
+81 0 -79 0 *
Ve
1e-07
-1149.538696 -0 -514.090454
0 0

0101101
*
Ed
 1e-07 1 1 0
1  437 0 0 0.696558157291309
2  89 12 0 0 0.696558157291309
2  90 13 0 0 0.696558157291309
0

0101000
+79 0 -77 0 *
Ve
1e-07
-1149.529907 -0 -515.128418
0 0

0101101
*
Ed
 1e-07 1 1 0
1  438 0 0 1.0380012099304
2  91 12 0 0 1.0380012099304
2  92 13 0 0 1.0380012099304
0

0101000
+77 0 -75 0 *
Ed
 1e-07 1 1 0
1  439 0 0 0.222786034005787
2  93 12 0 0 0.222786034005787
2  94 13 0 0 0.222786034005787
0

0101000
+75 0 -102 0 *
Wi

0101100
+100 0 +98 0 +96 0 +94 0 +92 0 +90 0 +88 0 +86 0 +84 0 +82 0 
+80 0 +78 0 +76 0 +74 0 +73 0 *
Ve
1e-07
-1149.75061 -0 -640.210205
0 0

0101101
*
Ve
1e-07
-1149.742676 -0 -641.150818
0 0

0101101
*
Ed
 1e-07 1 1 0
1  440 0 0 0.940646460751844
2  95 14 0 0 0.940646460751844
2  96 15 0 0 0.940646460751844
0

0101000
+71 0 -70 0 *
Ve
1e-07
-1145.132812 -0 -641.111694
0 0

0101101
*
Ed
 1e-07 1 1 0
1  441 0 0 4.61003002006192
2  97 14 0 0 4.61003002006192
2  98 15 0 0 4.61003002006192
0

0101000
+70 0 -68 0 *
Ve
1e-07
-1145.202393 -0 -632.913025
0 0

0101101
*
Ed
 1e-07 1 1 0
1  442 0 0 8.19896425697318
2  99 14 0 0 8.19896425697318
2  100 15 0 0 8.19896425697318
0

0101000
+68 0 -66 0 *
Ve
1e-07
-1145.272095 -0 -624.714417
0 0

0101101
*
Ed
 1e-07 1 1 0
1  443 0 0 8.19890428694388
2  101 14 0 0 8.19890428694388
2  102 15 0 0 8.19890428694388
0

0101000
+66 0 -64 0 *
Ve
1e-07
-1146.406982 -0 -624.72406
0 0

0101101
*
Ed
 1e-07 1 1 0
1  444 0 0 1.13492796697317
2  103 14 0 0 1.13492796697317
2  104 15 0 0 1.13492796697317
0

0101000
+64 0 -62 0 *
Ve
1e-07
-1146.386597 -0 -627.13562
0 0

0101101
*
Ed
 1e-07 1 1 0
1  445 0 0 2.41164615601565
2  105 14 0 0 2.41164615601565
2  106 15 0 0 2.41164615601565
0

0101000
+62 0 -60 0 *
Ve
1e-07
-1150.931274 -0 -627.174255
0 0

0101101
*
Ed
 1e-07 1 1 0
1  446 0 0 4.54484121807955
2  107 14 0 0 4.54484121807955
2  108 15 0 0 4.54484121807955
0

0101000
+60 0 -58 0 *
Ve
1e-07
-1150.921753 -0 -628.302246
0 0

0101101
*
Ed
 1e-07 1 1 0
1  447 0 0 1.12803118109469
2  109 14 0 0 1.12803118109469
2  110 15 0 0 1.12803118109469
0

0101000
+58 0 -56 0 *
Ve
1e-07
-1146.376953 -0 -628.263611
0 0

0101101
*
Ed
 1e-07 1 1 0
1  448 0 0 4.54496421363536
2  111 14 0 0 4.54496421363536
2  112 15 0 0 4.54496421363536
0

0101000
+56 0 -54 0 *
Ve
1e-07
-1146.327026 -0 -634.149414
0 0

0101101
*
Ed
 1e-07 1 1 0
1  449 0 0 5.88601475194704
2  113 14 0 0 5.88601475194704
2  114 15 0 0 5.88601475194704
0

0101000
+54 0 -52 0 *
Ve
1e-07
-1150.871704 -0 -634.187988
0 0

0101101
*
Ed
 1e-07 1 1 0
1  450 0 0 4.54484169990109
2  115 14 0 0 4.54484169990109
2  116 15 0 0 4.54484169990109
0

0101000
+52 0 -50 0 *
Ve
1e-07
-1150.863403 -0 -635.165466
0 0

0101101
*
Ed
 1e-07 1 1 0
1  451 0 0 0.977513246501056
2  117 14 0 0 0.977513246501056
2  118 15 0 0 0.977513246501056
0

0101000
+50 0 -48 0 *
Ve
1e-07
-1146.318726 -0 -635.126831
0 0

0101101
*
Ed
 1e-07 1 1 0
1  452 0 0 4.54484121807955
2  119 14 0 0 4.54484121807955
2  120 15 0 0 4.54484121807955
0

0101000
+48 0 -46 0 *
Ve
1e-07
-1146.275757 -0 -640.180725
0 0

0101101
*
Ed
 1e-07 1 1 0
1  453 0 0 5.05407666129008
2  121 14 0 0 5.05407666129008
2  122 15 0 0 5.05407666129008
0

0101000
+46 0 -44 0 *
Ed
 1e-07 1 1 0
1  454 0 0 3.47497804914054
2  123 14 0 0 3.47497804914054
2  124 15 0 0 3.47497804914054
0

0101000
+44 0 -71 0 *
Wi

0101100
+69 0 +67 0 +65 0 +63 0 +61 0 +59 0 +57 0 +55 0 +53 0 +51 0 
+49 0 +47 0 +45 0 +43 0 +42 0 *
Ve
1e-07
-1150.979492 -0 -621.497742
0 0

0101101
*
Ve
1e-07
-1150.970581 -0 -622.552856
0 0

0101101
*
Ed
 1e-07 1 1 0
1  455 0 0 1.05515162840087
2  125 16 0 0 1.05515162840087
2  126 17 0 0 1.05515162840087
0

0101000
+40 0 -39 0 *
Ve
1e-07
-1146.425781 -0 -622.514221
0 0

0101101
*
Ed
 1e-07 1 1 0
1  456 0 0 4.54496421363536
2  127 16 0 0 4.54496421363536
2  128 17 0 0 4.54496421363536
0

0101000
+39 0 -37 0 *
Ve
1e-07
-1146.415283 -0 -623.757141
0 0

0101101
*
Ed
 1e-07 1 1 0
1  457 0 0 1.2429643335205
2  129 16 0 0 1.2429643335205
2  130 17 0 0 1.2429643335205
0

0101000
+37 0 -35 0 *
Ve
1e-07
-1145.280273 -0 -623.747498
0 0

0101101
*
Ed
 1e-07 1 1 0
1  458 0 0 1.13505096253381
2  131 16 0 0 1.13505096253381
2  132 17 0 0 1.13505096253381
0

0101000
+35 0 -33 0 *
Ve
1e-07
-1145.336304 -0 -617.14563
0 0

0101101
*
Ed
 1e-07 1 1 0
1  459 0 0 6.60210576728248
2  133 16 0 0 6.60210576728248
2  134 17 0 0 6.60210576728248
0

0101000
+33 0 -31 0 *
Ve
1e-07
-1145.392456 -0 -610.543823
0 0

0101101
*
Ed
 1e-07 1 1 0
1  460 0 0 6.60204579750498
2  135 16 0 0 6.60204579750498
2  136 17 0 0 6.60204579750498
0

0101000
+31 0 -29 0 *
Ve
1e-07
-1145.448486 -0 -603.941956
0 0

0101101
*
Ed
 1e-07 1 1 0
1  461 0 0 6.60210475883173
2  137 16 0 0 6.60210475883173
2  138 17 0 0 6.60210475883173
0

0101000
+29 0 -27 0 *
Ve
1e-07
-1146.583496 -0 -603.951599
0 0

0101101
*
Ed
 1e-07 1 1 0
1  462 0 0 1.13505096253381
2  139 16 0 0 1.13505096253381
2  140 17 0 0 1.13505096253381
0

0101000
+27 0 -25 0 *
Ve
1e-07
-1146.569336 -0 -605.612
0 0

0101101
*
Ed
 1e-07 1 1 0
1  463 0 0 1.66046137756978
2  141 16 0 0 1.66046137756978
2  142 17 0 0 1.66046137756978
0

0101000
+25 0 -23 0 *
Ve
1e-07
-1149.48291 -0 -608.575439
0 0

0101101
*
Ed
 1e-07 1 1 0
1  464 0 0 4.15582532840308
2  143 16 0 0 4.15582532840308
2  144 17 0 0 4.15582532840308
0

0101000
+23 0 -21 0 *
Ve
1e-07
-1151.089111 -0 -608.589111
0 0

0101101
*
Ed
 1e-07 1 1 0
1  465 0 0 1.60625918705083
2  145 16 0 0 1.60625918705083
2  146 17 0 0 1.60625918705083
0

0101000
+21 0 -19 0 *
Ve
1e-07
-1151.078491 -0 -609.839417
0 0

0101101
*
Ed
 1e-07 1 1 0
1  466 0 0 1.2503511019054
2  147 16 0 0 1.2503511019054
2  148 17 0 0 1.2503511019054
0

0101000
+19 0 -17 0 *
Ve
1e-07
-1146.533813 -0 -609.800842
0 0

0101101
*
Ed
 1e-07 1 1 0
1  467 0 0 4.54484170838862
2  149 16 0 0 4.54484170838862
2  150 17 0 0 4.54484170838862
0

0101000
+17 0 -15 0 *
Ve
1e-07
-1146.496338 -0 -614.213379
0 0

0101101
*
Ed
 1e-07 1 1 0
1  468 0 0 4.41269613184438
2  151 16 0 0 4.41269613184438
2  152 17 0 0 4.41269613184438
0

0101000
+15 0 -13 0 *
Ve
1e-07
-1151.041016 -0 -614.251953
0 0

0101101
*
Ed
 1e-07 1 1 0
1  469 0 0 4.54484169990108
2  153 16 0 0 4.54484169990108
2  154 17 0 0 4.54484169990108
0

0101000
+13 0 -11 0 *
Ve
1e-07
-1151.032104 -0 -615.311279
0 0

0101101
*
Ed
 1e-07 1 1 0
1  470 0 0 1.05936348720357
2  155 16 0 0 1.05936348720357
2  156 17 0 0 1.05936348720357
0

0101000
+11 0 -9 0 *
Ve
1e-07
-1146.487305 -0 -615.272644
0 0

0101101
*
Ed
 1e-07 1 1 0
1  471 0 0 4.54496321367116
2  157 16 0 0 4.54496321367116
2  158 17 0 0 4.54496321367116
0

0101000
+9 0 -7 0 *
Ve
1e-07
-1146.434814 -0 -621.459106
0 0

0101101
*
Ed
 1e-07 1 1 0
1  472 0 0 6.18668468426548
2  159 16 0 0 6.18668468426548
2  160 17 0 0 6.18668468426548
0

0101000
+7 0 -5 0 *
Ed
 1e-07 1 1 0
1  473 0 0 4.54484222654426
2  161 16 0 0 4.54484222654426
2  162 17 0 0 4.54484222654426
0

0101000
+5 0 -40 0 *
Wi

0101100
+38 0 +36 0 +34 0 +32 0 +30 0 +28 0 +26 0 +24 0 +22 0 +20 0 
+18 0 +16 0 +14 0 +12 0 +10 0 +8 0 +6 0 +4 0 +3 0 *
Fa
0  1e-07 1 0

1111000
+172 0 +163 0 +154 0 +129 0 +120 0 +103 0 +72 0 +41 0 +2 0 *

+1 0 