
CASCADE Topology V3, (c) Open Cascade
Locations 0
Curve2ds 464
1 -0.58869949999990467 0.61245699999983572 -0.36474429450784396 -0.93110772718519275 
1 -35.017640205926341 -41.056932575965675 0.36474429450784396 -0.93110772718519275 
1 -35.017640205926341 -41.056932575965675 0.36474429450784396 -0.93110772718519275 
1 -0.84806849999989709 -0.04965200000015102 0.93111265463380799 -0.36473171562229562 
1 -34.758271205926349 -41.719041575965662 -0.93111265463380799 -0.36473171562229562 
1 -34.758271205926349 -41.719041575965662 -0.93111265463380799 -0.36473171562229562 
1 0.5886995000000752 -0.61245700000017678 0.36474429450784396 0.93110772718519275 
1 -36.195039205926321 -42.281846575965687 -0.36474429450784396 0.93110772718519275 
1 -36.195039205926321 -42.281846575965687 -0.36474429450784396 0.93110772718519275 
1 0.84806850000006762 0.049651999999809959 -0.93111265463380799 0.36473171562229562 
1 -36.454408205926313 -41.619737575965701 0.93111265463380799 0.36473171562229562 
1 -36.454408205926313 -41.619737575965701 0.93111265463380799 0.36473171562229562 
1 -0.49547009947229981 0.70404821182057731 -0.34161088136059709 -0.93984147904635285 
1 -37.756837205926331 -34.393052575965612 0.34161088136059709 -0.93984147904635285 
1 -37.756837205926331 -34.393052575965612 0.34161088136059709 -0.93984147904635285 
1 -0.83745009947233484 -0.23680878817947359 0.93844198663104594 -0.34543687951343 
1 -37.414857205926296 -35.333909575965663 -0.93844198663104594 -0.34543687951343 
1 -37.414857205926296 -35.333909575965663 -0.93844198663104594 -0.34543687951343 
1 0.47645390052770153 -0.72045178817950273 0.3410249564093209 0.94005424264029613 
1 -38.728761205926332 -35.817552575965692 -0.3410249564093209 0.94005424264029613 
1 -38.728761205926332 -35.817552575965692 -0.3410249564093209 0.94005424264029613 
1 0.83271590052771671 0.26160421182055416 -0.94874428297052138 0.31604475241767804 
1 -39.085023205926348 -34.835496575965635 0.94874428297052138 0.31604475241767804 
1 -39.085023205926348 -34.835496575965635 0.94874428297052138 0.31604475241767804 
1 -1.030837864174373 -0.034851338087491968 0.92452884398040336 -0.38111207885379206 
1 -32.005616205926344 -48.317613575965652 -0.92452884398040336 -0.38111207885379206 
1 -32.005616205926344 -48.317613575965652 -0.92452884398040336 -0.38111207885379206 
1 0.70683313582560459 -0.75115933808751834 0.38110562257578662 0.92453150538049389 
1 -33.743287205926322 -49.033921575965678 -0.38110562257578662 0.92453150538049389 
1 -33.743287205926322 -49.033921575965678 -0.38110562257578662 0.92453150538049389 
1 1.0308381358256042 0.034850661912514624 -0.92452865651278571 0.38111253362578285 
1 -34.067292205926321 -48.247911575965645 0.92452865651278571 0.38111253362578285 
1 -34.067292205926321 -48.247911575965645 0.92452865651278571 0.38111253362578285 
1 -0.7068328641743733 0.75115966191253847 -0.38110520813710641 -0.92453167621816656 
1 -32.329621205926344 -47.531602575965621 0.38110520813710641 -0.92453167621816656 
1 -32.329621205926344 -47.531602575965621 0.38110520813710641 -0.92453167621816656 
1 -4.3633742059263341 21.781019424034298 -0.0090449230157799813 0.99995909384716275 
1 -4.3633742059263341 21.781019424034298 -0.0090449230157799813 0.99995909384716275 
1 -4.382264205926333 23.86939842403433 0.99995611553636865 0.0093684044221297395 
1 -4.382264205926333 23.86939842403433 0.99995611553636865 0.0093684044221297395 
1 -3.2877822059263053 23.879652424034362 0.0093522994596129169 -0.99995626629109025 
1 -3.2877822059263053 23.879652424034362 0.0093522994596129169 -0.99995626629109025 
1 -3.2682502059263356 21.79127342403433 -0.99995616697112044 -0.0093629128173189722 
1 -3.2682502059263356 21.79127342403433 -0.99995616697112044 -0.0093629128173189722 
1 -16.494172205926304 22.316908424034295 -0.99995621128935697 -0.0093581784464085022 
1 -16.494172205926304 22.316908424034295 -0.99995621128935697 -0.0093581784464085022 
1 -17.49859720592633 22.307508424034381 -0.009359744639711785 0.99995619663077218 
1 -17.49859720592633 22.307508424034381 -0.009359744639711785 0.99995619663077218 
1 -17.523713205926299 24.990797424034326 0.99995622060499556 0.0093571829827981123 
1 -17.523713205926299 24.990797424034326 0.99995622060499556 0.0093571829827981123 
1 -16.51928820592633 25.000196424034357 0.0093597481275895043 -0.99995619659812507 
1 -16.51928820592633 25.000196424034357 0.0093597481275895043 -0.99995619659812507 
1 -4.2826552059263463 12.855177424034309 -0.0090536837492799817 0.99995901456538117 
1 -4.2826552059263463 12.855177424034309 -0.0090536837492799817 0.99995901456538117 
1 -4.2936412059263489 14.068556424034341 -0.99995639777941625 -0.0093382300257577565 
1 -4.2936412059263489 14.068556424034341 -0.99995639777941625 -0.0093382300257577565 
1 -5.489747205926335 14.057386424034348 -0.0093587742812141599 0.99995620571300692 
1 -5.489747205926335 14.057386424034348 -0.0093587742812141599 0.99995620571300692 
1 -5.4983832059263023 14.98011642403435 0.99995595059710318 0.0093859930451666625 
1 -5.4983832059263023 14.98011642403435 0.99995595059710318 0.0093859930451666625 
1 -4.3019722059263472 14.991346424034305 -0.0090722806875637909 0.99995884601473783 
1 -4.3019722059263472 14.991346424034305 -0.0090722806875637909 0.99995884601473783 
1 -4.3080762059263407 15.664137424034379 0.99995632288379632 0.0093462465576877284 
1 -4.3080762059263407 15.664137424034379 0.99995632288379632 0.0093462465576877284 
1 -3.2109992059263277 15.674391424034297 0.0093646212504026917 -0.99995615097304968 
1 -3.2109992059263277 15.674391424034297 0.0093646212504026917 -0.99995615097304968 
1 -3.184693205926294 12.865431424034341 -0.99995639326171748 -0.0093387137774685273 
1 -3.184693205926294 12.865431424034341 -0.99995639326171748 -0.0093387137774685273 
1 -17.584840205926298 31.520521424034314 -0.0093616327795606781 0.99995617895570843 
1 -17.584840205926298 31.520521424034314 -0.0093616327795606781 0.99995617895570843 
1 -17.629060205926294 36.243849424034352 0.99995622330705758 0.0093568942222395767 
1 -17.629060205926294 36.243849424034352 0.99995622330705758 0.0093568942222395767 
1 -16.624604205926346 36.253248424034382 0.0093550704727177227 -0.99995624037077269 
1 -16.624604205926346 36.253248424034382 0.0093550704727177227 -0.99995624037077269 
1 -16.580415205926329 31.529920424034344 -0.99995622060499556 -0.0093571829827981123 
1 -16.580415205926329 31.529920424034344 -0.99995622060499556 -0.0093571829827981123 
1 -11.50476220592634 -3.2935655759656584 -0.0093519489977147586 0.9999562695687968 
1 -11.50476220592634 -3.2935655759656584 -0.0093519489977147586 0.9999562695687968 
1 -11.518891205926309 -1.7828235759656081 0.99995624314877296 0.0093547735297064231 
1 -11.518891205926309 -1.7828235759656081 0.99995624314877296 0.0093547735297064231 
1 -5.6666272059263179 -1.7280745759657066 0.0093728444369369883 -0.99995607392883068 
1 -5.6666272059263179 -1.7280745759657066 0.0093728444369369883 -0.99995607392883068 
1 -5.6524672059263139 -3.2387555759656834 -0.99995614605980676 -0.0093651458727751578 
1 -5.6524672059263139 -3.2387555759656834 -0.99995614605980676 -0.0093651458727751578 
1 -13.29507520592631 49.784315424034389 -0.0093668976638253409 0.99995612965177405 
1 -13.29507520592631 49.784315424034389 -0.0093668976638253409 0.99995612965177405 
1 -13.309724205926329 51.348158424034295 0.9999563683058531 0.0093413855807929023 
1 -13.309724205926329 51.348158424034295 0.9999563683058531 0.0093413855807929023 
1 -12.375428205926312 51.356886424034315 0.0093398570763724899 -0.99995638258365704 
1 -12.375428205926312 51.356886424034315 0.0093398570763724899 -0.99995638258365704 
1 -12.371308205926312 50.915785424034311 0.99995623501987518 0.0093556424085258303 
1 -12.371308205926312 50.915785424034311 0.99995623501987518 0.0093556424085258303 
1 -6.8262342059263119 50.967665424034294 0.0093883150597945525 -0.99995592879903361 
1 -6.8262342059263119 50.967665424034294 0.0093883150597945525 -0.99995592879903361 
1 -6.8190322059263053 50.200575424034355 -0.99995613204926981 -0.0093666417174644231 
1 -6.8190322059263053 50.200575424034355 -0.99995613204926981 -0.0093666417174644231 
1 -12.364106205926305 50.148634424034299 0.00935303345362915 -0.99995625942598876 
1 -12.364106205926305 50.148634424034299 0.00935303345362915 -0.99995625942598876 
1 -12.360780205926346 49.793043424034295 -0.99995636821246014 -0.0093413955781248732 
1 -12.360780205926346 49.793043424034295 -0.99995636821246014 -0.0093413955781248732 
1 30.432402794073653 48.386793424034295 -0.009362723145532912 0.99995616874706073 
1 30.432402794073653 48.386793424034295 -0.009362723145532912 0.99995616874706073 
1 30.421385794073672 49.563429424034325 0.99995617076362675 0.0093625077700732022 
1 30.421385794073672 49.563429424034325 0.99995617076362675 0.0093625077700732022 
1 38.328642794073687 49.637464424034306 0.0093622457799706627 -0.99995617321658425 
1 38.328642794073687 49.637464424034306 0.0093622457799706627 -0.99995617321658425 
1 38.339659794073668 48.460768424034313 -0.99995624177101594 -0.0093549208006049774 
1 38.339659794073668 48.460768424034313 -0.99995624177101594 -0.0093549208006049774 
1 -13.317933205926295 52.226209424034323 -0.0094056312382115332 0.99995576607218517 
1 -13.317933205926295 52.226209424034323 -0.0094056312382115332 0.99995576607218517 
1 -13.323213205926322 52.787550424034293 -0.99995618310637779 -0.0093611894182541334 
1 -13.323213205926322 52.787550424034293 -0.99995618310637779 -0.0093611894182541334 
1 -14.568513205926308 52.775892424034396 -0.0093704063325231023 0.99995609677883535 
1 -14.568513205926308 52.775892424034396 -0.0093704063325231023 0.99995609677883535 
1 -14.579499205926311 53.948255424034301 0.99995616924037589 0.0093626704584080945 
1 -14.579499205926311 53.948255424034301 0.99995616924037589 0.0093626704584080945 
1 -6.854798205926329 54.020582424034387 0.009369918842840743 -0.9999561013468935 
1 -6.854798205926329 54.020582424034387 0.009369918842840743 -0.9999561013468935 
1 -6.8438122059263264 52.848158424034295 -0.99995623501987518 -0.0093556424085258303 
1 -6.8438122059263264 52.848158424034295 -0.99995623501987518 -0.0093556424085258303 
1 -12.388886205926326 52.796278424034313 0.0093514463994389761 -0.99995627426914946 
1 -12.388886205926326 52.796278424034313 0.0093514463994389761 -0.99995627426914946 
1 -12.383637205926334 52.234999424034299 -0.99995574626346073 -0.0094077369587716383 
1 -12.383637205926334 52.234999424034299 -0.99995574626346073 -0.0094077369587716383 
1 -5.5217902059263224 17.481336424034339 -0.0093720873624830708 0.99995608102479683 
1 -5.5217902059263224 17.481336424034339 -0.0093720873624830708 0.99995608102479683 
1 -5.5307022059263318 18.432203424034356 0.99995602357587099 0.0093782148798196869 
1 -5.5307022059263318 18.432203424034356 0.99995602357587099 0.0093782148798196869 
1 -4.3331922059263093 18.443434424034308 -0.0090418516717897038 0.99995912162365186 
1 -4.3331922059263093 18.443434424034308 -0.0090418516717897038 0.99995912162365186 
1 -4.3510752059263496 20.421156424034393 0.99995620105083183 0.0093592724070040226 
1 -4.3510752059263496 20.421156424034393 0.99995620105083183 0.0093592724070040226 
1 -3.2555252059263466 20.431410424034311 0.0093757366045290197 -0.99995604681562011 
1 -3.2555252059263466 20.431410424034311 0.0093757366045290197 -0.99995604681562011 
1 -3.2519542059263244 20.050550424034327 0.99995634476052397 0.0093439056701223044 
1 -3.2519542059263244 20.050550424034327 0.99995634476052397 0.0093439056701223044 
1 0.30132979407369476 20.083753424034398 0.0093604121818781777 -0.99995619038225136 
1 0.30132979407369476 20.083753424034398 0.0093604121818781777 -0.99995619038225136 
1 0.31228579407365942 18.913343424034338 -0.99995618421836763 -0.0093610706354660018 
1 0.31228579407365942 18.913343424034338 -0.99995618421836763 -0.0093610706354660018 
1 -3.2409982059263029 18.880079424034307 0.009362153358733272 -0.99995617408188819 
1 -3.2409982059263029 18.880079424034307 0.009362153358733272 -0.99995617408188819 
1 -3.2216502059263235 16.813551424034358 -0.99995629364884231 -0.0093493738865399398 
1 -3.2216502059263235 16.813551424034358 -0.99995629364884231 -0.0093493738865399398 
1 -4.3183602059262967 16.803297424034326 -0.0090323763175662909 0.99995920725700504 
1 -4.3183602059262967 16.803297424034326 -0.0090323763175662909 0.99995920725700504 
1 -4.3245862059263231 17.492567424034291 -0.99995600109412641 -0.0093806116987920317 
1 -4.3245862059263231 17.492567424034291 -0.99995600109412641 -0.0093806116987920317 
1 39.432341794073693 19.86665142403433 0.0093844910576841474 -0.99995596469424008 
1 39.432341794073693 19.86665142403433 0.0093844910576841474 -0.99995596469424008 
1 39.440641794073656 18.9822524240343 -0.99995623531721034 -0.0093556106284964791 
1 39.440641794073656 18.9822524240343 -0.99995623531721034 -0.0093556106284964791 
1 30.731596794073653 18.900770424034363 -0.0093505741816096791 0.99995628242562395 
1 30.731596794073653 18.900770424034363 -0.0093505741816096791 0.99995628242562395 
1 30.723326794073671 19.785169424034393 0.99995623501571662 0.0093556428530077902 
1 30.723326794073671 19.785169424034393 0.99995623501571662 0.0093556428530077902 
1 -8.3267222059263304 45.396498424034348 0.0093373977579902581 -0.9999564055513166 
1 -8.3267222059263304 45.396498424034348 0.0093373977579902581 -0.9999564055513166 
1 -8.316804205926303 44.334364424034334 -0.99995614545751321 -0.0093652101819794199 
1 -8.316804205926303 44.334364424034334 -0.99995614545751321 -0.0093652101819794199 
1 -13.243653205926307 44.288221424034305 -0.0093635991568816815 0.99995616054446579 
1 -13.243653205926307 44.288221424034305 -0.0093635991568816815 0.99995616054446579 
1 -13.254487205926296 45.445204424034387 -0.99995631464306112 -0.0093471281935878243 
1 -13.254487205926296 45.445204424034387 -0.99995631464306112 -0.0093471281935878243 
1 -14.697541205926314 45.431715424034337 -0.0093656930026190712 0.99995614093548169 
1 -14.697541205926314 45.431715424034337 -0.0093656930026190712 0.99995614093548169 
1 -14.707704205926348 46.516798424034391 0.99995631651979511 0.0093469274183232004 
1 -14.707704205926348 46.516798424034391 0.99995631651979511 0.0093469274183232004 
1 -13.264619205926294 46.530287424034327 -0.0093662941864905789 0.9999561353045503 
1 -13.264619205926294 46.530287424034327 -0.0093662941864905789 0.9999561353045503 
1 -13.283692205926343 48.56654242403431 0.99995636821245892 0.0093413955782459691 
1 -13.283692205926343 48.56654242403431 0.99995636821245892 0.0093413955782459691 
1 -12.349397205926323 48.575270424034329 0.0093652049263046235 -0.99995614550673595 
1 -12.349397205926323 48.575270424034329 0.0093652049263046235 -0.99995614550673595 
1 -12.319276205926315 45.359144424034298 0.9999562362906087 0.0093555065881262556 
1 -12.319276205926315 45.359144424034298 0.9999562362906087 0.0093555065881262556 
1 -4.2102972059263379 4.8492564240343654 -0.0090407505662118016 0.9999591315794859 
1 -4.2102972059263379 4.8492564240343654 -0.0090407505662118016 0.9999591315794859 
1 -4.2701422059263336 11.468458424034338 0.99995590963716208 0.0093903557821727515 
1 -4.2701422059263336 11.468458424034338 0.99995590963716208 0.0093903557821727515 
1 -3.1717232059262983 11.47877342403433 0.009397215372419724 -0.99995584519679892 
1 -3.1717232059262983 11.47877342403433 0.009397215372419724 -0.99995584519679892 
1 -3.1681532059263304 11.09889042403438 0.99995618421836785 0.0093610706354338609 
1 -3.1681532059263304 11.09889042403438 0.99995618421836785 0.0093610706354338609 
1 0.38513079407368878 11.132154424034297 0.0093598996567833079 -0.99995619517977641 
1 0.38513079407368878 11.132154424034297 0.0093598996567833079 -0.99995619517977641 
1 0.39663579407368843 9.9030284240343462 -0.99995618421836763 -0.0093610706354658527 
1 0.39663579407368843 9.9030284240343462 -0.99995618421836763 -0.0093610706354658527 
1 -3.1566482059263308 9.8697644240343152 0.0093617041297210952 -0.99995617828772265 
1 -3.1566482059263308 9.8697644240343152 0.0093617041297210952 -0.99995617828772265 
1 -3.1097422059262954 4.8595714240343568 -0.99995608060440244 -0.0093721322164048385 
1 -3.1097422059262954 4.8595714240343568 -0.99995608060440244 -0.0093721322164048385 
1 28.023283794073677 52.795973424034287 -0.99988034386448232 -0.015469258335311894 
1 28.023283794073677 52.795973424034287 -0.99988034386448232 -0.015469258335311894 
1 24.058409794073668 52.734632424034317 -0.0093750303976759316 0.99995605343687111 
1 24.058409794073668 52.734632424034317 -0.0093750303976759316 0.99995605343687111 
1 24.044767794073664 54.189710424034388 0.99988034573522577 0.015469137416335326 
1 24.044767794073664 54.189710424034388 0.99988034573522577 0.015469137416335326 
1 28.009672794073651 54.251051424034358 -0.0093781926316062227 0.99995602378452852 
1 28.009672794073651 54.251051424034358 -0.0093781926316062227 0.99995602378452852 
1 28.003843794073703 54.872572424034388 0.99995596700291878 0.0093842450552865542 
1 28.003843794073703 54.872572424034388 0.99995596700291878 0.0093842450552865542 
1 29.050871794073657 54.882398424034363 0.0093576194768762461 -0.99995621652036648 
1 29.050871794073657 54.882398424034363 0.0093576194768762461 -0.99995621652036648 
1 29.114927794073651 48.037367424034301 -0.99995595795638503 -0.0093852089762830743 
1 29.114927794073651 48.037367424034301 -0.99995595795638503 -0.0093852089762830743 
1 28.067900794073694 48.027540424034328 -0.0093563330028139449 0.99995622855840072 
1 28.067900794073694 48.027540424034328 -0.0093563330028139449 0.99995622855840072 
1 -12.277955205926332 11.669935424034293 -0.0093500711600179049 0.99995628712924378 
1 -12.277955205926332 11.669935424034293 -0.0093500711600179049 0.99995628712924378 
1 -12.299683205926328 13.993666424034359 -0.99995616904321649 -0.0093626915154923305 
1 -12.299683205926328 13.993666424034359 -0.99995616904321649 -0.0093626915154923305 
1 -15.089784205926321 13.967542424034377 -0.0093587742812757547 0.99995620571300636 
1 -15.089784205926321 13.967542424034377 -0.0093587742812757547 0.99995620571300636 
1 -15.098420205926345 14.890272424034379 0.9999562377046145 0.0093553554519603191 
1 -15.098420205926345 14.890272424034379 0.9999562377046145 0.0093553554519603191 
1 -9.403108205926344 14.943556424034341 -0.0093845947432111311 0.99995596372115603 
1 -9.403108205926344 14.943556424034341 -0.0093845947432111311 0.99995596372115603 
1 -9.4110732059263 15.792250424034364 0.99995598007789721 0.0093828517228045898 
1 -9.4110732059263 15.792250424034364 0.99995598007789721 0.0093828517228045898 
1 -8.0971382059263419 15.804579424034387 0.0093480728393867396 -0.99995630581250372 
1 -8.0971382059263419 15.804579424034387 0.0093480728393867396 -0.99995630581250372 
1 -8.0892042059263076 14.955885424034363 0.9999562694127373 0.0093519656843426158 
1 -8.0892042059263076 14.955885424034363 0.9999562694127373 0.0093519656843426158 
1 -6.8493052059263277 14.967481424034304 0.0093587844228823942 -0.99995620561808907 
1 -6.8493052059263277 14.967481424034304 0.0093587844228823942 -0.99995620561808907 
1 -6.8406692059263037 14.0447524240343 -0.99995622774765036 -0.009356419651198827 
1 -6.8406692059263037 14.0447524240343 -0.99995622774765036 -0.009356419651198827 
1 -10.976258205926342 14.006056424034341 0.0093634100228704668 -0.99995616231550055 
1 -10.976258205926342 14.006056424034341 0.0093634100228704668 -0.99995616231550055 
1 -10.954499205926311 11.682325424034389 -0.99995618073826886 -0.00936144237469381 
1 -10.954499205926311 11.682325424034389 -0.99995618073826886 -0.00936144237469381 
1 -4.7188122059263264 0.79426442403439523 -0.0093489154208410714 0.99995629793529173 
1 -4.7188122059263264 0.79426442403439523 -0.0093489154208410714 0.99995629793529173 
1 -4.7303482059263047 2.0281504240343793 0.99995584033018181 0.0093977332139190874 
1 -4.7303482059263047 2.0281504240343793 0.99995584033018181 0.0093977332139190874 
1 -4.1848152059263271 2.0332774240343952 -0.0090525965813480561 0.99995902440806816 
1 -4.1848152059263271 2.0332774240343952 -0.0090525965813480561 0.99995902440806816 
1 -4.200745205926296 3.7929214240343754 0.99995610740758933 0.0093692720241157317 
1 -4.200745205926296 3.7929214240343754 0.99995610740758933 0.0093692720241157317 
1 -3.0998542059263059 3.8032364240343668 0.0093575861941163022 -0.99995621683182701 
1 -3.0998542059263059 3.8032364240343668 0.0093575861941163022 -0.99995621683182701 
1 -3.092378205926309 3.0043474240343357 0.99995618421836763 0.0093610706354660018 
1 -3.092378205926309 3.0043474240343357 0.99995618421836763 0.0093610706354660018 
1 0.4609057940736534 3.0376114240343668 0.0093441222394991946 -0.99995634273680845 
1 0.4609057940736534 3.0376114240343668 0.0093441222394991946 -0.99995634273680845 
1 0.47112979407370403 1.9434954240343814 -0.99995618158407462 -0.0093613520282709133 
1 0.47112979407370403 1.9434954240343814 -0.99995618158407462 -0.0093613520282709133 
1 -3.0821542059263152 1.9102304240343528 0.0093601191458716117 -0.9999561931252664 
1 -3.0821542059263152 1.9102304240343528 0.0093601191458716117 -0.9999561931252664 
1 -3.0037552059263248 -6.4652575759656656 -0.999955849025431 -0.009396807959599067 
1 -3.0037552059263248 -6.4652575759656656 -0.999955849025431 -0.009396807959599067 
1 -4.1079112059263139 -6.4756335759656167 -0.009039537928888312 0.99995914254235019 
1 -4.1079112059263139 -6.4756335759656167 -0.009039537928888312 0.99995914254235019 
1 -4.1736762059263128 0.79933042403433774 -0.99995682200017277 -0.0092926925761557793 
1 -4.1736762059263128 0.79933042403433774 -0.99995682200017277 -0.0092926925761557793 
1 -11.508424205926303 18.376234424034351 -0.0093587922738480166 0.99995620554461029 
1 -11.508424205926303 18.376234424034351 -0.0093587922738480166 0.99995620554461029 
1 -11.565644205926333 24.490003424034398 0.99995616156450873 0.0093634902239582603 
1 -11.565644205926333 24.490003424034398 0.99995616156450873 0.0093634902239582603 
1 -9.707978205926338 24.507398424034363 0.0093638621292949573 -0.99995615808195493 
1 -9.707978205926338 24.507398424034363 0.0093638621292949573 -0.99995615808195493 
1 -9.65072720592633 18.393629424034316 0.99995612644438181 0.0093672400603077473 
1 -9.65072720592633 18.393629424034316 0.99995612644438181 0.0093672400603077473 
1 -6.8816232059263029 18.419569424034307 0.009338438283153323 -0.99995639583455431 
1 -6.8816232059263029 18.419569424034307 0.009338438283153323 -0.99995639583455431 
1 -6.8727432059263265 17.468702424034291 -0.99995625968352664 -0.0093530059195718867 
1 -6.8727432059263265 17.468702424034291 -0.99995625968352664 -0.0093530059195718867 
1 -8.1126112059263278 17.457105424034353 0.0093510987958266741 -0.99995627751982774 
1 -8.1126112059263278 17.457105424034353 0.0093510987958266741 -0.99995627751982774 
1 -8.1065382059263129 16.807691424034374 -0.99995641250867451 -0.0093366526540134293 
1 -8.1065382059263129 16.807691424034374 -0.99995641250867451 -0.0093366526540134293 
1 -9.4204422059263493 16.795423424034311 -0.0093981708999973691 0.9999558362166473 
1 -9.4204422059263493 16.795423424034311 -0.0093981708999973691 0.9999558362166473 
1 -9.4265452059263453 17.44477642403433 -0.99995620659311413 -0.009358680243995849 
1 -9.4265452059263453 17.44477642403433 -0.99995620659311413 -0.009358680243995849 
1 -15.015443205926317 17.392469424034289 -0.0093710358292390765 0.99995609087973825 
1 -15.015443205926317 17.392469424034289 -0.0093710358292390765 0.99995609087973825 
1 -15.024354205926329 18.343336424034305 0.99995622763206493 0.0093564320042449772 
1 -15.024354205926329 18.343336424034305 0.99995622763206493 0.0093564320042449772 
1 1.235370428410647 -4.238851732597027 0.0093581030795485808 0.99995621199468165 
1 28.344053794073659 18.52699142403435 -0.0093581030795485808 0.99995621199468165 
1 28.344053794073659 18.52699142403435 -0.0093581030795485808 0.99995621199468165 
1 1.2782474284106229 0.34275226740294329 0.99988010768152302 -0.015484516872861037 
1 28.301176794073683 23.10859542403432 -0.99988010768152302 -0.015484516872861037 
1 28.301176794073683 23.10859542403432 -0.99988010768152302 -0.015484516872861037 
1 5.2431524284106104 0.28135026740301328 0.0093406103269182052 0.99995637554781402 
1 24.336271794073696 23.04719342403439 -0.0093406103269182052 0.99995637554781402 
1 24.336271794073696 23.04719342403439 -0.0093406103269182052 0.99995637554781402 
1 5.2531314284106543 1.3496492674029241 -0.99988034776509271 0.015469006211041558 
1 24.326292794073652 24.115492424034301 0.99988034776509271 0.015469006211041558 
1 24.326292794073652 24.115492424034301 0.99988034776509271 0.015469006211041558 
1 1.2882574284106454 1.4109892674030107 0.00936041728701488 0.99995619033446304 
1 28.291166794073661 24.176832424034387 -0.00936041728701488 0.99995619033446304 
1 28.291166794073661 24.176832424034387 -0.00936041728701488 0.99995619033446304 
1 1.318530428410611 4.6449982674029116 -0.99995651190270474 0.0093260014677234663 
1 28.260893794073695 27.410841424034288 0.99995651190270474 0.0093260014677234663 
1 28.260893794073695 27.410841424034288 0.99995651190270474 0.0093260014677234663 
1 0.27150342841065367 4.6547632674029273 -0.0093586978221646723 -0.99995620642859828 
1 29.307920794073652 27.420606424034304 0.0093586978221646723 -0.99995620642859828 
1 29.307920794073652 27.420606424034304 0.0093586978221646723 -0.99995620642859828 
1 0.22438342841064696 -0.37990473259708324 -0.99995621895704867 0.0093573590891340708 
1 29.355040794073659 22.385938424034293 0.99995621895704867 0.0093573590891340708 
1 29.355040794073659 22.385938424034293 0.99995621895704867 0.0093573590891340708 
1 -6.2262995715893794 -0.31954073259703364 -0.0093746537860607548 -0.99995605696770073 
1 35.805723794073685 22.446302424034343 0.0093746537860607548 -0.99995605696770073 
1 35.805723794073685 22.446302424034343 0.0093746537860607548 -0.99995605696770073 
1 -6.2352105715893913 -1.2700407325970673 0.99995611779984384 -0.0093681628222838861 
1 35.814634794073697 21.495802424034309 -0.99995611779984384 -0.0093681628222838861 
1 35.814634794073697 21.495802424034309 -0.99995611779984384 -0.0093681628222838861 
1 0.1494324284106483 -1.3298557325970251 -0.0093594133149362043 -0.99995619973196836 
1 29.429991794073658 21.435987424034352 0.0093594133149362043 -0.99995619973196836 
1 29.429991794073658 21.435987424034352 0.0093594133149362043 -0.99995619973196836 
1 0.12230242841064864 -4.2284147325970025 0.99995604084463785 -0.009376373409638903 
1 29.457121794073657 18.537428424034374 -0.99995604084463785 -0.009376373409638903 
1 29.457121794073657 18.537428424034374 -0.99995604084463785 -0.009376373409638903 
1 -14.805848205926338 26.880812424034389 -0.0093573888617824227 0.99995621867844264 
1 -14.805848205926338 26.880812424034389 -0.0093573888617824227 0.99995621867844264 
1 -14.81894020592631 28.279859424034385 0.99995621243707045 0.0093580558081531318 
1 -14.81894020592631 28.279859424034385 0.99995621243707045 0.0093580558081531318 
1 -4.4230052059263016 28.377149424034315 -0.0090376934908065372 0.99995915921419831 
1 -4.4230052059263016 28.377149424034315 -0.0090376934908065372 0.99995915921419831 
1 -4.4648752059263188 33.009779424034377 0.99995640058495316 0.0093379295984147136 
1 -4.4648752059263188 33.009779424034377 0.99995640058495316 0.0093379295984147136 
1 -3.3733532059263212 33.019972424034336 0.0093607024599678696 -0.99995618766496763 
1 -3.3733532059263212 33.019972424034336 0.0093607024599678696 -0.99995618766496763 
1 -3.3299872059263294 28.387403424034346 0.99995618419370713 0.0093610732697199505 
1 -3.3299872059263294 28.387403424034346 0.99995618419370713 0.0093610732697199505 
1 0.22329579407369238 28.420667424034377 0.0093572363724335975 -0.99995622010539564 
1 0.22329579407369238 28.420667424034377 0.0093572363724335975 -0.99995622010539564 
1 0.23452679407370169 27.220472424034369 -0.99995618421836763 -0.0093610706354658527 
1 0.23452679407370169 27.220472424034369 -0.99995618421836763 -0.0093610706354658527 
1 -3.3187572059263175 27.187208424034338 0.0093606123601423057 -0.99995618850839818 
1 -3.3187572059263175 27.187208424034338 0.0093606123601423057 -0.99995618850839818 
1 -3.300752205926301 25.263807424034326 -0.9999560787876921 -0.0093723260476189646 
1 -3.300752205926301 25.263807424034326 -0.9999560787876921 -0.0093723260476189646 
1 -4.3947762059263482 25.253553424034294 -0.0090425742613192087 0.99995911508957636 
1 -4.3947762059263482 25.253553424034294 -0.0090425742613192087 0.99995911508957636 
1 -4.4103712059263103 26.978102424034319 -0.99995618497079652 -0.0093609902601329842 
1 -4.4103712059263103 26.978102424034319 -0.99995618497079652 -0.0093609902601329842 
1 -9.730622205926295 26.928297424034326 0.0093585568436475395 -0.99995620774802152 
1 -9.730622205926295 26.928297424034326 0.0093585568436475395 -0.99995620774802152 
1 -9.7221692059263205 26.025099424034352 -0.99995616156450873 -0.0093634902239582603 
1 -9.7221692059263205 26.025099424034352 -0.99995616156450873 -0.0093634902239582603 
1 -11.579835205926315 26.007704424034387 -0.0093585568437104666 0.99995620774802085 
1 -11.579835205926315 26.007704424034387 -0.0093585568437104666 0.99995620774802085 
1 -11.588288205926347 26.910902424034362 -0.99995627472131532 -0.0093513980489368705 
1 -11.588288205926347 26.910902424034362 -0.99995627472131532 -0.0093513980489368705 
1 29.295073794073687 28.790785424034311 -0.99995650050335227 -0.0093272236538678652 
1 29.295073794073687 28.790785424034311 -0.99995650050335227 -0.0093272236538678652 
1 28.248076794073654 28.781019424034298 -0.0093614253621638211 0.99995618089753746 
1 28.248076794073654 28.781019424034298 -0.0093614253621638211 0.99995618089753746 
1 28.215361794073658 32.275526424034297 -0.99988010977201081 -0.015484381883424743 
1 28.215361794073658 32.275526424034297 -0.99988010977201081 -0.015484381883424743 
1 24.250486794073652 32.214125424034364 -0.0093734905626294412 0.99995606787232028 
1 24.250486794073652 32.214125424034364 -0.0093734905626294412 0.99995606787232028 
1 24.242186794073689 33.099562424034389 0.99988034776509316 0.015469006211012895 
1 24.242186794073689 33.099562424034389 0.99988034776509316 0.015469006211012895 
1 28.207060794073698 33.160902424034362 -0.0093566754848687164 0.99995622535382567 
1 28.207060794073698 33.160902424034362 -0.0093566754848687164 0.99995622535382567 
1 28.141264794073663 40.192579424034307 -0.99988034963577566 -0.01546888529400617 
1 28.141264794073663 40.192579424034307 -0.99988034963577566 -0.01546888529400617 
1 24.176359794073676 40.131239424034334 -0.0093540267188397894 0.9999562501350463 
1 24.176359794073676 40.131239424034334 -0.0093540267188397894 0.9999562501350463 
1 24.167173794073676 41.11323342403432 0.99988034392482961 0.015469254434670251 
1 24.167173794073676 41.11323342403432 0.99988034392482961 0.015469254434670251 
1 28.132048794073683 41.17457442403429 -0.0093556088911636096 0.99995623533346478 
1 28.132048794073683 41.17457442403429 -0.0093556088911636096 0.99995623533346478 
1 28.080229794073659 46.71314842403433 0.99995650050335227 0.0093272236538678652 
1 28.080229794073659 46.71314842403433 0.99995650050335227 0.0093272236538678652 
1 29.127226794073692 46.722914424034343 0.0093597167285451779 -0.99995619689202453 
1 29.127226794073692 46.722914424034343 0.0093597167285451779 -0.99995619689202453 
1 -13.898591205926323 55.137831424034289 -0.009346614754962056 0.99995631944231567 
1 -13.898591205926323 55.137831424034289 -0.009346614754962056 0.99995631944231567 
1 -13.905061205926302 55.830030424034362 -0.9999563060582155 -0.0093480465557517732 
1 -13.905061205926302 55.830030424034362 -0.9999563060582155 -0.0093480465557517732 
1 -14.597047205926344 55.823561424034324 -0.009340093801675102 0.99995638037255208 
1 -14.597047205926344 55.823561424034324 -0.009340093801675102 0.99995638037255208 
1 -14.606233205926344 56.807020424034363 0.99995628875960318 0.009349896797354618 
1 -14.606233205926344 56.807020424034363 0.99995628875960318 0.009349896797354618 
1 -13.914277205926339 56.813490424034399 -0.0093637738955229654 0.99995615890819611 
1 -13.914277205926339 56.813490424034399 -0.0093637738955229654 0.99995615890819611 
1 -13.939637205926317 59.521681424034341 0.99995634032966163 0.0093443798354998966 
1 -13.939637205926317 59.521681424034341 0.99995634032966163 0.0093443798354998966 
1 -12.992585205926332 59.530531424034393 0.00936398479388428 -0.99995615693328277 
1 -12.992585205926332 59.530531424034393 0.00936398479388428 -0.99995615693328277 
1 -12.967225205926297 56.822401424034297 0.99995624911139613 0.0093541361475772602 
1 -12.967225205926297 56.822401424034297 0.99995624911139613 0.0093541361475772602 
1 -4.6808792059263169 56.899916424034359 -0.0090400858141729112 0.99995913758936794 
1 -4.6808792059263169 56.899916424034359 -0.0090400858141729112 0.99995913758936794 
1 -4.714997205926295 60.673841424034322 0.99995621614819596 0.009357659246969503 
1 -4.714997205926295 60.673841424034322 0.99995621614819596 0.009357659246969503 
1 -3.6322952059263116 60.68397342403432 0.0093583225926891552 -0.99995620994034096 
1 -3.6322952059263116 60.68397342403432 0.0093583225926891552 -0.99995620994034096 
1 -3.5702222059263136 54.051344424034369 0.99995618495817362 0.0093609916085321283 
1 -3.5702222059263136 54.051344424034369 0.99995618495817362 0.0093609916085321283 
1 -0.016908205926313258 54.0846084240344 0.00935717927406827 -0.99995622063970024 
1 -0.016908205926313258 54.0846084240344 0.00935717927406827 -0.99995622063970024 
1 -0.0063792059262937073 52.959425424034293 -0.9999563454976198 -0.0093438267880393226 
1 -0.0063792059262937073 52.959425424034293 -0.9999563454976198 -0.0093438267880393226 
1 -3.559693205926294 52.926222424034336 0.0093697743819723903 -0.99995610270052904 
1 -3.559693205926294 52.926222424034336 0.0093697743819723903 -0.99995610270052904 
1 -3.5544442059263019 52.366041424034393 -0.99995643016059022 -0.0093347619406549797 
1 -3.5544442059263019 52.366041424034393 -0.99995643016059022 -0.0093347619406549797 
1 -4.639802205926344 52.355909424034394 -0.0090446484412028579 0.99995909633073243 
1 -4.639802205926344 52.355909424034394 -0.0090446484412028579 0.99995909633073243 
1 -4.6444412059263414 52.868788424034392 -0.99995593267531568 -0.0093879021852377696 
1 -4.6444412059263414 52.868788424034392 -0.99995593267531568 -0.0093879021852377696 
1 -5.808228205926298 52.857862424034352 -0.00934432622143214 0.9999563408306722 
1 -5.808228205926298 52.857862424034352 -0.00934432622143214 0.9999563408306722 
1 -5.8191842059263195 54.030287424034327 0.9999564588110853 0.0093316923435329269 
1 -5.8191842059263195 54.030287424034327 0.9999564588110853 0.0093316923435329269 
1 -4.6550302059263231 54.041151424034297 -0.0090477578150026782 0.99995906820155445 
1 -4.6550302059263231 54.041151424034297 -0.0090477578150026782 0.99995906820155445 
1 -4.671998205926343 55.916456424034322 -0.9999562455738964 -0.0093545142983287501 
1 -4.671998205926343 55.916456424034322 -0.9999562455738964 -0.0093545142983287501 
1 -12.958009205926317 55.838941424034374 0.0093457912295540103 -0.99995632713948746 
1 -12.958009205926317 55.838941424034374 0.0093457912295540103 -0.99995632713948746 
1 -12.951539205926338 55.146681424034341 -0.99995634032966163 -0.0093443798354998966 
1 -12.951539205926338 55.146681424034341 -0.99995634032966163 -0.0093443798354998966 
1 -4.5249342059263427 39.65058742403437 -0.99995619345284226 -0.0093600841503741154 
1 -4.5249342059263427 39.65058742403437 -0.99995619345284226 -0.0093600841503741154 
1 -14.33178820592633 39.558790424034328 -0.0093557403747991461 0.99995623410329282 
1 -14.33178820592633 39.558790424034328 -0.0093557403747991461 0.99995623410329282 
1 -14.344209205926347 40.88636642403435 0.99995612628733921 0.0093672568246464631 
1 -14.344209205926347 40.88636642403435 0.99995612628733921 0.0093672568246464631 
1 -7.4964002059263066 40.950514424034395 -0.0093603682348439993 0.99995619079363085 
1 -7.4964002059263066 40.950514424034395 -0.0093603682348439993 0.99995619079363085 
1 -7.5380872059263311 45.403883424034348 0.99995621011589464 0.0093583038343936584 
1 -7.5380872059263311 45.403883424034348 0.99995621011589464 0.0093583038343936584 
1 -4.5772102059263489 45.431593424034304 -0.0090411877902199338 0.99995912762639561 
1 -4.5772102059263489 45.431593424034304 -0.0090411877902199338 0.99995912762639561 
1 -4.6205152059263241 50.221144424034378 -0.99995586793414626 -0.0093947955841727718 
1 -4.6205152059263241 50.221144424034378 -0.99995586793414626 -0.0093947955841727718 
1 -5.7834482059263337 50.210218424034338 -0.0093484680314027974 0.99995630211798048 
1 -5.7834482059263337 50.210218424034338 -0.0093484680314027974 0.99995630211798048 
1 -5.7906202059263023 50.97736942403435 0.99995638571608525 0.0093395217020864341 
1 -5.7906202059263023 50.97736942403435 0.99995638571608525 0.0093395217020864341 
1 -4.6274422059263429 50.98823342403432 -0.0090503644929484008 0.99995904461260054 
1 -4.6274422059263429 50.98823342403432 -0.0090503644929484008 0.99995904461260054 
1 -4.6335762059263175 51.665968424034304 0.99995592380767218 0.009388846678104603 
1 -4.6335762059263175 51.665968424034304 0.99995592380767218 0.009388846678104603 
1 -3.5479742059263231 51.676161424034376 0.0093584051894232932 -0.99995620916733674 
1 -3.5479742059263231 51.676161424034376 0.0093584051894232932 -0.99995620916733674 
1 -3.4709182059262957 43.44264042403438 -0.9999561335970728 -0.0093664764769426732 
1 -3.4709182059262957 43.44264042403438 -0.9999561335970728 -0.0093664764769426732 
1 -4.5591132059263373 43.432447424034308 -0.0090539419556510334 0.99995901222753314 
1 -4.5591132059263373 43.432447424034308 -0.0090539419556510334 0.99995901222753314 
1 -4.5675972059263472 44.369459424034289 -0.99995612692906133 -0.0093671883204669328 
1 -4.5675972059263472 44.369459424034289 -0.99995612692906133 -0.0093671883204669328 
1 -6.4766242059263277 44.351576424034306 0.0093672649787480966 -0.99995612621095431 
1 -6.4766242059263277 44.351576424034306 0.0093672649787480966 -0.99995612621095431 
1 -6.4448562059263281 40.960340424034371 0.99995607150841692 0.0093731026588710683 
1 -6.4448562059263281 40.960340424034371 0.99995607150841692 0.0093731026588710683 
1 -4.5369272059263039 40.978224424034352 -0.009054233940624757 0.99995900958376716 
1 -4.5369272059263039 40.978224424034352 -0.009054233940624757 0.99995900958376716 
1 -4.5468152059262934 42.070265424034346 0.99995617057688724 0.0093625277146356291 
1 -4.5468152059262934 42.070265424034346 0.99995617057688724 0.0093625277146356291 
1 -3.4581612059263307 42.080458424034305 0.0093619134490198694 -0.99995617632802947 
1 -3.4581612059263307 42.080458424034305 0.0093619134490198694 -0.99995617632802947 
1 -3.3878792059263105 34.573561424034324 -0.99995636405587163 -0.0093418405125081823 
1 -3.3878792059263105 34.573561424034324 -0.99995636405587163 -0.0093418405125081823 
1 -4.4789442059263251 34.563368424034365 -0.0090399333704984115 0.99995913896751654 
1 -4.4789442059263251 34.563368424034365 -0.0090399333704984115 0.99995913896751654 
Curves 637
1 -427.222534 503.70739700000001 0 0.077524193044110956 0.996990471114373 0 
1 -427.123108 504.98605300000003 0 -0.99751021663038653 0.070522108008761505 0 
1 -427.80557299999998 505.03430200000003 0 0.070542792617840314 0.99750875405165074 0 
1 -427.645782 507.29382299999997 0 -0.99780390515272954 0.066237201495555842 0 
1 -443.96124300000002 508.376892 0 0.027003703869527284 0.99963533349783451 0 
1 -443.87350500000002 511.62481700000001 0 0.9973637854510673 -0.072563623605200495 0 
1 -426.86965900000001 510.38769500000001 0 0.044060435059825036 0.99902886748198572 0 
1 -426.77139299999999 512.61578399999996 0 -0.97980469529553715 0.19995689304652584 0 
1 -436.93911700000001 514.69079599999998 0 -0.0092338167555756669 0.99995736740529306 0 
1 -436.99093599999998 520.30242899999996 0 0.45733861433088763 0.88929263566157091 0 
1 -436.84140000000002 520.59320100000002 0 0.95179135111461477 -0.30674618814814358 0 
1 -426.16375699999998 517.15197799999999 0 0.30676387427249513 0.95178565099571066 0 
1 -425.881958 518.02630599999998 0 -0.9520610570101492 0.30590806417078581 0 
1 -426.95236199999999 518.37023899999997 0 0.30588953059104873 0.95206701186144871 0 
1 -426.28393599999998 520.45068400000002 0 -0.95207163573955744 0.30587513861084409 0 
1 -427.302032 520.77777100000003 0 -0.30589820856828154 -0.95206422367123744 0 
1 -427.97045900000001 518.69738800000005 0 -0.95206611325630186 0.30589232744388795 0 
1 -436.42019699999997 521.41223100000002 0 0.45735653207653953 0.88928342083214462 0 
1 -434.45636000000002 525.23071300000004 0 0.9071507341751025 -0.42080582872100575 0 
1 -430.72735599999999 523.50091599999996 0 0.93550994462112957 -0.35330035878126576 0 
1 -425.99798600000003 521.71484399999997 0 0.3813735362499161 0.92442102196360387 0 
1 -423.78823899999998 527.07110599999999 0 -0.92449227797586364 0.3812007711993754 0 
1 -424.79168700000002 527.48486300000002 0 -0.38121546951231228 -0.92448621720635038 0 
1 -426.50256300000001 523.33581500000003 0 -0.91807384594416586 0.39640940124231167 0 
1 -430.123535 524.89929199999995 0 0.39640975028450781 0.91807369523332605 0 
1 -426.78561400000001 532.62982199999999 0 0.93539509991532688 -0.35360430859139075 0 
1 -423.22515900000002 531.28387499999997 0 -0.3812085040534699 -0.92448908940955898 0 
1 -424.19534299999998 528.93102999999996 0 0.92448131853131088 -0.38122734908005873 0 
1 -423.19168100000002 528.51715100000001 0 0.38137561142476722 0.92442016583931408 0 
1 -421.10668900000002 533.57098399999995 0 -0.92431759387983836 0.38162414185188287 0 
1 -422.11105300000003 533.98565699999995 0 -0.38121925682977043 -0.92448465548226255 0 
1 -422.82180799999998 532.262024 0 -0.93308140105980919 0.35966525964605378 0 
1 -426.356201 533.62438999999995 0 0.39641193404942254 0.91807275231497665 0 
1 -424.18084700000003 538.66241500000001 0 0.94559921765368193 -0.32533385863255077 0 
1 -420.67929099999998 537.45770300000004 0 -0.38123372461707611 -0.92447868943236933 0 
1 -421.64746100000002 535.10992399999998 0 0.92432231808685761 -0.38161269932555725 0 
1 -420.64291400000002 534.69519000000003 0 0.38067200208532137 0.92471013124565327 0 
1 -419.15554800000001 538.30822799999999 0 -0.94560309253246055 0.32532259588452628 0 
1 -423.66403200000002 539.85931400000004 0 0.39641188189958448 0.91807277483259986 0 
1 -421.31057700000002 545.30981399999996 0 0.95823981668649993 -0.28596582613421295 0 
1 -410.39666699999998 542.05279499999995 0 -0.32532643516540966 -0.94560177166847914 0 
1 -412.475616 536.01007100000004 0 -0.94560244784105885 0.32532446977901547 0 
1 -416.037781 537.23559599999999 0 -0.34406777952040735 -0.9389448136583407 0 
1 -417.45147700000001 533.37768600000004 0 0.92433792356619104 -0.38157489835855629 0 
1 -416.746216 533.08654799999999 0 0.33938560067114226 0.9406473377717538 0 
1 -415.777557 535.77130099999999 0 0.9456056101402136 -0.32531527795563875 0 
1 -412.89849900000002 534.78082300000005 0 -0.32532477470850246 -0.9456023429332554 0 
1 -414.82547 529.17980999999997 0 -0.93308834571747379 0.35964724256725222 0 
1 -417.74597199999999 530.30548099999999 0 0.33801122213980161 0.9411420794479215 0 
1 -417.15853900000002 531.941101 0 -0.92432558997419745 0.38160477423487771 0 
1 -417.87023900000003 532.23492399999998 0 -0.34407498148279608 -0.93894217453345541 0 
1 -419.752319 527.09893799999998 0 0.92448938992474661 -0.38120777525723426 0 
1 -419.01162699999998 526.79351799999995 0 0.33871736498397398 0.94088816905002759 0 
1 -418.09350599999999 529.34387200000003 0 0.93539311169970696 -0.35360956800508031 0 
1 -415.15164199999998 528.23175000000003 0 -0.3253269404877952 -0.94560159781635877 0 
1 -417.131775 522.47625700000003 0 -0.94560511951586712 0.32531670406756363 0 
1 -420.18734699999999 523.527466 0 0.33870335449295375 0.94089321267358528 0 
1 -419.54202299999997 525.32012899999995 0 -0.92448056537872614 0.38122917547982971 0 
1 -420.290955 525.62896699999999 0 -0.34407499702496536 -0.9389421688380335 0 
1 -423.37240600000001 517.22003199999995 0 -0.95207231865276165 0.30587301295660951 0 
1 -424.66522200000003 517.63537599999995 0 -0.3067459373030359 -0.95179143195769622 0 
1 -424.94735700000001 516.75994900000001 0 0.95179346733108283 -0.30673962174110297 0 
1 -422.43133499999999 515.94909700000005 0 0.30675014745598478 0.95179007508784819 0 
1 -422.14846799999998 516.82678199999998 0 -0.95207630366249762 0.30586060878177096 0 
1 -422.55276500000002 516.95666500000004 0 0.33870681453072093 0.94089196711973888 0 
1 -420.53762799999998 522.55450399999995 0 0.94560096889226719 -0.32532876852501907 0 
1 -417.46816999999999 521.49847399999999 0 -0.32532689825195471 -0.94560161234727291 0 
1 -419.38131700000002 515.93768299999999 0 -0.95206544802277759 0.30589439792383866 0 
1 -421.09594700000002 516.48858600000005 0 -0.30673030846378546 -0.95179646872097134 0 
1 -421.37908900000002 515.60998500000005 0 0.95179461551664968 -0.30673605897173689 0 
1 -419.614349 515.04125999999997 0 -0.25160594461848146 -0.96782976221680728 0 
1 -422.31674199999998 504.64621 0 -0.99750971272500022 0.070529235209858585 0 
1 -424.06823700000001 504.77005000000003 0 -0.077532406493682995 -0.99698983241721095 0 
1 -424.16934199999997 503.46994000000001 0 0.99698908045297974 -0.077542075401176913 0 
1 -422.65319799999997 503.35201999999998 0 -0.2516063650149935 -0.96782965292655798 0 
1 -424.14269999999999 497.62249800000001 0 -0.99787300029111592 0.06518799958586334 0 
1 -447.854828 499.171539 0 0.0093555090056448801 0.99995623626799057 0 
1 -447.81976300000002 502.91943400000002 0 -0.99688883950077689 0.078820312602744927 0 
1 -449.07147200000003 503.01840199999998 0 -0.0093531869044999206 -0.99995625799068311 0 
1 -449.10668900000002 499.25332600000002 0 -0.99787348997480629 0.065180503262096304 0 
1 -452.39395100000002 499.46804800000001 0 0.0093544531884464273 0.99995624614557266 0 
1 -452.35830700000002 503.27825899999999 0 -0.99688855183544811 0.078823950798111095 0 
1 -453.195831 503.34448200000003 0 -0.0093663998315079069 -0.99995613431499897 0 
1 -453.231628 499.52279700000003 0 -0.99787320658547518 0.065184841633784074 0 
1 -459.34320100000002 499.92202800000001 0 0.010202009952445704 0.99994795814228776 0 
1 -459.27914399999997 506.20056199999999 0 0.99698909140966907 -0.077541934526568657 0 
1 -458.42572000000001 506.134186 0 0.0093735548697558794 0.99995606726950947 0 
1 -458.41574100000003 507.19873000000001 0 -0.99751074481661683 0.07051463660402793 0 
1 -459.268372 507.25900300000001 0 0.010208608346145715 0.99994789080013313 0 
1 -459.23202500000002 510.81924400000003 0 0.999948028239805 -0.010195137043029301 0 
1 -458.381958 510.81057700000002 0 0.0093954867060892545 0.99995586144067161 0 
1 -458.374573 511.59655800000002 0 -0.99995638426618061 0.0093396769380263648 0 
1 -459.22403000000003 511.60449199999999 0 0.010200092299126433 0.99994797770538502 0 
1 -459.15670799999998 518.20428500000003 0 0.99994800593722744 -0.010197324264853147 0 
1 -458.31280500000003 518.19567900000004 0 0.0093472945343668554 0.99995631308817079 0 
1 -458.30447400000003 519.08691399999998 0 -0.99984781890990615 0.017445315162062443 0 
1 -459.14755200000002 519.10162400000002 0 0.010200501148978636 0.99994797353477827 0 
1 -459.06512500000002 527.18188499999997 0 0.99994780852225995 -0.010216664403301641 0 
1 -458.22879 527.17334000000005 0 0.0093589758850015446 0.99995620382613959 0 
1 -458.21957400000002 528.15801999999996 0 -0.99995559533550837 0.009423765553598468 0 
1 -459.05508400000002 528.16589399999998 0 0.010203974825782286 0.99994793809365634 0 
1 -458.97879 535.64239499999996 0 0.99994766093345511 -0.010231099340337863 0 
1 -458.14959700000003 535.63391100000001 0 0.0093742555271260596 0.99995606070132503 0 
1 -458.141052 536.54540999999995 0 -0.99995622512874294 0.0093566995396209066 0 
1 -458.96951300000001 536.55316200000004 0 0.010198908712759429 0.99994798977800281 0 
1 -458.90033 543.33618200000001 0 0.99995561577784531 -0.0094215961678610037 0 
1 -458.07757600000002 543.32843000000003 0 0.0093657571767209631 0.99995614033441815 0 
1 -458.06689499999999 544.46881099999996 0 -0.99995621894744302 0.0093573601156164352 0 
1 -458.88867199999999 544.47650099999998 0 0.010199465737916644 0.99994798409650354 0 
1 -458.78887900000001 554.260132 0 0.99994795138134751 -0.010202672603121814 0 
1 -457.97531099999998 554.25183100000004 0 0.0093645470263707693 0.99995615166815743 0 
1 -457.96630900000002 555.21307400000001 0 -0.99995665246487686 0.0093109178515138318 0 
1 -458.77908300000001 555.220642 0 0.010204424215451768 0.99994793350775579 0 
1 -458.71545400000002 561.45574999999997 0 0.99995172161526469 -0.0098262118167813939 0 
1 -457.90795900000001 561.44781499999999 0 0.0093576919238367376 0.99995621584240302 0 
1 -457.90060399999999 562.23376499999995 0 -0.99995672025150184 0.0093036349810008898 0 
1 -458.70745799999997 562.24127199999998 0 0.010202462348682412 0.99994795352659416 0 
1 -458.584045 574.33703600000001 0 0.99995632423697201 -0.0093461017800886611 0 
1 -457.78738399999997 574.32959000000005 0 0.009371538033988441 0.99995608617322662 0 
1 -457.77713 575.42370600000004 0 -0.99995622704378084 0.0093564948761046818 0 
1 -458.57290599999999 575.431152 0 0.010200978023685818 0.99994796867005054 0 
1 -458.50286899999998 582.29650900000001 0 0.9999563069314914 -0.0093479531413390316 0 
1 -457.71289100000001 582.28912400000002 0 0.0093607131360989755 0.99995618756502702 0 
1 -457.70138500000002 583.51824999999997 0 -0.99995619200145058 0.0093602392041107537 0 
1 -458.49032599999998 583.52563499999997 0 0.01020048097579928 0.99994797374056532 0 
1 -458.41095000000001 591.30682400000001 0 0.99995619039369787 -0.0093604109590659876 0 
1 -457.62853999999999 591.29949999999997 0 0.0093604121818781777 0.99995619038225136 0 
1 -457.61758400000002 592.46991000000003 0 -0.99995607741283876 0.0093724727328894364 0 
1 -458.39898699999998 592.47723399999995 0 0.010198308084626014 0.99994799590389249 0 
1 -458.32620200000002 599.613831 0 0.99995612491450681 -0.0093674033735767319 0 
1 -457.55078099999997 599.60656700000004 0 0.0093563954888201371 0.99995622797373318 0 
1 -457.53955100000002 600.80676300000005 0 -0.99995602285291296 0.0093782919652113418 0 
1 -458.313965 600.81402600000001 0 0.010201202975792301 0.99994796637517425 0 
1 -458.06362899999999 625.35260000000005 0 0.99995664907004578 -0.0093112824361309913 0 
1 -457.309845 625.34558100000004 0 0.0093576865416863924 0.99995621589276984 0 
1 -457.29931599999998 626.47070299999996 0 -0.99995654017646241 0.0093229693938703829 0 
1 -458.05215500000003 626.47772199999997 0 0.010202288291201409 0.99994795530248626 0 
1 -457.921021 639.33044400000006 0 0.99995626753254607 -0.0093521667211010438 0 
1 -455.728363 639.30993699999999 0 0.0093653008083907658 0.9999561446087365 0 
1 -455.71740699999998 640.479736 0 -0.9999562242678468 0.0093567915436756702 0 
1 -457.909088 640.50024399999995 0 -0.99988062696076907 0.015450949114519297 0 
1 -478.017426 640.81097399999999 0 -0.99995913082951471 0.0090408335169547532 0 
1 -480.35992399999998 640.83215299999995 0 -0.0093476935051438979 -0.99995630935863089 0 
1 -480.36999500000002 639.75482199999999 0 0.99997917900428224 -0.0064530270355655497 0 
1 -478.02432299999998 639.73968500000001 0 -0.0064472413356139822 -0.99997921632359965 0 
1 -478.109467 626.53369099999998 0 -0.99988119190446201 0.015414346425082411 0 
1 -478.68756100000002 626.54260299999999 0 -0.0093541141823818806 -0.99995624931687033 0 
1 -478.70117199999999 625.08758499999999 0 0.9998797034636534 -0.015510596424273005 0 
1 -478.11886600000003 625.07855199999995 0 -0.0064463757094979732 -0.99997922190424149 0 
1 -478.19378699999999 613.45660399999997 0 -0.99988063294946428 0.015450561561917011 0 
1 -478.80993699999999 613.46612500000003 0 -0.0093845727810298787 -0.99995596392727082 0 
1 -478.81915299999997 612.48413100000005 0 0.99988019168275799 -0.015479091719182644 0 
1 -478.20013399999999 612.47454800000003 0 -0.0064488300761392911 -0.99997920607913104 0 
1 -478.24548299999998 605.44256600000006 0 -0.99987899171271455 0.015556411268842567 0 
1 -478.88494900000001 605.45251499999995 0 -0.0093746197996603144 -0.99995605728632475 0 
1 -478.89325000000002 604.56707800000004 0 0.99987996733807138 -0.015493576605071521 0 
1 -478.25119000000001 604.55712900000003 0 -0.0064470825114323884 -0.9999792173475861 0 
1 -478.303406 596.45812999999998 0 -0.9998799562111883 0.015494294663267506 0 
1 -478.96905500000003 596.46844499999997 0 -0.0093696246107554983 -0.99995610410390201 0 
1 -478.97906499999999 595.40014599999995 0 0.99987968364825364 -0.015511873757486248 0 
1 -478.31030299999998 595.389771 0 -0.0064462762080560064 -0.9999792225456734 0 
1 -478.35665899999998 588.19879200000003 0 -0.99995684499382165 0.0092902179738756085 0 
1 -479.04638699999998 588.20519999999999 0 -0.0093676612079042609 -0.99995612249912946 0 
1 -479.057953 586.97058100000004 0 0.99995563691499201 -0.0094193525219443599 0 
1 -478.36462399999999 586.96405000000004 0 -0.0064457922091881448 -0.99997922566561148 0 
1 -478.41116299999999 579.74414100000001 0 -0.99998505283340622 0.0054675506188480594 0 
1 -479.12554899999998 579.74804700000004 0 -0.0093620092039178159 -0.99995617543153659 0 
1 -479.13571200000001 578.66253700000004 0 0.99997910102399312 -0.0064650997862774106 0 
1 -478.418182 578.65789800000005 0 -0.0064478117161667781 -0.99997921264597944 0 
1 -478.46991000000003 570.63549799999998 0 -0.99998477107480743 0.0055188421308354895 0 
1 -479.21081500000003 570.63958700000001 0 -0.0093761284059772354 -0.99995604314195452 0 
1 -479.22030599999999 569.62738000000002 0 0.99997899894227937 -0.0064808698796470993 0 
1 -478.47644000000003 569.62255900000002 0 -0.0064485453280473852 -0.99997920791542061 0 
1 -478.52127100000001 562.67059300000005 0 -0.99998480720879257 0.0055122909569337254 0 
1 -479.28537 562.67480499999999 0 -0.0093557076231398015 -0.99995623440972181 0 
1 -479.29620399999999 561.51684599999999 0 0.99997925223327266 -0.0064416692700519267 0 
1 -478.52871699999997 561.51190199999996 0 -0.0064479041248392639 -0.99997921205012896 0 
1 -478.57559199999997 554.24224900000002 0 -0.99995615800101556 0.0093638707727101683 0 
1 -479.36422700000003 554.24963400000001 0 -0.0093812524705723394 -0.99995599508282529 0 
1 -479.37515300000001 553.08502199999998 0 0.99995653565840026 -0.0093234539764164136 0 
1 -478.583099 553.07763699999998 0 -0.0064506481113314126 -0.9999791943530344 0 
1 -478.63501000000002 545.030396 0 -0.9998648809838574 0.016438362909263565 0 
1 -484.79397599999999 545.13165300000003 0 0.0054829077450477834 0.99998496874836051 0 
1 -484.750092 553.13531499999999 0 0.99995627493974903 -0.0093513746915190824 0 
1 -480.71011399999998 553.097534 0 0.0093551276268385511 0.99995623983606674 0 
1 -480.69921900000003 554.26208499999996 0 -0.99995609032941279 0.0093710945526892381 0 
1 -484.74371300000001 554.29998799999998 0 0.0054833146515644061 0.99998496651721325 0 
1 -484.70394900000002 561.55169699999999 0 0.99997923748848228 -0.0064439577864496096 0 
1 -480.63122600000003 561.52545199999997 0 0.0093660760887147535 0.99995613734738409 0 
1 -480.62039199999998 562.68212900000003 0 -0.99998499088343484 0.0054788692133239825 0 
1 -484.697632 562.70446800000002 0 0.0054824255924437217 0.99998497139188214 0 
1 -484.65948500000002 569.66241500000001 0 0.99997926692690309 -0.0064393878850106806 0 
1 -480.55529799999999 569.635986 0 0.0093583365162236056 0.9999562098100343 0 
1 -480.54583700000001 570.64691200000004 0 -0.99998497248967066 0.0054822253540529288 0 
1 -484.65396099999998 570.66943400000002 0 0.0054812220473067046 0.99998497798960373 0 
1 -484.60995500000001 578.69781499999999 0 0.99997923985341719 -0.0064435907832252719 0 
1 -480.47073399999999 578.67114300000003 0 0.0093730779476936064 0.99995607174004708 0 
1 -480.46057100000002 579.75537099999997 0 -0.9999849866950421 0.0054796336115462314 0 
1 -484.60403400000001 579.77807600000006 0 0.0054815210929911725 0.99998497635039851 0 
1 -484.57086199999998 585.82959000000005 0 0.0093669052529174474 0.99995612958068458 0 
1 -484.55969199999998 587.02203399999996 0 0.99995619592652296 -0.0093598198784549582 0 
1 -480.39291400000002 586.98303199999998 0 0.0093429038302886378 0.99995635412152761 0 
1 -480.38137799999998 588.21771200000001 0 -0.99995620568658017 0.0093587771048241186 0 
1 -484.34646600000002 588.25482199999999 0 0.0093593342364060375 0.9999562004721263 0 
1 -484.33386200000001 589.60144000000003 0 -0.99995604084463785 0.009376373409638903 0 
1 -485.44693000000001 589.61187700000005 0 -0.0093658424472822539 -0.99995613953575624 0 
1 -485.48236100000003 585.82904099999996 0 -0.99999981550559802 -0.00060744445861378568 0 
1 -497.038971 585.82202099999995 0 0.016346121401257161 0.99986639323218351 0 
1 -496.987213 588.987976 0 -0.9999595277940313 -0.0089968202126123331 0 
1 -515.07965100000001 588.82519500000001 0 0.075162035205438155 0.99717133355495957 0 
1 -514.59930399999996 595.19793700000002 0 0.99989275148937484 -0.014645324134599555 0 
1 -497.83923299999998 594.95245399999999 0 -0.0093607607202660127 -0.99995618711958478 0 
1 -497.874054 591.23272699999995 0 0.99995623007977441 -0.0093561704048871468 0 
1 -496.94775399999997 591.22406000000001 0 0.0093638540402871152 0.99995615815770245 0 
1 -496.90045199999997 596.27539100000001 0 0.99995618082254856 -0.0093614333722141594 0 
1 -486.54736300000002 596.17846699999996 0 0.0093594548037541601 0.99995619934363944 0 
1 -486.53799400000003 597.17944299999999 0 -0.99995618082254856 0.0093614333722141594 0 
1 -496.89108299999998 597.27636700000005 0 0.0093581591367913278 0.99995621147006752 0 
1 -496.83749399999999 603.00256300000001 0 0.99995619844463179 -0.0093595508524779176 0 
1 -486.573669 602.90649399999995 0 0.0093544494128411527 0.99995624618089285 0 
1 -486.56341600000002 604.00250200000005 0 -0.99995619752427534 0.0093596491810554946 0 
1 -496.82724000000002 604.09857199999999 0 0.0093639009883132278 0.99995615771806767 0 
1 -496.78890999999999 608.19177200000001 0 0.99995622540538187 -0.0093566699750071963 0 
1 -486.44369499999999 608.09497099999999 0 0.0093447917785499223 0.99995633648005633 0 
1 -486.43267800000001 609.273865 0 -0.99995621928221068 0.0093573243412628081 0 
1 -495.94235200000003 609.36285399999997 0 0.004424614700651093 0.99999021134446642 0 
1 -495.92370599999998 613.57696499999997 0 0.99995624521795656 -0.0093545523466272949 0 
1 -486.42425500000002 613.48809800000004 0 0.0093704932638499217 0.99995609596421375 0 
1 -486.41400099999998 614.58233600000005 0 -0.99995623393500843 0.0093557583612813161 0 
1 -495.91885400000001 614.67126499999995 0 0.0044227065442300414 0.99999021978558555 0 
1 -495.833282 634.019409 0 0.99995636363475338 -0.0093418855891672752 0 
1 -493.468231 633.99731399999996 0 2.5544329489003845e-05 0.99999999967374364 0 
1 -493.46807899999999 639.94775400000003 0 0.99995615465556809 -0.0093642280220937301 0 
1 -484.910461 639.867615 0 -0.00936268073709841 -0.99995616914413565 0 
1 -484.95858800000002 634.72753899999998 0 -0.99995616069122339 0.0093635834843453607 0 
1 -492.06976300000002 634.794128 0 -0.0093825164580797343 -0.9999559832237187 0 
1 -492.07736199999999 633.98425299999997 0 0.99995624135016525 -0.009354965785619538 0 
1 -484.96615600000001 633.91772500000002 0 -0.0093591724484570604 -0.99995620198640689 0 
1 -485.00671399999999 629.58441200000004 0 -0.99995615823728701 0.0093638455415522015 0 
1 -487.25537100000003 629.60546899999997 0 -0.0093572876660080063 -0.99995621962540715 0 
1 -487.27722199999999 627.27038600000003 0 -0.99995622284339936 0.0093569437725170915 0 
1 -494.256439 627.33569299999999 0 -0.0093713470414890018 -0.99995608796318047 0 
1 -494.26492300000001 626.43042000000003 0 0.99995615852646447 -0.009363814660502923 0 
1 -486.45648199999999 626.35730000000001 0 0.0093530864964564229 0.99995625892985429 0 
1 -486.43277 628.89239499999996 0 0.99995646734426391 -0.0093307779086298295 0 
1 -485.01333599999998 628.87914999999998 0 -0.0093465182825203125 -0.99995632034404103 0 
1 -485.02020299999998 628.14446999999996 0 0.99995651198576996 -0.0093259925612720687 0 
1 -483.97317500000003 628.13470500000005 0 0.0093598389763898324 0.99995619574776173 0 
1 -483.86419699999999 639.77734399999997 0 0.99997919333654495 -0.0064508056855795528 0 
1 -481.68808000000001 639.76330599999994 0 0.0093745678019245028 0.99995605777380392 0 
1 -481.67794800000001 640.84405500000003 0 -0.99995830299687405 0.0091319366846205289 0 
1 -485.05978399999998 640.87493900000004 0 0.0091278628199914363 0.99995834019240004 0 
1 -485.003693 647.01971400000002 0 0.99995108183896364 -0.0098911035322721899 0 
1 -450.83819599999998 646.68176300000005 0 0.020941486395421906 -0.99978070302819422 0 
1 -450.70730600000002 640.432861 0 -0.99995634494012753 0.0093438864494708746 0 
1 -453.94714399999998 640.46313499999997 0 -0.0093644380686671667 -0.99995615268853577 0 
1 -453.958099 639.29333499999996 0 0.99995628303650885 -0.0093505088529674384 0 
1 -452.28714000000002 639.27770999999996 0 -0.0093629098663486187 -0.99995616699875123 0 
1 -452.33239700000001 634.44427499999995 0 0.99995618159475297 -0.0093613508876361148 0 
1 -451.25012199999998 634.43414299999995 0 0.0090410538508824967 0.99995912883740667 0 
1 -451.21224999999998 638.62286400000005 0 0.98223460512918515 -0.18765708216508606 0 
1 -442.93701199999998 637.04187000000002 0 -0.0093528253365137756 -0.99995626137257865 0 
1 -442.96786500000002 633.74322500000005 0 0.99995634032966152 -0.0093443798354993345 0 
1 -442.02081299999998 633.734375 0 0.0093592260638958851 0.99995620148458741 0 
1 -441.99154700000003 636.86120600000004 0 0.9822354256147009 -0.18765278752927522 0 
1 -435.91891500000003 635.70105000000001 0 -0.0093566058752287701 -0.99995622600516654 0 
1 -435.94503800000001 632.90924099999995 0 0.99995623636863484 -0.0093554982483396703 0 
1 -435.070831 632.90106200000002 0 0.0093519478099048439 0.99995626957990569 0 
1 -435.04620399999999 635.53430200000003 0 0.98223583702519768 -0.18765063406077132 0 
1 -427.90930200000003 634.17083700000001 0 0.015126311649117735 -0.99988559080321471 0 
1 -427.788635 626.19445800000005 0 -0.99995614190081117 0.0093655899357545612 0 
1 -435.13296500000001 626.26324499999998 0 0.009355877997272154 0.99995623281566692 0 
1 -435.083282 631.57336399999997 0 -0.99995557803857593 0.0094256007520668282 0 
1 -435.95745799999997 631.58160399999997 0 -0.0093615258813838833 -0.999956179956488 0 
1 -435.98040800000001 629.13018799999998 0 -0.99995628269616998 0.0093505452492059424 0 
1 -440.01422100000002 629.16790800000001 0 -0.0093716015300588443 -0.99995608557814264 0 
1 -440.023438 628.18444799999997 0 0.99995628503565093 -0.0093502950595104831 0 
1 -435.98962399999999 628.14672900000005 0 -0.0093569965593995851 -0.99995622234945236 0 
1 -436.00717200000003 626.27142300000003 0 -0.99995628269617021 0.0093505452491778936 0 
1 -440.04098499999998 626.30914299999995 0 -0.0093448203496464873 -0.99995633621305324 0 
1 -440.051941 625.13678000000004 0 0.99995610456456718 -0.0093695754469628519 0 
1 -439.198578 625.128784 0 -0.0093596223420672996 -0.9999561977754895 0 
1 -439.20510899999999 624.43102999999996 0 0.99995622060499667 -0.0093571829826849424 0 
1 -438.20068400000002 624.42163100000005 0 0.0093596223421502801 0.99995619777548872 0 
1 -438.19415299999997 625.11938499999997 0 0.9999561173320024 -0.0093682127594750808 0 
1 -432.94311499999998 625.07019000000003 0 -0.0093604943330197806 -0.99995618961324573 0 
1 -432.959564 623.31298800000002 0 -0.99995622608319645 0.0093565975360210205 0 
1 -438.21060199999999 623.362122 0 0.0093683348034339 0.99995611618861102 0 
1 -438.20666499999999 623.78234899999995 0 -0.99995622060499556 0.0093571829827975832 0 
1 -439.21109000000001 623.79174799999998 0 -0.0093702843115669558 -0.99995609792226403 0 
1 -439.225098 622.296875 0 0.99995622330705747 -0.0093568942222390459 0 
1 -438.220642 622.28747599999997 0 0.0093101895595780002 0.99995665924597188 0 
1 -438.21835299999998 622.53332499999999 0 0.99995622001864815 -0.0093572456426572696 0 
1 -433.09826700000002 622.48541299999999 0 -0.0093481879827398261 -0.99995630473608166 0 
1 -433.11261000000002 620.95117200000004 0 -0.99995610717826133 0.0093692964996158774 0 
1 -438.23272700000001 620.999146 0 0.0093636946457619011 0.99995615965030238 0 
1 -438.22757000000001 621.54986599999995 0 -0.99995622060499556 0.0093571829827981123 0 
1 -439.23199499999998 621.55926499999998 0 -0.0093553923084402236 -0.99995623735979333 0 
1 -439.25714099999999 618.87152100000003 0 -0.99995631564966725 0.0093470205061832456 0 
1 -440.31497200000001 618.88140899999996 0 -0.009364771535325998 -0.99995614956561529 0 
1 -440.32513399999999 617.79632600000002 0 0.99995631564966614 -0.0093470205062912044 0 
1 -439.26730300000003 617.78643799999998 0 -0.0093597393979364864 -0.99995619667983604 0 
1 -439.30987499999998 613.23821999999996 0 -0.99995589582701339 0.0093918262758185492 0 
1 -440.11575299999998 613.24578899999995 0 -0.0093553105508242095 -0.9999562381246978 0 
1 -440.128174 611.91815199999996 0 0.99995661536251723 -0.0093149016494370341 0 
1 -439.32229599999999 611.91064500000005 0 -0.0093683110957027815 -0.99995611641072235 0 
1 -439.33975199999998 610.04742399999998 0 0.99995622060499556 -0.0093571829827981123 0 
1 -438.33532700000001 610.03802499999995 0 0.0093683161232834527 0.99995611636362036 0 
1 -438.31787100000003 611.90124500000002 0 0.99995616379693419 -0.0093632518132750631 0 
1 -430.22210699999999 611.82543899999996 0 -0.0063314886249760151 -0.99997995592501343 0 
1 -430.29348800000002 600.55169699999999 0 -0.99995618079260307 0.009361436570880264 0 
1 -438.42340100000001 600.62780799999996 0 0.0093580839673889603 0.9999562121735428 0 
1 -438.40612800000002 602.47351100000003 0 -0.99995622060499667 0.0093571829826849424 0 
1 -439.41055299999999 602.48290999999995 0 -0.0093580839673895362 -0.9999562121735428 0 
1 -439.42782599999998 600.63720699999999 0 -0.99995633120876848 0.0093453558251977015 0 
1 -440.04168700000002 600.64294400000006 0 -0.0093573821739700233 -0.99995621874102592 0 
1 -440.054779 599.24389599999995 0 0.99995633120877025 -0.0093453558250133923 0 
1 -439.44091800000001 599.238159 0 -0.0093754642456230896 -0.99995604936926052 0 
1 -439.44860799999998 598.41796899999997 0 0.99995621128935708 -0.0093581784464090313 0 
1 -438.44418300000001 598.40856900000006 0 0.0093754528158680392 0.99995604947642447 0 
1 -438.43649299999998 599.22875999999997 0 0.99995622648153026 -0.0093565549652920351 0 
1 -430.30233800000002 599.152649 0 -0.0063315413811117875 -0.99997995559098041 0 
1 -430.33853099999999 593.43646200000001 0 -0.99997998577660163 0.0063267721807805455 0 
1 -438.49023399999999 593.48803699999996 0 0.0093480103184591067 0.99995630639697752 0 
1 -438.48657200000002 593.87976100000003 0 -0.99995622060499667 0.0093571829826849424 0 
1 -439.49099699999999 593.88915999999995 0 -0.0093591848447611373 -0.99995620187038281 0 
1 -439.52081299999998 590.70355199999995 0 -0.9999572384775357 0.0092477681837884983 0 
1 -440.029022 590.70825200000002 0 -0.0093394898173594244 -0.99995638601388581 0 
1 -440.03790299999997 589.757385 0 0.9999561346191127 -0.0093663673642950286 0 
1 -439.52972399999999 589.75262499999997 0 -0.0093280287609940025 -0.99995649299328715 0 
1 -439.53610200000003 589.06890899999996 0 0.99995621128935686 -0.0093581784464085004 0 
1 -438.531677 589.05950900000005 0 0.0093583332541225112 0.99995620984056333 0 
1 -438.49920700000001 592.52899200000002 0 0.99995618389469665 -0.0093611052101596134 0 
1 -430.33642600000002 592.45257600000002 0 -0.0078444443281747919 -0.99996923187325237 0 
1 -430.37957799999998 586.95178199999998 0 -0.99995620335605351 0.0093590261110273656 0 
1 -438.55068999999997 587.02825900000005 0 0.0093478556483033021 0.99995630784288692 0 
1 -438.54202299999997 587.95538299999998 0 -0.99995621128935575 0.0093581784465216703 0 
1 -439.546448 587.96478300000001 0 -0.0093589929093117665 -0.99995620366680227 0 
1 -439.62994400000002 579.04370100000006 0 -0.99995623157362779 0.0093560107454554037 0 
1 -443.74615499999999 579.08221400000002 0 0.0093640671907796388 0.99995615616168232 0 
1 -443.72357199999999 581.49377400000003 0 -0.99995617366512191 0.0093621978727392065 0 
1 -445.04702800000001 581.50616500000001 0 -0.0093640633081301539 -0.99995615619804123 0 
1 -445.06961100000001 579.094604 0 -0.99995614252333609 0.0093655234690732288 0 
1 -449.41632099999998 579.13531499999999 0 -0.0093498942728902183 -0.99995628878320775 0 
1 -449.42758199999997 577.930969 0 0.99995618821285592 -0.0093606439316771747 0 
1 -438.63681000000003 577.82995600000004 0 0.99998691813688112 0.005115032267972849 0 
1 -437.04974399999998 577.83807400000001 0 -0.0042320658715792334 -0.99999104476913114 0 
1 -437.06454500000001 574.34075900000005 0 -0.99999442873548572 -0.0033380380449906932 0 
1 -442.714539 574.32189900000003 0 -0.9999562161681449 0.0093576571152365427 0 
1 -450.13028000000003 574.39129600000001 0 -0.0093481050794413188 -0.99995630551110759 0 
1 -450.14181500000001 573.15741000000003 0 0.99995615831972562 -0.0093638367380039118 0 
1 -442.71142600000002 573.08783000000005 0 0.0025255649635545973 -0.99999681075572178 0 
1 -442.70507800000001 570.574341 0 -0.99995626054166109 0.0093529141735524454 0 
1 -443.390289 570.58074999999997 0 -0.0093724598147301424 -0.99995607753391913 0 
1 -443.404449 569.07000700000003 0 0.99995607582819024 -0.0093726417986915757 0 
1 -442.70126299999998 569.06341599999996 0 0.0025326389508675746 -0.99999679286482934 0 
1 -442.68988000000002 564.56890899999996 0 -0.97998463954972637 -0.19907311784013637 0 
1 -451.89868200000001 562.69824200000005 0 0.0090264399624215164 0.99995926086096365 0 
1 -451.88107300000001 564.64898700000003 0 -0.99995639557792015 0.0093384657633910038 0 
1 -452.98559599999999 564.65930200000003 0 -0.0093670380525929225 -0.99995612833669922 0 
1 -453.00607300000001 562.47332800000004 0 0.00064120294733806781 -0.99999979442936893 0 
1 -453.00589000000002 562.18792699999995 0 -0.99995625412115097 0.0093536005899452802 0 
1 -456.56201199999998 562.22119099999998 0 -0.0093834775790509906 -0.99995597420512639 0 
1 -456.56939699999998 561.43420400000002 0 0.99994791554714824 -0.010206184052494266 0 
1 -453.00537100000003 561.39782700000001 0 0.00064160344680190681 -0.99999979417248741 0 
1 -453.001373 555.16656499999999 0 -0.99995605824644829 0.0093745173862938309 0 
1 -456.627747 555.20056199999999 0 -0.0093532607735239848 -0.99995625729973936 0 
1 -456.63674900000001 554.238159 0 0.9999480935508297 -0.010188729266256297 0 
1 -453.00076300000001 554.20111099999997 0 0.00064285653528058442 -0.99999979336771627 0 
1 -452.99447600000002 544.42132600000002 0 -0.99995628979576623 0.0093497859807374767 0 
1 -456.72830199999999 544.45623799999998 0 -0.0093662581423003145 -0.9999561356421649 0 
1 -456.73898300000002 543.31591800000001 0 0.99995625162953683 -0.0093538669547083547 0 
1 -452.99374399999999 543.28088400000001 0 0.00064330737554138214 -0.99999979307778886 0 
1 -452.98937999999998 536.49719200000004 0 -0.99995616054179581 0.0093635994420066797 0 
1 -456.80248999999998 536.53289800000005 0 -0.0093629675305195205 -0.99995616645882168 0 
1 -456.811035 535.62030000000004 0 0.9999479461557168 -0.010203184746128316 0 
1 -452.98880000000003 535.58129899999994 0 0.0006453174322761969 -0.99999979178268417 0 
1 -452.98397799999998 528.10900900000001 0 -0.99995614270071209 0.0093655045306272888 0 
1 -456.88098100000002 528.14550799999995 0 -0.0093794056304193508 -0.99995601240755583 0 
1 -456.89022799999998 527.15966800000001 0 0.99994796914782236 -0.010200931190130979 0 
1 -452.98333700000001 527.11981200000002 0 0.00063685127753101728 -0.99999979721020449 0 
1 -452.98269699999997 526.114868 0 -0.0093589862057883201 -0.99995620372954319 0 
1 -453.02572600000002 521.51745600000004 0 0.99995587770796968 -0.0093937552280201689 0 
1 -452.18765300000001 521.50958300000002 0 0.0093594012411902187 0.99995619984497652 0 
1 -452.14767499999999 525.78082300000005 0 0.92844461376447096 -0.37147085911514299 0 
1 -446.66366599999998 523.58667000000003 0 -0.10760068797929127 -0.99419419227150141 0 
1 -446.772919 522.57720900000004 0 0.92845837621369198 -0.37143645975945078 0 
1 -445.50372299999998 522.06945800000005 0 0.13303556814745657 0.99111126398991312 0 
1 -445.36956800000002 523.06890899999996 0 0.92844938891007323 -0.37145892401786712 0 
1 -437.78420999999997 520.03411900000003 0 -0.0061928945979526839 -0.9999808238443868 0 
1 -437.816193 514.86975099999995 0 -0.97980349368081998 0.19996278096400666 0 
1 -446.239441 516.58880599999998 0 0.13304647317323157 0.99110980016149797 0 
1 -445.66284200000001 520.884094 0 -0.9284513796762135 0.37145394812457655 0 
1 -446.90252700000002 521.38006600000006 0 -0.10761812800589238 -0.99419230459932006 0 
1 -447.39562999999998 516.82470699999999 0 -0.97980352794586723 0.19996261306762333 0 
1 -452.22228999999999 517.809753 0 0.0093619879836020041 0.99995617563020989 0 
1 -452.19879200000003 520.31957999999997 0 -0.99995586649949186 0.0093949482835417805 0 
1 -453.03686499999998 520.32745399999999 0 -0.0093706634528477328 -0.9999560943693746 0 
1 -453.04934700000001 518.99548300000004 0 -0.99984853362215487 0.017404304456850265 0 
1 -456.966003 519.06366000000003 0 -0.0093463190398508488 -0.9999563222063278 0 
1 -456.974243 518.18206799999996 0 0.99994791733075128 -0.010206009303008572 0 
1 -453.057343 518.14209000000005 0 -0.0093564599362720817 -0.99995622737070888 0 
1 -453.11904900000002 511.54736300000002 0 -0.99995622379342086 0.0093568422452095686 0 
1 -457.03601099999997 511.58401500000002 0 -0.0093429999042396635 -0.99995635322387411 0 
1 -457.04336499999999 510.79693600000002 0 0.99994791733075095 -0.010206009303037592 0 
1 -453.126465 510.756958 0 -0.0093577327377524049 -0.99995621546046143 0 
1 -453.16323899999998 506.82733200000001 0 -0.9975096463236951 0.070530174331108642 0 
1 -457.07794200000001 507.10412600000001 0 -0.0093480400506887641 -0.99995630611902775 0 
1 -457.08798200000001 506.03015099999999 0 0.99698921083976788 -0.077540398948527295 0 
1 -453.17355300000003 505.725708 0 -0.0093687174050845565 -0.99995611260404005 0 
1 -453.18548600000003 504.45205700000002 0 0.99688878108235124 -0.078821051452921981 0 
1 -452.34793100000002 504.38583399999999 0 0.0093600843011393403 0.99995619345143094 0 
1 -452.33599900000002 505.66055299999999 0 0.99698966955107193 -0.077534500762207026 0 
1 -449.04913299999998 505.40493800000002 0 -0.0093532771556601984 -0.99995625714650604 0 
1 -449.06109600000002 504.12597699999998 0 0.99688877692152045 -0.078821104076985796 0 
1 -447.80938700000002 504.02700800000002 0 0.0093648842352564779 0.99995614851015358 0 
1 -447.797394 505.30758700000001 0 0.99698925099599522 -0.077539882631098303 0 
1 -420.96002199999998 531.31664999999998 0 -0.3647442945078439 -0.93110772718519264 0 
1 -421.21939099999997 530.65454099999999 0 0.93111265463380788 -0.36473171562229556 0 
1 -419.782623 530.09173599999997 0 0.3647442945078439 0.93110772718519264 0 
1 -419.52325400000001 530.75384499999996 0 -0.93111265463380788 0.36473171562229556 0 
1 -418.22082499999999 537.98053000000004 0 -0.34161088136059709 -0.93984147904635285 0 
1 -418.56280500000003 537.03967299999999 0 0.93844198663104583 -0.34543687951342994 0 
1 -417.24890099999999 536.55602999999996 0 0.3410249564093209 0.94005424264029613 0 
1 -416.89263899999997 537.53808600000002 0 -0.94874428297052138 0.31604475241767804 0 
1 -423.97204599999998 524.055969 0 0.92452884398040336 -0.38111207885379206 0 
1 -422.234375 523.33966099999998 0 0.38110562257578662 0.92453150538049389 0 
1 -421.91037 524.12567100000001 0 -0.92452865651278571 0.38111253362578285 0 
1 -423.64804099999998 524.84198000000004 0 -0.38110520813710641 -0.92453167621816656 0 
1 -451.61428799999999 594.15460199999995 0 0.0090449230157799813 0.99995909384716275 0 
1 -451.59539799999999 596.24298099999999 0 -0.99995611553636854 0.0093684044221297377 0 
1 -452.68988000000002 596.25323500000002 0 -0.0093522994596129169 -0.99995626629109025 0 
1 -452.70941199999999 594.16485599999999 0 0.99995616697112033 -0.0093629128173189705 0 
1 -439.48349000000002 594.69049099999995 0 0.99995621128935686 -0.0093581784464085004 0 
1 -438.47906499999999 594.68109100000004 0 0.0093597446397117832 0.99995619663077207 0 
1 -438.45394900000002 597.36437999999998 0 -0.99995622060499556 0.0093571829827981123 0 
1 -439.45837399999999 597.37377900000001 0 -0.0093597481275895043 -0.99995619659812507 0 
1 -451.69500699999998 585.22875999999997 0 0.0090536837492799799 0.99995901456538105 0 
1 -451.68402099999997 586.442139 0 0.99995639777941614 -0.0093382300257577548 0 
1 -450.48791499999999 586.430969 0 0.0093587742812141599 0.99995620571300692 0 
1 -450.47927900000002 587.35369900000001 0 -0.99995595059710307 0.0093859930451666608 0 
1 -451.67568999999997 587.36492899999996 0 0.0090722806875637892 0.99995884601473772 0 
1 -451.66958599999998 588.03772000000004 0 -0.99995632288379632 0.0093462465576877284 0 
1 -452.76666299999999 588.04797399999995 0 -0.0093646212504026917 -0.99995615097304968 0 
1 -452.79296900000003 585.239014 0 0.99995639326171737 -0.0093387137774685255 0 
1 -438.39282200000002 603.89410399999997 0 0.0093616327795606764 0.99995617895570832 0 
1 -438.34860200000003 608.61743200000001 0 -0.99995622330705747 0.009356894222239575 0 
1 -439.35305799999998 608.62683100000004 0 -0.0093550704727177209 -0.99995624037077258 0 
1 -439.39724699999999 603.903503 0 0.99995622060499556 -0.0093571829827981123 0 
1 -444.47289999999998 569.080017 0 0.0093519489977147586 0.9999562695687968 0 
1 -444.45877100000001 570.59075900000005 0 -0.99995624314877296 0.0093547735297064231 0 
1 -450.311035 570.64550799999995 0 -0.0093728444369369883 -0.99995607392883068 0 
1 -450.32519500000001 569.13482699999997 0 0.99995614605980676 -0.0093651458727751578 0 
1 -442.68258700000001 622.15789800000005 0 0.0093668976638253409 0.99995612965177405 0 
1 -442.66793799999999 623.72174099999995 0 -0.9999563683058531 0.0093413855807929023 0 
1 -443.60223400000001 623.73046899999997 0 -0.0093398570763724899 -0.99995638258365704 0 
1 -443.60635400000001 623.28936799999997 0 -0.99995623501987518 0.0093556424085258303 0 
1 -449.15142800000001 623.34124799999995 0 -0.0093883150597945525 -0.99995592879903361 0 
1 -449.15863000000002 622.57415800000001 0 0.9999561320492697 -0.0093666417174644214 0 
1 -443.61355600000002 622.52221699999996 0 -0.0093530334536291483 -0.99995625942598865 0 
1 -443.61688199999998 622.16662599999995 0 0.99995636821246003 -0.0093413955781248715 0 
1 -486.41006499999997 620.76037599999995 0 0.009362723145532912 0.99995616874706073 0 
1 -486.39904799999999 621.93701199999998 0 -0.99995617076362675 0.0093625077700732022 0 
1 -494.30630500000001 622.01104699999996 0 -0.0093622457799706627 -0.99995617321658425 0 
1 -494.31732199999999 620.83435099999997 0 0.99995624177101594 -0.0093549208006049774 0 
1 -442.65972900000003 624.59979199999998 0 0.0094056312382115332 0.99995576607218517 0 
1 -442.654449 625.16113299999995 0 0.99995618310637768 -0.0093611894182541316 0 
1 -441.40914900000001 625.14947500000005 0 0.0093704063325231023 0.99995609677883535 0 
1 -441.39816300000001 626.32183799999996 0 -0.99995616924037589 0.0093626704584080945 0 
1 -449.12286399999999 626.39416500000004 0 -0.009369918842840743 -0.9999561013468935 0 
1 -449.13385 625.22174099999995 0 0.99995623501987518 -0.0093556424085258303 0 
1 -443.588776 625.16986099999997 0 -0.0093514463994389743 -0.99995627426914935 0 
1 -443.59402499999999 624.60858199999996 0 0.99995574626346073 -0.0094077369587716383 0 
1 -450.455872 589.854919 0 0.0093720873624830708 0.99995608102479683 0 
1 -450.44695999999999 590.80578600000001 0 -0.99995602357587088 0.0093782148798196852 0 
1 -451.64447000000001 590.81701699999996 0 0.0090418516717897038 0.99995912162365186 0 
1 -451.62658699999997 592.79473900000005 0 -0.99995620105083183 0.0093592724070040226 0 
1 -452.72213699999998 592.80499299999997 0 -0.009375736604529018 -0.99995604681562 0 
1 -452.725708 592.42413299999998 0 -0.99995634476052397 0.0093439056701223044 0 
1 -456.27899200000002 592.45733600000005 0 -0.0093604121818781777 -0.99995619038225136 0 
1 -456.28994799999998 591.28692599999999 0 0.99995618421836763 -0.0093610706354660018 0 
1 -452.73666400000002 591.25366199999996 0 -0.0093621533587332703 -0.99995617408188808 0 
1 -452.756012 589.18713400000001 0 0.9999562936488422 -0.009349373886539938 0 
1 -451.65930200000003 589.17687999999998 0 0.0090323763175662892 0.99995920725700493 0 
1 -451.653076 589.86614999999995 0 0.99995600109412641 -0.0093806116987920317 0 
1 -495.41000400000001 592.24023399999999 0 -0.0093844910576841474 -0.99995596469424008 0 
1 -495.41830399999998 591.35583499999996 0 0.99995623531721034 -0.0093556106284964791 0 
1 -486.70925899999997 591.27435300000002 0 0.0093505741816096791 0.99995628242562395 0 
1 -486.70098899999999 592.15875200000005 0 -0.99995623501571651 0.0093556428530077885 0 
1 -447.65093999999999 617.770081 0 -0.0093373977579902581 -0.9999564055513166 0 
1 -447.66085800000002 616.70794699999999 0 0.99995614545751321 -0.0093652101819794199 0 
1 -442.73400900000001 616.66180399999996 0 0.0093635991568816815 0.99995616054446579 0 
1 -442.72317500000003 617.81878700000004 0 0.99995631464306112 -0.0093471281935878243 0 
1 -441.28012100000001 617.80529799999999 0 0.0093656930026190695 0.99995614093548157 0 
1 -441.26995799999997 618.89038100000005 0 -0.99995631651979511 0.0093469274183232004 0 
1 -442.71304300000003 618.90386999999998 0 0.0093662941864905772 0.99995613530455019 0 
1 -442.69396999999998 620.94012499999997 0 -0.99995636821245892 0.0093413955782459691 0 
1 -443.628265 620.94885299999999 0 -0.0093652049263046235 -0.99995614550673595 0 
1 -443.65838600000001 617.73272699999995 0 -0.9999562362906087 0.0093555065881262556 0 
1 -451.76736499999998 577.22283900000002 0 0.0090407505662117998 0.99995913157948579 0 
1 -451.70751999999999 583.84204099999999 0 -0.99995590963716197 0.0093903557821727497 0 
1 -452.80593900000002 583.85235599999999 0 -0.0093972153724197222 -0.9999558451967987 0 
1 -452.80950899999999 583.47247300000004 0 -0.99995618421836785 0.0093610706354338609 0 
1 -456.36279300000001 583.50573699999995 0 -0.0093598996567833079 -0.99995619517977641 0 
1 -456.37429800000001 582.276611 0 0.99995618421836763 -0.0093610706354658527 0 
1 -452.82101399999999 582.24334699999997 0 -0.0093617041297210952 -0.99995617828772265 0 
1 -452.86792000000003 577.23315400000001 0 0.99995608060440233 -0.0093721322164048368 0 
1 -484.000946 625.16955599999994 0 0.99988034386448232 -0.015469258335311894 0 
1 -480.03607199999999 625.10821499999997 0 0.0093750303976759316 0.99995605343687111 0 
1 -480.02242999999999 626.56329300000004 0 -0.99988034573522577 0.015469137416335326 0 
1 -483.98733499999997 626.62463400000001 0 0.0093781926316062227 0.99995602378452852 0 
1 -483.98150600000002 627.24615500000004 0 -0.99995596700291878 0.0093842450552865542 0 
1 -485.02853399999998 627.25598100000002 0 -0.0093576194768762444 -0.99995621652036637 0 
1 -485.09258999999997 620.41094999999996 0 0.99995595795638503 -0.0093852089762830743 0 
1 -484.04556300000002 620.40112299999998 0 0.0093563330028139432 0.99995622855840061 0 
1 -443.69970699999999 584.04351799999995 0 0.0093500711600179049 0.99995628712924378 0 
1 -443.67797899999999 586.36724900000002 0 0.99995616904321638 -0.0093626915154923288 0 
1 -440.887878 586.34112500000003 0 0.0093587742812757547 0.99995620571300636 0 
1 -440.87924199999998 587.26385500000004 0 -0.9999562377046145 0.0093553554519603191 0 
1 -446.57455399999998 587.317139 0 0.0093845947432111294 0.9999559637211558 0 
1 -446.56658900000002 588.16583300000002 0 -0.9999559800778971 0.0093828517228045881 0 
1 -447.88052399999998 588.17816200000004 0 -0.0093480728393867396 -0.99995630581250372 0 
1 -447.88845800000001 587.32946800000002 0 -0.9999562694127373 0.0093519656843426158 0 
1 -449.12835699999999 587.34106399999996 0 -0.0093587844228823925 -0.99995620561808896 0 
1 -449.13699300000002 586.41833499999996 0 0.99995622774765036 -0.009356419651198827 0 
1 -445.00140399999998 586.379639 0 -0.0093634100228704668 -0.99995616231550055 0 
1 -445.02316300000001 584.05590800000004 0 0.99995618073826875 -0.0093614423746938083 0 
1 -451.25885 573.16784700000005 0 0.0093489154208410714 0.99995629793529173 0 
1 -451.24731400000002 574.40173300000004 0 -0.9999558403301817 0.0093977332139190857 0 
1 -451.79284699999999 574.40686000000005 0 0.0090525965813480561 0.99995902440806816 0 
1 -451.77691700000003 576.16650400000003 0 -0.99995610740758933 0.0093692720241157317 0 
1 -452.87780800000002 576.17681900000002 0 -0.0093575861941163022 -0.99995621683182701 0 
1 -452.88528400000001 575.37792999999999 0 -0.99995618421836763 0.0093610706354660018 0 
1 -456.43856799999998 575.41119400000002 0 -0.0093441222394991946 -0.99995634273680845 0 
1 -456.44879200000003 574.31707800000004 0 0.99995618158407462 -0.0093613520282709133 0 
1 -452.89550800000001 574.28381300000001 0 -0.0093601191458716117 -0.9999561931252664 0 
1 -452.973907 565.90832499999999 0 0.999955849025431 -0.009396807959599067 0 
1 -451.86975100000001 565.89794900000004 0 0.009039537928888312 0.99995914254235019 0 
1 -451.80398600000001 573.17291299999999 0 0.99995682200017277 -0.0092926925761557793 0 
1 -444.46923800000002 590.74981700000001 0 0.0093587922738480166 0.99995620554461029 0 
1 -444.41201799999999 596.86358600000005 0 -0.99995616156450873 0.0093634902239582603 0 
1 -446.26968399999998 596.88098100000002 0 -0.0093638621292949555 -0.99995615808195482 0 
1 -446.32693499999999 590.76721199999997 0 -0.99995612644438181 0.0093672400603077473 0 
1 -449.09603900000002 590.79315199999996 0 -0.009338438283153323 -0.99995639583455431 0 
1 -449.104919 589.84228499999995 0 0.99995625968352664 -0.0093530059195718867 0 
1 -447.86505099999999 589.83068800000001 0 -0.0093510987958266723 -0.99995627751982763 0 
1 -447.87112400000001 589.18127400000003 0 0.99995641250867451 -0.0093366526540134293 0 
1 -446.55721999999997 589.16900599999997 0 0.0093981708999973691 0.9999558362166473 0 
1 -446.55111699999998 589.81835899999999 0 0.99995620659311402 -0.0093586802439958473 0 
1 -440.962219 589.76605199999995 0 0.0093710358292390765 0.99995609087973825 0 
1 -440.95330799999999 590.71691899999996 0 -0.99995622763206493 0.0093564320042449772 0 
1 -484.32171599999998 590.90057400000001 0 0.0093581030795485791 0.99995621199468143 0 
1 -484.278839 595.48217799999998 0 0.99988010768152302 -0.015484516872861037 0 
1 -480.31393400000002 595.42077600000005 0 0.0093406103269182052 0.99995637554781402 0 
1 -480.30395499999997 596.48907499999996 0 -0.99988034776509271 0.015469006211041558 0 
1 -484.26882899999998 596.55041500000004 0 0.00936041728701488 0.99995619033446304 0 
1 -484.23855600000002 599.78442399999994 0 -0.99995651190270474 0.0093260014677234663 0 
1 -485.28558299999997 599.79418899999996 0 -0.0093586978221646723 -0.99995620642859828 0 
1 -485.33270299999998 594.75952099999995 0 -0.99995621895704867 0.0093573590891340708 0 
1 -491.78338600000001 594.819885 0 -0.0093746537860607548 -0.99995605696770073 0 
1 -491.79229700000002 593.86938499999997 0 0.99995611779984372 -0.0093681628222838844 0 
1 -485.40765399999998 593.80957000000001 0 -0.0093594133149362043 -0.99995619973196836 0 
1 -485.43478399999998 590.91101100000003 0 0.99995604084463785 -0.009376373409638903 0 
1 -441.17181399999998 599.25439500000005 0 0.0093573888617824227 0.99995621867844264 0 
1 -441.15872200000001 600.65344200000004 0 -0.99995621243707045 0.0093580558081531318 0 
1 -451.55465700000002 600.75073199999997 0 0.0090376934908065355 0.9999591592141982 0 
1 -451.512787 605.38336200000003 0 -0.99995640058495316 0.0093379295984147136 0 
1 -452.604309 605.39355499999999 0 -0.0093607024599678679 -0.99995618766496752 0 
1 -452.64767499999999 600.760986 0 -0.99995618419370713 0.0093610732697199505 0 
1 -456.20095800000001 600.79425000000003 0 -0.0093572363724335975 -0.99995622010539564 0 
1 -456.21218900000002 599.59405500000003 0 0.99995618421836763 -0.0093610706354658527 0 
1 -452.658905 599.56079099999999 0 -0.0093606123601423057 -0.99995618850839818 0 
1 -452.67691000000002 597.63738999999998 0 0.99995607878769199 -0.0093723260476189629 0 
1 -451.58288599999997 597.62713599999995 0 0.009042574261319207 0.99995911508957624 0 
1 -451.56729100000001 599.35168499999997 0 0.99995618497079641 -0.0093609902601329825 0 
1 -446.24704000000003 599.30187999999998 0 -0.0093585568436475395 -0.99995620774802152 0 
1 -446.255493 598.39868200000001 0 0.99995616156450873 -0.0093634902239582603 0 
1 -444.39782700000001 598.38128700000004 0 0.0093585568437104666 0.99995620774802085 0 
1 -444.38937399999998 599.28448500000002 0 0.99995627472131532 -0.0093513980489368705 0 
1 -485.27273600000001 601.16436799999997 0 0.99995650050335227 -0.0093272236538678652 0 
1 -484.22573899999998 601.15460199999995 0 0.0093614253621638194 0.99995618089753735 0 
1 -484.19302399999998 604.64910899999995 0 0.99988010977201081 -0.015484381883424743 0 
1 -480.22814899999997 604.58770800000002 0 0.0093734905626294395 0.99995606787232016 0 
1 -480.21984900000001 605.47314500000005 0 -0.99988034776509316 0.015469006211012895 0 
1 -484.18472300000002 605.53448500000002 0 0.0093566754848687164 0.99995622535382567 0 
1 -484.11892699999999 612.56616199999996 0 0.99988034963577566 -0.01546888529400617 0 
1 -480.154022 612.50482199999999 0 0.0093540267188397894 0.9999562501350463 0 
1 -480.144836 613.48681599999998 0 -0.99988034392482961 0.015469254434670251 0 
1 -484.109711 613.54815699999995 0 0.0093556088911636096 0.99995623533346478 0 
1 -484.05789199999998 619.08673099999999 0 -0.99995650050335227 0.0093272236538678652 0 
1 -485.10488900000001 619.096497 0 -0.0093597167285451779 -0.99995619689202453 0 
1 -442.079071 627.51141399999995 0 0.0093466147549620543 0.99995631944231556 0 
1 -442.07260100000002 628.20361300000002 0 0.99995630605821539 -0.0093480465557517715 0 
1 -441.38061499999998 628.19714399999998 0 0.009340093801675102 0.99995638037255208 0 
1 -441.37142899999998 629.18060300000002 0 -0.99995628875960318 0.009349896797354618 0 
1 -442.06338499999998 629.18707300000005 0 0.0093637738955229654 0.99995615890819611 0 
1 -442.038025 631.895264 0 -0.99995634032966152 0.0093443798354998948 0 
1 -442.98507699999999 631.90411400000005 0 -0.0093639847938842783 -0.99995615693328266 0 
1 -443.01043700000002 629.19598399999995 0 -0.99995624911139602 0.0093541361475772584 0 
1 -451.296783 629.27349900000002 0 0.0090400858141729112 0.99995913758936794 0 
1 -451.26266500000003 633.04742399999998 0 -0.99995621614819596 0.009357659246969503 0 
1 -452.34536700000001 633.05755599999998 0 -0.0093583225926891552 -0.99995620994034096 0 
1 -452.40744000000001 626.42492700000003 0 -0.99995618495817362 0.0093609916085321283 0 
1 -455.96075400000001 626.45819100000006 0 -0.00935717927406827 -0.99995622063970024 0 
1 -455.97128300000003 625.33300799999995 0 0.99995634549761969 -0.0093438267880393208 0 
1 -452.41796900000003 625.29980499999999 0 -0.0093697743819723903 -0.99995610270052904 0 
1 -452.42321800000002 624.73962400000005 0 0.9999564301605901 -0.009334761940654978 0 
1 -451.33785999999998 624.72949200000005 0 0.0090446484412028579 0.99995909633073243 0 
1 -451.33322099999998 625.24237100000005 0 0.99995593267531568 -0.0093879021852377696 0 
1 -450.16943400000002 625.23144500000001 0 0.0093443262214321383 0.99995634083067209 0 
1 -450.158478 626.40386999999998 0 -0.9999564588110853 0.0093316923435329269 0 
1 -451.322632 626.41473399999995 0 0.0090477578150026782 0.99995906820155445 0 
1 -451.30566399999998 628.29003899999998 0 0.9999562455738964 -0.0093545142983287501 0 
1 -443.01965300000001 628.21252400000003 0 -0.0093457912295540086 -0.99995632713948734 0 
1 -443.02612299999998 627.520264 0 0.99995634032966152 -0.0093443798354998948 0 
1 -451.45272799999998 612.02417000000003 0 0.99995619345284226 -0.0093600841503741154 0 
1 -441.64587399999999 611.93237299999998 0 0.0093557403747991461 0.99995623410329282 0 
1 -441.63345299999997 613.25994900000001 0 -0.99995612628733921 0.0093672568246464631 0 
1 -448.48126200000002 613.32409700000005 0 0.0093603682348439993 0.99995619079363085 0 
1 -448.43957499999999 617.777466 0 -0.99995621011589453 0.0093583038343936567 0 
1 -451.40045199999997 617.80517599999996 0 0.009041187790219932 0.99995912762639549 0 
1 -451.357147 622.59472700000003 0 0.99995586793414626 -0.0093947955841727718 0 
1 -450.19421399999999 622.58380099999999 0 0.0093484680314027974 0.99995630211798048 0 
1 -450.18704200000002 623.35095200000001 0 -0.99995638571608525 0.0093395217020864341 0 
1 -451.35021999999998 623.36181599999998 0 0.0090503644929483991 0.99995904461260043 0 
1 -451.344086 624.03955099999996 0 -0.99995592380767218 0.009388846678104603 0 
1 -452.429688 624.04974400000003 0 -0.0093584051894232932 -0.99995620916733674 0 
1 -452.50674400000003 615.81622300000004 0 0.9999561335970728 -0.0093664764769426732 0 
1 -451.41854899999998 615.80602999999996 0 0.0090539419556510334 0.99995901222753314 0 
1 -451.41006499999997 616.74304199999995 0 0.99995612692906133 -0.0093671883204669328 0 
1 -449.50103799999999 616.72515899999996 0 -0.0093672649787480949 -0.9999561262109542 0 
1 -449.53280599999999 613.33392300000003 0 -0.99995607150841692 0.0093731026588710683 0 
1 -451.44073500000002 613.35180700000001 0 0.0090542339406247552 0.99995900958376704 0 
1 -451.43084700000003 614.443848 0 -0.99995617057688724 0.0093625277146356291 0 
1 -452.51950099999999 614.45404099999996 0 -0.0093619134490198676 -0.99995617632802936 0 
1 -452.58978300000001 606.94714399999998 0 0.99995636405587163 -0.0093418405125081823 0 
1 -451.498718 606.93695100000002 0 0.0090399333704984115 0.99995913896751654 0 
Polygon3D 0
PolygonOnTriangulations 0
Surfaces 53
1 -455.97766220592632 572.37358257596566 0 -0 -0 -1 -1 0 0 0 1 -0 
1 -420.37132250000008 530.70419300000015 0 0 0 1 1 0 -0 -0 1 0 
1 -455.97766220592632 572.37358257596566 0 -0 -0 -1 -1 0 0 0 1 -0 
1 -455.97766220592632 572.37358257596566 0 -0 -0 -1 -1 0 0 0 1 -0 
1 -417.72535490052769 537.27648178817947 0 0 0 1 1 0 -0 -0 1 0 
1 -455.97766220592632 572.37358257596566 0 -0 -0 -1 -1 0 0 0 1 -0 
1 -455.97766220592632 572.37358257596566 0 -0 -0 -1 -1 0 0 0 1 -0 
1 -422.9412081358256 524.0908203380875 0 0 0 1 1 0 -0 -0 1 0 
1 -455.97766220592632 572.37358257596566 0 -0 -0 -1 -1 0 0 0 1 -0 
1 -455.97766220592632 572.37358257596566 0 -0 -0 -1 -1 0 0 0 1 -0 
1 -455.97766220592632 572.37358257596566 0 -0 -0 -1 -1 0 0 0 1 -0 
1 -455.97766220592632 572.37358257596566 0 -0 -0 -1 -1 0 0 0 1 -0 
1 -455.97766220592632 572.37358257596566 0 -0 -0 -1 -1 0 0 0 1 -0 
1 -455.97766220592632 572.37358257596566 0 -0 -0 -1 -1 0 0 0 1 -0 
1 -455.97766220592632 572.37358257596566 0 -0 -0 -1 -1 0 0 0 1 -0 
1 -455.97766220592632 572.37358257596566 0 -0 -0 -1 -1 0 0 0 1 -0 
1 -455.97766220592632 572.37358257596566 0 -0 -0 -1 -1 0 0 0 1 -0 
1 -455.97766220592632 572.37358257596566 0 -0 -0 -1 -1 0 0 0 1 -0 
1 -455.97766220592632 572.37358257596566 0 -0 -0 -1 -1 0 0 0 1 -0 
1 -455.97766220592632 572.37358257596566 0 -0 -0 -1 -1 0 0 0 1 -0 
1 -455.97766220592632 572.37358257596566 0 -0 -0 -1 -1 0 0 0 1 -0 
1 -455.97766220592632 572.37358257596566 0 -0 -0 -1 -1 0 0 0 1 -0 
1 -455.97766220592632 572.37358257596566 0 -0 -0 -1 -1 0 0 0 1 -0 
1 -455.97766220592632 572.37358257596566 0 -0 -0 -1 -1 0 0 0 1 -0 
1 -455.97766220592632 572.37358257596566 0 -0 -0 -1 -1 0 0 0 1 -0 
1 -455.97766220592632 572.37358257596566 0 -0 -0 -1 -1 0 0 0 1 -0 
1 -455.97766220592632 572.37358257596566 0 -0 -0 -1 -1 0 0 0 1 -0 
1 -455.97766220592632 572.37358257596566 0 -0 -0 -1 -1 0 0 0 1 -0 
1 -455.97766220592632 572.37358257596566 0 -0 -0 -1 -1 0 0 0 1 -0 
1 -455.97766220592632 572.37358257596566 0 -0 -0 -1 -1 0 0 0 1 -0 
1 -455.97766220592632 572.37358257596566 0 -0 -0 -1 -1 0 0 0 1 -0 
1 -455.97766220592632 572.37358257596566 0 -0 -0 -1 -1 0 0 0 1 -0 
1 -455.97766220592632 572.37358257596566 0 -0 -0 -1 -1 0 0 0 1 -0 
1 -455.97766220592632 572.37358257596566 0 -0 -0 -1 -1 0 0 0 1 -0 
1 -455.97766220592632 572.37358257596566 0 -0 -0 -1 -1 0 0 0 1 -0 
1 -455.97766220592632 572.37358257596566 0 -0 -0 -1 -1 0 0 0 1 -0 
1 -455.97766220592632 572.37358257596566 0 -0 -0 -1 -1 0 0 0 1 -0 
1 -455.97766220592632 572.37358257596566 0 -0 -0 -1 -1 0 0 0 1 -0 
1 -455.97766220592632 572.37358257596566 0 -0 -0 -1 -1 0 0 0 1 -0 
1 -455.97766220592632 572.37358257596566 0 -0 -0 -1 -1 0 0 0 1 -0 
1 -455.97766220592632 572.37358257596566 0 -0 -0 -1 -1 0 0 0 1 -0 
1 -455.97766220592632 572.37358257596566 0 -0 -0 -1 -1 0 0 0 1 -0 
1 -485.55708642841063 595.13942573259703 0 0 0 1 1 0 -0 -0 1 0 
1 -455.97766220592632 572.37358257596566 0 -0 -0 -1 -1 0 0 0 1 -0 
1 -455.97766220592632 572.37358257596566 0 -0 -0 -1 -1 0 0 0 1 -0 
1 -455.97766220592632 572.37358257596566 0 -0 -0 -1 -1 0 0 0 1 -0 
1 -455.97766220592632 572.37358257596566 0 -0 -0 -1 -1 0 0 0 1 -0 
1 -455.97766220592632 572.37358257596566 0 -0 -0 -1 -1 0 0 0 1 -0 
1 -455.97766220592632 572.37358257596566 0 -0 -0 -1 -1 0 0 0 1 -0 
1 -455.97766220592632 572.37358257596566 0 -0 -0 -1 -1 0 0 0 1 -0 
1 -455.97766220592632 572.37358257596566 0 -0 -0 -1 -1 0 0 0 1 -0 
1 -455.97766220592632 572.37358257596566 0 -0 -0 -1 -1 0 0 0 1 -0 
1 -455.97766220592632 572.37358257596566 0 -0 -0 -1 -1 0 0 0 1 -0 
Triangulations 0

TShapes 1300
Ve
1e-07
-427.222534 503.707397 0
0 0

0101101
*
Ve
1e-07
-427.123108 504.986053 0
0 0

0101101
*
Ed
 1e-07 1 1 0
1  1 0 0 1.28251576825084
0

0101000
+1300 0 -1299 0 *
Ve
1e-07
-427.805573 505.034302 0
0 0

0101101
*
Ed
 1e-07 1 1 0
1  2 0 0 0.684168431181951
0

0101000
+1299 0 -1297 0 *
Ve
1e-07
-427.645782 507.293823 0
0 0

0101101
*
Ed
 1e-07 1 1 0
1  3 0 0 2.26516408083869
0

0101000
+1297 0 -1295 0 *
Ve
1e-07
-443.961243 508.376892 0
0 0

0101101
*
Ed
 1e-07 1 1 0
1  4 0 0 16.3513701597537
0

0101000
+1295 0 -1293 0 *
Ve
1e-07
-443.873505 511.624817 0
0 0

0101101
*
Ed
 1e-07 1 1 0
1  5 0 0 3.24910984152107
0

0101000
+1293 0 -1291 0 *
Ve
1e-07
-426.869659 510.387695 0
0 0

0101101
*
Ed
 1e-07 1 1 0
1  6 0 0 17.0487902689487
0

0101000
+1291 0 -1289 0 *
Ve
1e-07
-426.771393 512.615784 0
0 0

0101101
*
Ed
 1e-07 1 1 0
1  7 0 0 2.23025487303061
0

0101000
+1289 0 -1287 0 *
Ve
1e-07
-436.939117 514.690796 0
0 0

0101101
*
Ed
 1e-07 1 1 0
1  8 0 0 10.3772966682234
0

0101000
+1287 0 -1285 0 *
Ve
1e-07
-436.990936 520.302429 0
0 0

0101101
*
Ed
 1e-07 1 1 0
1  9 0 0 5.61187224867511
0

0101000
+1285 0 -1283 0 *
Ve
1e-07
-436.8414 520.593201 0
0 0

0101101
*
Ed
 1e-07 1 1 0
1  10 0 0 0.326969985289204
0

0101000
+1283 0 -1281 0 *
Ve
1e-07
-426.163757 517.151978 0
0 0

0101101
*
Ed
 1e-07 1 1 0
1  11 0 0 11.2184702955073
0

0101000
+1281 0 -1279 0 *
Ve
1e-07
-425.881958 518.026306 0
0 0

0101101
*
Ed
 1e-07 1 1 0
1  12 0 0 0.918618597669878
0

0101000
+1279 0 -1277 0 *
Ve
1e-07
-426.952362 518.370239 0
0 0

0101101
*
Ed
 1e-07 1 1 0
1  13 0 0 1.12430184190234
0

0101000
+1277 0 -1275 0 *
Ve
1e-07
-426.283936 520.450684 0
0 0

0101101
*
Ed
 1e-07 1 1 0
1  14 0 0 2.185187569867
0

0101000
+1275 0 -1273 0 *
Ve
1e-07
-427.302032 520.777771 0
0 0

0101101
*
Ed
 1e-07 1 1 0
1  15 0 0 1.06934810552272
0

0101000
+1273 0 -1271 0 *
Ve
1e-07
-427.970459 518.697388 0
0 0

0101101
*
Ed
 1e-07 1 1 0
1  16 0 0 2.1851288476925
0

0101000
+1271 0 -1269 0 *
Ve
1e-07
-436.420197 521.412231 0
0 0

0101101
*
Ed
 1e-07 1 1 0
1  17 0 0 8.87515885960878
0

0101000
+1269 0 -1267 0 *
Ve
1e-07
-434.45636 525.230713 0
0 0

0101101
*
Ed
 1e-07 1 1 0
1  18 0 0 4.29388641522956
0

0101000
+1267 0 -1265 0 *
Ve
1e-07
-430.727356 523.500916 0
0 0

0101101
*
Ed
 1e-07 1 1 0
1  19 0 0 4.11067737644606
0

0101000
+1265 0 -1263 0 *
Ve
1e-07
-425.997986 521.714844 0
0 0

0101101
*
Ed
 1e-07 1 1 0
1  20 0 0 5.05539254520196
0

0101000
+1263 0 -1261 0 *
Ve
1e-07
-423.788239 527.071106 0
0 0

0101101
*
Ed
 1e-07 1 1 0
1  21 0 0 5.79418021955249
0

0101000
+1261 0 -1259 0 *
Ve
1e-07
-424.791687 527.484863 0
0 0

0101101
*
Ed
 1e-07 1 1 0
1  22 0 0 1.08540441483952
0

0101000
+1259 0 -1257 0 *
Ve
1e-07
-426.502563 523.335815 0
0 0

0101101
*
Ed
 1e-07 1 1 0
1  23 0 0 4.48795008814491
0

0101000
+1257 0 -1255 0 *
Ve
1e-07
-430.123535 524.899292 0
0 0

0101101
*
Ed
 1e-07 1 1 0
1  24 0 0 3.94409667152223
0

0101000
+1255 0 -1253 0 *
Ve
1e-07
-426.785614 532.629822 0
0 0

0101101
*
Ed
 1e-07 1 1 0
1  25 0 0 8.42038067329154
0

0101000
+1253 0 -1251 0 *
Ve
1e-07
-423.225159 531.283875 0
0 0

0101101
*
Ed
 1e-07 1 1 0
1  26 0 0 3.80636481880468
0

0101000
+1251 0 -1249 0 *
Ve
1e-07
-424.195343 528.93103 0
0 0

0101101
*
Ed
 1e-07 1 1 0
1  27 0 0 2.54502192286843
0

0101000
+1249 0 -1247 0 *
Ve
1e-07
-423.191681 528.517151 0
0 0

0101101
*
Ed
 1e-07 1 1 0
1  28 0 0 1.08564876312963
0

0101000
+1247 0 -1245 0 *
Ve
1e-07
-421.106689 533.570984 0
0 0

0101101
*
Ed
 1e-07 1 1 0
1  29 0 0 5.46703023879989
0

0101000
+1245 0 -1243 0 *
Ve
1e-07
-422.111053 533.985657 0
0 0

0101101
*
Ed
 1e-07 1 1 0
1  30 0 0 1.08660054363368
0

0101000
+1243 0 -1241 0 *
Ve
1e-07
-422.821808 532.262024 0
0 0

0101101
*
Ed
 1e-07 1 1 0
1  31 0 0 1.86442575307084
0

0101000
+1241 0 -1239 0 *
Ve
1e-07
-426.356201 533.62439 0
0 0

0101101
*
Ed
 1e-07 1 1 0
1  32 0 0 3.78787209345894
0

0101000
+1239 0 -1237 0 *
Ve
1e-07
-424.180847 538.662415 0
0 0

0101101
*
Ed
 1e-07 1 1 0
1  33 0 0 5.48760976436385
0

0101000
+1237 0 -1235 0 *
Ve
1e-07
-420.679291 537.457703 0
0 0

0101101
*
Ed
 1e-07 1 1 0
1  34 0 0 3.70300221767153
0

0101000
+1235 0 -1233 0 *
Ve
1e-07
-421.647461 535.109924 0
0 0

0101101
*
Ed
 1e-07 1 1 0
1  35 0 0 2.53957070815943
0

0101000
+1233 0 -1231 0 *
Ve
1e-07
-420.642914 534.69519 0
0 0

0101101
*
Ed
 1e-07 1 1 0
1  36 0 0 1.08679297290927
0

0101000
+1231 0 -1229 0 *
Ve
1e-07
-419.155548 538.308228 0
0 0

0101101
*
Ed
 1e-07 1 1 0
1  37 0 0 3.90721143622913
0

0101000
+1229 0 -1227 0 *
Ve
1e-07
-423.664032 539.859314 0
0 0

0101101
*
Ed
 1e-07 1 1 0
1  38 0 0 4.76783973699329
0

0101000
+1227 0 -1225 0 *
Ve
1e-07
-421.310577 545.309814 0
0 0

0101101
*
Ed
 1e-07 1 1 0
1  39 0 0 5.936893184741
0

0101000
+1225 0 -1223 0 *
Ve
1e-07
-410.396667 542.052795 0
0 0

0101101
*
Ed
 1e-07 1 1 0
1  40 0 0 11.3895392468028
0

0101000
+1223 0 -1221 0 *
Ve
1e-07
-412.475616 536.010071 0
0 0

0101101
*
Ed
 1e-07 1 1 0
1  41 0 0 6.39034758716425
0

0101000
+1221 0 -1219 0 *
Ve
1e-07
-416.037781 537.235596 0
0 0

0101101
*
Ed
 1e-07 1 1 0
1  42 0 0 3.76708521443965
0

0101000
+1219 0 -1217 0 *
Ve
1e-07
-417.451477 533.377686 0
0 0

0101101
*
Ed
 1e-07 1 1 0
1  43 0 0 4.10877182969749
0

0101000
+1217 0 -1215 0 *
Ve
1e-07
-416.746216 533.086548 0
0 0

0101101
*
Ed
 1e-07 1 1 0
1  44 0 0 0.762990441070553
0

0101000
+1215 0 -1213 0 *
Ve
1e-07
-415.777557 535.771301 0
0 0

0101101
*
Ed
 1e-07 1 1 0
1  45 0 0 2.85415467858524
0

0101000
+1213 0 -1211 0 *
Ve
1e-07
-412.898499 534.780823 0
0 0

0101101
*
Ed
 1e-07 1 1 0
1  46 0 0 3.04467102259798
0

0101000
+1211 0 -1209 0 *
Ve
1e-07
-414.82547 529.17981 0
0 0

0101101
*
Ed
 1e-07 1 1 0
1  47 0 0 5.92322242204451
0

0101000
+1209 0 -1207 0 *
Ve
1e-07
-417.745972 530.305481 0
0 0

0101101
*
Ed
 1e-07 1 1 0
1  48 0 0 3.1299308510325
0

0101000
+1207 0 -1205 0 *
Ve
1e-07
-417.158539 531.941101 0
0 0

0101101
*
Ed
 1e-07 1 1 0
1  49 0 0 1.73790975424187
0

0101000
+1205 0 -1203 0 *
Ve
1e-07
-417.870239 532.234924 0
0 0

0101101
*
Ed
 1e-07 1 1 0
1  50 0 0 0.769966781964648
0

0101000
+1203 0 -1201 0 *
Ve
1e-07
-419.752319 527.098938 0
0 0

0101101
*
Ed
 1e-07 1 1 0
1  51 0 0 5.46997050436252
0

0101000
+1201 0 -1199 0 *
Ve
1e-07
-419.011627 526.793518 0
0 0

0101101
*
Ed
 1e-07 1 1 0
1  52 0 0 0.801190373921237
0

0101000
+1199 0 -1197 0 *
Ve
1e-07
-418.093506 529.343872 0
0 0

0101101
*
Ed
 1e-07 1 1 0
1  53 0 0 2.71058143134594
0

0101000
+1197 0 -1195 0 *
Ve
1e-07
-415.151642 528.23175 0
0 0

0101101
*
Ed
 1e-07 1 1 0
1  54 0 0 3.1450563011463
0

0101000
+1195 0 -1193 0 *
Ve
1e-07
-417.131775 522.476257 0
0 0

0101101
*
Ed
 1e-07 1 1 0
1  55 0 0 6.0865939876698
0

0101000
+1193 0 -1191 0 *
Ve
1e-07
-420.187347 523.527466 0
0 0

0101101
*
Ed
 1e-07 1 1 0
1  56 0 0 3.23134037341547
0

0101000
+1191 0 -1189 0 *
Ve
1e-07
-419.542023 525.320129 0
0 0

0101101
*
Ed
 1e-07 1 1 0
1  57 0 0 1.90527785284583
0

0101000
+1189 0 -1187 0 *
Ve
1e-07
-420.290955 525.628967 0
0 0

0101101
*
Ed
 1e-07 1 1 0
1  58 0 0 0.810111134887097
0

0101000
+1187 0 -1185 0 *
Ve
1e-07
-423.372406 517.220032 0
0 0

0101101
*
Ed
 1e-07 1 1 0
1  59 0 0 8.95575391017567
0

0101000
+1185 0 -1183 0 *
Ve
1e-07
-424.665222 517.635376 0
0 0

0101101
*
Ed
 1e-07 1 1 0
1  60 0 0 1.35789684740486
0

0101000
+1183 0 -1181 0 *
Ve
1e-07
-424.947357 516.759949 0
0 0

0101101
*
Ed
 1e-07 1 1 0
1  61 0 0 0.919767682925365
0

0101000
+1181 0 -1179 0 *
Ve
1e-07
-422.431335 515.949097 0
0 0

0101101
*
Ed
 1e-07 1 1 0
1  62 0 0 2.64345373902931
0

0101000
+1179 0 -1177 0 *
Ve
1e-07
-422.148468 516.826782 0
0 0

0101101
*
Ed
 1e-07 1 1 0
1  63 0 0 0.922141366013845
0

0101000
+1177 0 -1175 0 *
Ve
1e-07
-422.552765 516.956665 0
0 0

0101101
*
Ed
 1e-07 1 1 0
1  64 0 0 0.424647686792299
0

0101000
+1175 0 -1173 0 *
Ve
1e-07
-420.537628 522.554504 0
0 0

0101101
*
Ed
 1e-07 1 1 0
1  65 0 0 5.94950238244251
0

0101000
+1173 0 -1171 0 *
Ve
1e-07
-417.46817 521.498474 0
0 0

0101101
*
Ed
 1e-07 1 1 0
1  66 0 0 3.24603939819958
0

0101000
+1171 0 -1169 0 *
Ve
1e-07
-419.381317 515.937683 0
0 0

0101101
*
Ed
 1e-07 1 1 0
1  67 0 0 5.88069111493624
0

0101000
+1169 0 -1167 0 *
Ve
1e-07
-421.095947 516.488586 0
0 0

0101101
*
Ed
 1e-07 1 1 0
1  68 0 0 1.80095812064275
0

0101000
+1167 0 -1165 0 *
Ve
1e-07
-421.379089 515.609985 0
0 0

0101101
*
Ed
 1e-07 1 1 0
1  69 0 0 0.92309756221377
0

0101000
+1165 0 -1163 0 *
Ve
1e-07
-419.614349 515.04126 0
0 0

0101101
*
Ed
 1e-07 1 1 0
1  70 0 0 1.8541184949256
0

0101000
+1163 0 -1161 0 *
Ve
1e-07
-422.316742 504.64621 0
0 0

0101101
*
Ed
 1e-07 1 1 0
1  71 0 0 10.7405769132272
0

0101000
+1161 0 -1159 0 *
Ve
1e-07
-424.068237 504.77005 0
0 0

0101101
*
Ed
 1e-07 1 1 0
1  72 0 0 1.7558676147777
0

0101000
+1159 0 -1157 0 *
Ve
1e-07
-424.169342 503.46994 0
0 0

0101101
*
Ed
 1e-07 1 1 0
1  73 0 0 1.3040353649825
0

0101000
+1157 0 -1155 0 *
Ve
1e-07
-422.653198 503.35202 0
0 0

0101101
*
Ed
 1e-07 1 1 0
1  74 0 0 1.52072277392561
0

0101000
+1155 0 -1153 0 *
Ve
1e-07
-424.1427 497.622498 0
0 0

0101101
*
Ed
 1e-07 1 1 0
1  75 0 0 5.91996947259762
0

0101000
+1153 0 -1151 0 *
Ve
1e-07
-447.854828 499.171539 0
0 0

0101101
*
Ed
 1e-07 1 1 0
1  76 0 0 23.7626711947135
0

0101000
+1151 0 -1149 0 *
Ve
1e-07
-447.819763 502.919434 0
0 0

0101101
*
Ed
 1e-07 1 1 0
1  77 0 0 3.74805902905093
0

0101000
+1149 0 -1147 0 *
Ve
1e-07
-449.071472 503.018402 0
0 0

0101101
*
Ed
 1e-07 1 1 0
1  78 0 0 1.25561542110035
0

0101000
+1147 0 -1145 0 *
Ve
1e-07
-449.106689 499.253326 0
0 0

0101101
*
Ed
 1e-07 1 1 0
1  79 0 0 3.76524069919371
0

0101000
+1145 0 -1143 0 *
Ve
1e-07
-452.393951 499.468048 0
0 0

0101101
*
Ed
 1e-07 1 1 0
1  80 0 0 3.294267292423
0

0101000
+1143 0 -1141 0 *
Ve
1e-07
-452.358307 503.278259 0
0 0

0101101
*
Ed
 1e-07 1 1 0
1  81 0 0 3.810377718712
0

0101000
+1141 0 -1139 0 *
Ve
1e-07
-453.195831 503.344482 0
0 0

0101101
*
Ed
 1e-07 1 1 0
1  82 0 0 0.840138045981112
0

0101000
+1139 0 -1137 0 *
Ve
1e-07
-453.231628 499.522797 0
0 0

0101101
*
Ed
 1e-07 1 1 0
1  83 0 0 3.82185264818439
0

0101000
+1137 0 -1135 0 *
Ve
1e-07
-459.343201 499.922028 0
0 0

0101101
*
Ed
 1e-07 1 1 0
1  84 0 0 6.12459875630153
0

0101000
+1135 0 -1133 0 *
Ve
1e-07
-459.279144 506.200562 0
0 0

0101101
*
Ed
 1e-07 1 1 0
1  85 0 0 6.27886076357843
0

0101000
+1133 0 -1131 0 *
Ve
1e-07
-458.42572 506.134186 0
0 0

0101101
*
Ed
 1e-07 1 1 0
1  86 0 0 0.856001341793302
0

0101000
+1131 0 -1129 0 *
Ve
1e-07
-458.415741 507.19873 0
0 0

0101101
*
Ed
 1e-07 1 1 0
1  87 0 0 1.06459077037941
0

0101000
+1129 0 -1127 0 *
Ve
1e-07
-459.268372 507.259003 0
0 0

0101101
*
Ed
 1e-07 1 1 0
1  88 0 0 0.854758712555745
0

0101000
+1127 0 -1125 0 *
Ve
1e-07
-459.232025 510.819244 0
0 0

0101101
*
Ed
 1e-07 1 1 0
1  89 0 0 3.56042653097773
0

0101000
+1125 0 -1123 0 *
Ve
1e-07
-458.381958 510.810577 0
0 0

0101101
*
Ed
 1e-07 1 1 0
1  90 0 0 0.850111181774502
0

0101000
+1123 0 -1121 0 *
Ve
1e-07
-458.374573 511.596558 0
0 0

0101101
*
Ed
 1e-07 1 1 0
1  91 0 0 0.786015693600318
0

0101000
+1121 0 -1119 0 *
Ve
1e-07
-459.22403 511.604492 0
0 0

0101101
*
Ed
 1e-07 1 1 0
1  92 0 0 0.849494051306452
0

0101000
+1119 0 -1117 0 *
Ve
1e-07
-459.156708 518.204285 0
0 0

0101101
*
Ed
 1e-07 1 1 0
1  93 0 0 6.60013635423795
0

0101000
+1117 0 -1115 0 *
Ve
1e-07
-458.312805 518.195679 0
0 0

0101101
*
Ed
 1e-07 1 1 0
1  94 0 0 0.843946880227022
0

0101000
+1115 0 -1113 0 *
Ve
1e-07
-458.304474 519.086914 0
0 0

0101101
*
Ed
 1e-07 1 1 0
1  95 0 0 0.891273937005839
0

0101000
+1113 0 -1111 0 *
Ve
1e-07
-459.147552 519.101624 0
0 0

0101101
*
Ed
 1e-07 1 1 0
1  96 0 0 0.843206320056952
0

0101000
+1111 0 -1109 0 *
Ve
1e-07
-459.065125 527.181885 0
0 0

0101101
*
Ed
 1e-07 1 1 0
1  97 0 0 8.08068140929026
0

0101000
+1109 0 -1107 0 *
Ve
1e-07
-458.22879 527.17334 0
0 0

0101101
*
Ed
 1e-07 1 1 0
1  98 0 0 0.836378651837809
0

0101000
+1107 0 -1105 0 *
Ve
1e-07
-458.219574 528.15802 0
0 0

0101101
*
Ed
 1e-07 1 1 0
1  99 0 0 0.984723127105191
0

0101000
+1105 0 -1103 0 *
Ve
1e-07
-459.055084 528.165894 0
0 0

0101101
*
Ed
 1e-07 1 1 0
1  100 0 0 0.835547102188739
0

0101000
+1103 0 -1101 0 *
Ve
1e-07
-458.97879 535.642395 0
0 0

0101101
*
Ed
 1e-07 1 1 0
1  101 0 0 7.4768902611605
0

0101000
+1101 0 -1099 0 *
Ve
1e-07
-458.149597 535.633911 0
0 0

0101101
*
Ed
 1e-07 1 1 0
1  102 0 0 0.829236401459173
0

0101000
+1099 0 -1097 0 *
Ve
1e-07
-458.141052 536.54541 0
0 0

0101101
*
Ed
 1e-07 1 1 0
1  103 0 0 0.911539052386612
0

0101000
+1097 0 -1095 0 *
Ve
1e-07
-458.969513 536.553162 0
0 0

0101101
*
Ed
 1e-07 1 1 0
1  104 0 0 0.82849726736122
0

0101000
+1095 0 -1093 0 *
Ve
1e-07
-458.90033 543.336182 0
0 0

0101101
*
Ed
 1e-07 1 1 0
1  105 0 0 6.78337280472543
0

0101000
+1093 0 -1091 0 *
Ve
1e-07
-458.077576 543.32843 0
0 0

0101101
*
Ed
 1e-07 1 1 0
1  106 0 0 0.822790518917153
0

0101000
+1091 0 -1089 0 *
Ve
1e-07
-458.066895 544.468811 0
0 0

0101101
*
Ed
 1e-07 1 1 0
1  107 0 0 1.14043101892304
0

0101000
+1089 0 -1087 0 *
Ve
1e-07
-458.888672 544.476501 0
0 0

0101101
*
Ed
 1e-07 1 1 0
1  108 0 0 0.82181297983726
0

0101000
+1087 0 -1085 0 *
Ve
1e-07
-458.788879 554.260132 0
0 0

0101101
*
Ed
 1e-07 1 1 0
1  109 0 0 9.78413993087845
0

0101000
+1085 0 -1083 0 *
Ve
1e-07
-457.975311 554.251831 0
0 0

0101101
*
Ed
 1e-07 1 1 0
1  110 0 0 0.81361034729473
0

0101000
+1083 0 -1081 0 *
Ve
1e-07
-457.966309 555.213074 0
0 0

0101101
*
Ed
 1e-07 1 1 0
1  111 0 0 0.961285150750253
0

0101000
+1081 0 -1079 0 *
Ve
1e-07
-458.779083 555.220642 0
0 0

0101101
*
Ed
 1e-07 1 1 0
1  112 0 0 0.812809233276778
0

0101000
+1079 0 -1077 0 *
Ve
1e-07
-458.715454 561.45575 0
0 0

0101101
*
Ed
 1e-07 1 1 0
1  113 0 0 6.23543265710605
0

0101000
+1077 0 -1075 0 *
Ve
1e-07
-457.907959 561.447815 0
0 0

0101101
*
Ed
 1e-07 1 1 0
1  114 0 0 0.807533986436501
0

0101000
+1075 0 -1073 0 *
Ve
1e-07
-457.900604 562.233765 0
0 0

0101101
*
Ed
 1e-07 1 1 0
1  115 0 0 0.785984413665394
0

0101000
+1073 0 -1071 0 *
Ve
1e-07
-458.707458 562.241272 0
0 0

0101101
*
Ed
 1e-07 1 1 0
1  116 0 0 0.806888921949595
0

0101000
+1071 0 -1069 0 *
Ve
1e-07
-458.584045 574.337036 0
0 0

0101101
*
Ed
 1e-07 1 1 0
1  117 0 0 12.0963935746265
0

0101000
+1069 0 -1067 0 *
Ve
1e-07
-457.787384 574.32959 0
0 0

0101101
*
Ed
 1e-07 1 1 0
1  118 0 0 0.796695796296833
0

0101000
+1067 0 -1065 0 *
Ve
1e-07
-457.77713 575.423706 0
0 0

0101101
*
Ed
 1e-07 1 1 0
1  119 0 0 1.09416404893049
0

0101000
+1065 0 -1063 0 *
Ve
1e-07
-458.572906 575.431152 0
0 0

0101101
*
Ed
 1e-07 1 1 0
1  120 0 0 0.795810834992828
0

0101000
+1063 0 -1061 0 *
Ve
1e-07
-458.502869 582.296509 0
0 0

0101101
*
Ed
 1e-07 1 1 0
1  121 0 0 6.86571423224257
0

0101000
+1061 0 -1059 0 *
Ve
1e-07
-457.712891 582.289124 0
0 0

0101101
*
Ed
 1e-07 1 1 0
1  122 0 0 0.790012518071037
0

0101000
+1059 0 -1057 0 *
Ve
1e-07
-457.701385 583.51825 0
0 0

0101101
*
Ed
 1e-07 1 1 0
1  123 0 0 1.22917985336235
0

0101000
+1057 0 -1055 0 *
Ve
1e-07
-458.490326 583.525635 0
0 0

0101101
*
Ed
 1e-07 1 1 0
1  124 0 0 0.788975563440304
0

0101000
+1055 0 -1053 0 *
Ve
1e-07
-458.41095 591.306824 0
0 0

0101101
*
Ed
 1e-07 1 1 0
1  125 0 0 7.78159384722035
0

0101000
+1053 0 -1051 0 *
Ve
1e-07
-457.62854 591.2995 0
0 0

0101101
*
Ed
 1e-07 1 1 0
1  126 0 0 0.782444278575825
0

0101000
+1051 0 -1049 0 *
Ve
1e-07
-457.617584 592.46991 0
0 0

0101101
*
Ed
 1e-07 1 1 0
1  127 0 0 1.17046127746122
0

0101000
+1049 0 -1047 0 *
Ve
1e-07
-458.398987 592.477234 0
0 0

0101101
*
Ed
 1e-07 1 1 0
1  128 0 0 0.781437322748874
0

0101000
+1047 0 -1045 0 *
Ve
1e-07
-458.326202 599.613831 0
0 0

0101101
*
Ed
 1e-07 1 1 0
1  129 0 0 7.13696815157772
0

0101000
+1045 0 -1043 0 *
Ve
1e-07
-457.550781 599.606567 0
0 0

0101101
*
Ed
 1e-07 1 1 0
1  130 0 0 0.775455023155488
0

0101000
+1043 0 -1041 0 *
Ve
1e-07
-457.539551 600.806763 0
0 0

0101101
*
Ed
 1e-07 1 1 0
1  131 0 0 1.20024853731051
0

0101000
+1041 0 -1039 0 *
Ve
1e-07
-458.313965 600.814026 0
0 0

0101101
*
Ed
 1e-07 1 1 0
1  132 0 0 0.774448058016137
0

0101000
+1039 0 -1037 0 *
Ve
1e-07
-458.063629 625.3526 0
0 0

0101101
*
Ed
 1e-07 1 1 0
1  133 0 0 24.5398508973949
0

0101000
+1037 0 -1035 0 *
Ve
1e-07
-457.309845 625.345581 0
0 0

0101101
*
Ed
 1e-07 1 1 0
1  134 0 0 0.753816678654031
0

0101000
+1035 0 -1033 0 *
Ve
1e-07
-457.299316 626.470703 0
0 0

0101101
*
Ed
 1e-07 1 1 0
1  135 0 0 1.12517126461922
0

0101000
+1033 0 -1031 0 *
Ve
1e-07
-458.052155 626.477722 0
0 0

0101101
*
Ed
 1e-07 1 1 0
1  136 0 0 0.752871719672135
0

0101000
+1031 0 -1029 0 *
Ve
1e-07
-457.921021 639.330444 0
0 0

0101101
*
Ed
 1e-07 1 1 0
1  137 0 0 12.8533909508441
0

0101000
+1029 0 -1027 0 *
Ve
1e-07
-455.728363 639.309937 0
0 0

0101101
*
Ed
 1e-07 1 1 0
1  138 0 0 2.19275389453832
0

0101000
+1027 0 -1025 0 *
Ve
1e-07
-455.717407 640.479736 0
0 0

0101101
*
Ed
 1e-07 1 1 0
1  139 0 0 1.16985030424282
0

0101000
+1025 0 -1023 0 *
Ve
1e-07
-457.909088 640.500244 0
0 0

0101101
*
Ed
 1e-07 1 1 0
1  140 0 0 2.19177694664057
0

0101000
+1023 0 -1021 0 *
Ve
1e-07
-478.017426 640.810974 0
0 0

0101101
*
Ed
 1e-07 1 1 0
1  141 0 0 20.1107386799974
0

0101000
+1021 0 -1019 0 *
Ve
1e-07
-480.359924 640.832153 0
0 0

0101101
*
Ed
 1e-07 1 1 0
1  142 0 0 2.34259373986291
0

0101000
+1019 0 -1017 0 *
Ve
1e-07
-480.369995 639.754822 0
0 0

0101101
*
Ed
 1e-07 1 1 0
1  143 0 0 1.07737807133889
0

0101000
+1017 0 -1015 0 *
Ve
1e-07
-478.024323 639.739685 0
0 0

0101101
*
Ed
 1e-07 1 1 0
1  144 0 0 2.34572084024361
0

0101000
+1015 0 -1013 0 *
Ve
1e-07
-478.109467 626.533691 0
0 0

0101101
*
Ed
 1e-07 1 1 0
1  145 0 0 13.2062684748105
0

0101000
+1013 0 -1011 0 *
Ve
1e-07
-478.687561 626.542603 0
0 0

0101101
*
Ed
 1e-07 1 1 0
1  146 0 0 0.57816269040818
0

0101000
+1011 0 -1009 0 *
Ve
1e-07
-478.701172 625.087585 0
0 0

0101101
*
Ed
 1e-07 1 1 0
1  147 0 0 1.45508166081667
0

0101000
+1009 0 -1007 0 *
Ve
1e-07
-478.118866 625.078552 0
0 0

0101101
*
Ed
 1e-07 1 1 0
1  148 0 0 0.582376057822567
0

0101000
+1007 0 -1005 0 *
Ve
1e-07
-478.193787 613.456604 0
0 0

0101101
*
Ed
 1e-07 1 1 0
1  149 0 0 11.6221894869661
0

0101000
+1005 0 -1003 0 *
Ve
1e-07
-478.809937 613.466125 0
0 0

0101101
*
Ed
 1e-07 1 1 0
1  150 0 0 0.616223556788449
0

0101000
+1003 0 -1001 0 *
Ve
1e-07
-478.819153 612.484131 0
0 0

0101101
*
Ed
 1e-07 1 1 0
1  151 0 0 0.982037245063532
0

0101000
+1001 0 -999 0 *
Ve
1e-07
-478.200134 612.474548 0
0 0

0101101
*
Ed
 1e-07 1 1 0
1  152 0 0 0.619093172511195
0

0101000
+999 0 -997 0 *
Ve
1e-07
-478.245483 605.442566 0
0 0

0101101
*
Ed
 1e-07 1 1 0
1  153 0 0 7.03212822551783
0

0101000
+997 0 -995 0 *
Ve
1e-07
-478.884949 605.452515 0
0 0

0101101
*
Ed
 1e-07 1 1 0
1  154 0 0 0.639543390050302
0

0101000
+995 0 -993 0 *
Ve
1e-07
-478.89325 604.567078 0
0 0

0101101
*
Ed
 1e-07 1 1 0
1  155 0 0 0.8854759102143
0

0101000
+993 0 -991 0 *
Ve
1e-07
-478.25119 604.557129 0
0 0

0101101
*
Ed
 1e-07 1 1 0
1  156 0 0 0.642137077422741
0

0101000
+991 0 -989 0 *
Ve
1e-07
-478.303406 596.45813 0
0 0

0101101
*
Ed
 1e-07 1 1 0
1  157 0 0 8.09916732217935
0

0101000
+989 0 -987 0 *
Ve
1e-07
-478.969055 596.468445 0
0 0

0101101
*
Ed
 1e-07 1 1 0
1  158 0 0 0.665728916621503
0

0101000
+987 0 -985 0 *
Ve
1e-07
-478.979065 595.400146 0
0 0

0101101
*
Ed
 1e-07 1 1 0
1  159 0 0 1.06834589600047
0

0101000
+985 0 -983 0 *
Ve
1e-07
-478.310303 595.389771 0
0 0

0101101
*
Ed
 1e-07 1 1 0
1  160 0 0 0.668842472686222
0

0101000
+983 0 -981 0 *
Ve
1e-07
-478.356659 588.198792 0
0 0

0101101
*
Ed
 1e-07 1 1 0
1  161 0 0 7.19112841334214
0

0101000
+981 0 -979 0 *
Ve
1e-07
-479.046387 588.2052 0
0 0

0101101
*
Ed
 1e-07 1 1 0
1  162 0 0 0.689757766500677
0

0101000
+979 0 -977 0 *
Ve
1e-07
-479.057953 586.970581 0
0 0

0101101
*
Ed
 1e-07 1 1 0
1  163 0 0 1.23467317437324
0

0101000
+977 0 -975 0 *
Ve
1e-07
-478.364624 586.96405 0
0 0

0101101
*
Ed
 1e-07 1 1 0
1  164 0 0 0.693359759577961
0

0101000
+975 0 -973 0 *
Ve
1e-07
-478.411163 579.744141 0
0 0

0101101
*
Ed
 1e-07 1 1 0
1  165 0 0 7.22005899191983
0

0101000
+973 0 -971 0 *
Ve
1e-07
-479.125549 579.748047 0
0 0

0101101
*
Ed
 1e-07 1 1 0
1  166 0 0 0.714396678206154
0

0101000
+971 0 -969 0 *
Ve
1e-07
-479.135712 578.662537 0
0 0

0101101
*
Ed
 1e-07 1 1 0
1  167 0 0 1.08555757409223
0

0101000
+969 0 -967 0 *
Ve
1e-07
-478.418182 578.657898 0
0 0

0101101
*
Ed
 1e-07 1 1 0
1  168 0 0 0.717544995955665
0

0101000
+967 0 -965 0 *
Ve
1e-07
-478.46991 570.635498 0
0 0

0101101
*
Ed
 1e-07 1 1 0
1  169 0 0 8.02256676793562
0

0101000
+965 0 -963 0 *
Ve
1e-07
-479.210815 570.639587 0
0 0

0101101
*
Ed
 1e-07 1 1 0
1  170 0 0 0.740916283358651
0

0101000
+963 0 -961 0 *
Ve
1e-07
-479.220306 569.62738 0
0 0

0101101
*
Ed
 1e-07 1 1 0
1  171 0 0 1.01225149539528
0

0101000
+961 0 -959 0 *
Ve
1e-07
-478.47644 569.622559 0
0 0

0101101
*
Ed
 1e-07 1 1 0
1  172 0 0 0.743881622300856
0

0101000
+959 0 -957 0 *
Ve
1e-07
-478.521271 562.670593 0
0 0

0101101
*
Ed
 1e-07 1 1 0
1  173 0 0 6.95211054887051
0

0101000
+957 0 -955 0 *
Ve
1e-07
-479.28537 562.674805 0
0 0

0101101
*
Ed
 1e-07 1 1 0
1  174 0 0 0.764110608972929
0

0101000
+955 0 -953 0 *
Ve
1e-07
-479.296204 561.516846 0
0 0

0101101
*
Ed
 1e-07 1 1 0
1  175 0 0 1.15800968097724
0

0101000
+953 0 -951 0 *
Ve
1e-07
-478.528717 561.511902 0
0 0

0101101
*
Ed
 1e-07 1 1 0
1  176 0 0 0.767502923971646
0

0101000
+951 0 -949 0 *
Ve
1e-07
-478.575592 554.242249 0
0 0

0101101
*
Ed
 1e-07 1 1 0
1  177 0 0 7.26980412432366
0

0101000
+949 0 -947 0 *
Ve
1e-07
-479.364227 554.249634 0
0 0

0101101
*
Ed
 1e-07 1 1 0
1  178 0 0 0.788669576850843
0

0101000
+947 0 -945 0 *
Ve
1e-07
-479.375153 553.085022 0
0 0

0101101
*
Ed
 1e-07 1 1 0
1  179 0 0 1.16466325090993
0

0101000
+945 0 -943 0 *
Ve
1e-07
-478.583099 553.077637 0
0 0

0101101
*
Ed
 1e-07 1 1 0
1  180 0 0 0.792088427602002
0

0101000
+943 0 -941 0 *
Ve
1e-07
-478.63501 545.030396 0
0 0

0101101
*
Ed
 1e-07 1 1 0
1  181 0 0 8.0474084315388
0

0101000
+941 0 -939 0 *
Ve
1e-07
-484.793976 545.131653 0
0 0

0101101
*
Ed
 1e-07 1 1 0
1  182 0 0 6.15979830588669
0

0101000
+939 0 -937 0 *
Ve
1e-07
-484.750092 553.135315 0
0 0

0101101
*
Ed
 1e-07 1 1 0
1  183 0 0 8.00378230686588
0

0101000
+937 0 -935 0 *
Ve
1e-07
-480.710114 553.097534 0
0 0

0101101
*
Ed
 1e-07 1 1 0
1  184 0 0 4.04015465600578
0

0101000
+935 0 -933 0 *
Ve
1e-07
-480.699219 554.262085 0
0 0

0101101
*
Ed
 1e-07 1 1 0
1  185 0 0 1.16460196317279
0

0101000
+933 0 -931 0 *
Ve
1e-07
-484.743713 554.299988 0
0 0

0101101
*
Ed
 1e-07 1 1 0
1  186 0 0 4.04467160019758
0

0101000
+931 0 -929 0 *
Ve
1e-07
-484.703949 561.551697 0
0 0

0101101
*
Ed
 1e-07 1 1 0
1  187 0 0 7.25181802008138
0

0101000
+929 0 -927 0 *
Ve
1e-07
-480.631226 561.525452 0
0 0

0101101
*
Ed
 1e-07 1 1 0
1  188 0 0 4.07280756171391
0

0101000
+927 0 -925 0 *
Ve
1e-07
-480.620392 562.682129 0
0 0

0101101
*
Ed
 1e-07 1 1 0
1  189 0 0 1.15672773714696
0

0101000
+925 0 -923 0 *
Ve
1e-07
-484.697632 562.704468 0
0 0

0101101
*
Ed
 1e-07 1 1 0
1  190 0 0 4.07730119668895
0

0101000
+923 0 -921 0 *
Ve
1e-07
-484.659485 569.662415 0
0 0

0101101
*
Ed
 1e-07 1 1 0
1  191 0 0 6.9580515698303
0

0101000
+921 0 -919 0 *
Ve
1e-07
-480.555298 569.635986 0
0 0

0101101
*
Ed
 1e-07 1 1 0
1  192 0 0 4.10427209417336
0

0101000
+919 0 -917 0 *
Ve
1e-07
-480.545837 570.646912 0
0 0

0101101
*
Ed
 1e-07 1 1 0
1  193 0 0 1.01097027058024
0

0101000
+917 0 -915 0 *
Ve
1e-07
-484.653961 570.669434 0
0 0

0101101
*
Ed
 1e-07 1 1 0
1  194 0 0 4.10818573580355
0

0101000
+915 0 -913 0 *
Ve
1e-07
-484.609955 578.697815 0
0 0

0101101
*
Ed
 1e-07 1 1 0
1  195 0 0 8.02850160423453
0

0101000
+913 0 -911 0 *
Ve
1e-07
-480.470734 578.671143 0
0 0

0101101
*
Ed
 1e-07 1 1 0
1  196 0 0 4.13930693261869
0

0101000
+911 0 -909 0 *
Ve
1e-07
-480.460571 579.755371 0
0 0

0101101
*
Ed
 1e-07 1 1 0
1  197 0 0 1.08427563034169
0

0101000
+909 0 -907 0 *
Ve
1e-07
-484.604034 579.778076 0
0 0

0101101
*
Ed
 1e-07 1 1 0
1  198 0 0 4.14352520800755
0

0101000
+907 0 -905 0 *
Ve
1e-07
-484.570862 585.82959 0
0 0

0101101
*
Ed
 1e-07 1 1 0
1  199 0 0 6.0516049171918
0

0101000
+905 0 -903 0 *
Ve
1e-07
-484.559692 587.022034 0
0 0

0101101
*
Ed
 1e-07 1 1 0
1  200 0 0 1.19249631531329
0

0101000
+903 0 -901 0 *
Ve
1e-07
-480.392914 586.983032 0
0 0

0101101
*
Ed
 1e-07 1 1 0
1  201 0 0 4.16696052984519
0

0101000
+901 0 -899 0 *
Ve
1e-07
-480.381378 588.217712 0
0 0

0101101
*
Ed
 1e-07 1 1 0
1  202 0 0 1.23473389104538
0

0101000
+899 0 -897 0 *
Ve
1e-07
-484.346466 588.254822 0
0 0

0101101
*
Ed
 1e-07 1 1 0
1  203 0 0 3.96526165591179
0

0101000
+897 0 -895 0 *
Ve
1e-07
-484.333862 589.60144 0
0 0

0101101
*
Ed
 1e-07 1 1 0
1  204 0 0 1.34667698381612
0

0101000
+895 0 -893 0 *
Ve
1e-07
-485.44693 589.611877 0
0 0

0101101
*
Ed
 1e-07 1 1 0
1  205 0 0 1.11311693168013
0

0101000
+893 0 -891 0 *
Ve
1e-07
-485.482361 585.829041 0
0 0

0101101
*
Ed
 1e-07 1 1 0
1  206 0 0 3.78300192422072
0

0101000
+891 0 -889 0 *
Ve
1e-07
-497.038971 585.822021 0
0 0

0101101
*
Ed
 1e-07 1 1 0
1  207 0 0 11.5566121321302
0

0101000
+889 0 -887 0 *
Ve
1e-07
-496.987213 588.987976 0
0 0

0101101
*
Ed
 1e-07 1 1 0
1  208 0 0 3.16637804953694
0

0101000
+887 0 -885 0 *
Ve
1e-07
-515.079651 588.825195 0
0 0

0101101
*
Ed
 1e-07 1 1 0
1  209 0 0 18.0931702705138
0

0101000
+885 0 -883 0 *
Ve
1e-07
-514.599304 595.197937 0
0 0

0101101
*
Ed
 1e-07 1 1 0
1  210 0 0 6.39081949666655
0

0101000
+883 0 -881 0 *
Ve
1e-07
-497.839233 594.952454 0
0 0

0101101
*
Ed
 1e-07 1 1 0
1  211 0 0 16.7618686854518
0

0101000
+881 0 -879 0 *
Ve
1e-07
-497.874054 591.232727 0
0 0

0101101
*
Ed
 1e-07 1 1 0
1  212 0 0 3.71988997909485
0

0101000
+879 0 -877 0 *
Ve
1e-07
-496.947754 591.22406 0
0 0

0101101
*
Ed
 1e-07 1 1 0
1  213 0 0 0.92634054585182
0

0101000
+877 0 -875 0 *
Ve
1e-07
-496.900452 596.275391 0
0 0

0101101
*
Ed
 1e-07 1 1 0
1  214 0 0 5.05155246936672
0

0101000
+875 0 -873 0 *
Ve
1e-07
-486.547363 596.178467 0
0 0

0101101
*
Ed
 1e-07 1 1 0
1  215 0 0 10.3535426837241
0

0101000
+873 0 -871 0 *
Ve
1e-07
-486.537994 597.179443 0
0 0

0101101
*
Ed
 1e-07 1 1 0
1  216 0 0 1.00101984532629
0

0101000
+871 0 -869 0 *
Ve
1e-07
-496.891083 597.276367 0
0 0

0101101
*
Ed
 1e-07 1 1 0
1  217 0 0 10.3535426837241
0

0101000
+869 0 -867 0 *
Ve
1e-07
-496.837494 603.002563 0
0 0

0101101
*
Ed
 1e-07 1 1 0
1  218 0 0 5.726446752685
0

0101000
+867 0 -865 0 *
Ve
1e-07
-486.573669 602.906494 0
0 0

0101101
*
Ed
 1e-07 1 1 0
1  219 0 0 10.2642745911918
0

0101000
+865 0 -863 0 *
Ve
1e-07
-486.563416 604.002502 0
0 0

0101101
*
Ed
 1e-07 1 1 0
1  220 0 0 1.09605595663416
0

0101000
+863 0 -861 0 *
Ve
1e-07
-496.82724 604.098572 0
0 0

0101101
*
Ed
 1e-07 1 1 0
1  221 0 0 10.2642736005952
0

0101000
+861 0 -859 0 *
Ve
1e-07
-496.78891 608.191772 0
0 0

0101101
*
Ed
 1e-07 1 1 0
1  222 0 0 4.0933794630965
0

0101000
+859 0 -857 0 *
Ve
1e-07
-486.443695 608.094971 0
0 0

0101101
*
Ed
 1e-07 1 1 0
1  223 0 0 10.3456678774174
0

0101000
+857 0 -855 0 *
Ve
1e-07
-486.432678 609.273865 0
0 0

0101101
*
Ed
 1e-07 1 1 0
1  224 0 0 1.17894547690936
0

0101000
+855 0 -853 0 *
Ve
1e-07
-495.942352 609.362854 0
0 0

0101101
*
Ed
 1e-07 1 1 0
1  225 0 0 9.51009035858216
0

0101000
+853 0 -851 0 *
Ve
1e-07
-495.923706 613.576965 0
0 0

0101101
*
Ed
 1e-07 1 1 0
1  226 0 0 4.21415225088475
0

0101000
+851 0 -849 0 *
Ve
1e-07
-486.424255 613.488098 0
0 0

0101101
*
Ed
 1e-07 1 1 0
1  227 0 0 9.49986666459532
0

0101000
+849 0 -847 0 *
Ve
1e-07
-486.414001 614.582336 0
0 0

0101101
*
Ed
 1e-07 1 1 0
1  228 0 0 1.09428604357364
0

0101000
+847 0 -845 0 *
Ve
1e-07
-495.918854 614.671265 0
0 0

0101101
*
Ed
 1e-07 1 1 0
1  229 0 0 9.5052690082212
0

0101000
+845 0 -843 0 *
Ve
1e-07
-495.833282 634.019409 0
0 0

0101101
*
Ed
 1e-07 1 1 0
1  230 0 0 19.3483332308476
0

0101000
+843 0 -841 0 *
Ve
1e-07
-493.468231 633.997314 0
0 0

0101101
*
Ed
 1e-07 1 1 0
1  231 0 0 2.36515420673282
0

0101000
+841 0 -839 0 *
Ve
1e-07
-493.468079 639.947754 0
0 0

0101101
*
Ed
 1e-07 1 1 0
1  232 0 0 5.95044000194144
0

0101000
+839 0 -837 0 *
Ve
1e-07
-484.910461 639.867615 0
0 0

0101101
*
Ed
 1e-07 1 1 0
1  233 0 0 8.55799322816073
0

0101000
+837 0 -835 0 *
Ve
1e-07
-484.958588 634.727539 0
0 0

0101101
*
Ed
 1e-07 1 1 0
1  234 0 0 5.14030130380557
0

0101000
+835 0 -833 0 *
Ve
1e-07
-492.069763 634.794128 0
0 0

0101101
*
Ed
 1e-07 1 1 0
1  235 0 0 7.11148676266405
0

0101000
+833 0 -831 0 *
Ve
1e-07
-492.077362 633.984253 0
0 0

0101101
*
Ed
 1e-07 1 1 0
1  236 0 0 0.809910649655907
0

0101000
+831 0 -829 0 *
Ve
1e-07
-484.966156 633.917725 0
0 0

0101101
*
Ed
 1e-07 1 1 0
1  237 0 0 7.11151719039051
0

0101000
+829 0 -827 0 *
Ve
1e-07
-485.006714 629.584412 0
0 0

0101101
*
Ed
 1e-07 1 1 0
1  238 0 0 4.33350279881446
0

0101000
+827 0 -825 0 *
Ve
1e-07
-487.255371 629.605469 0
0 0

0101101
*
Ed
 1e-07 1 1 0
1  239 0 0 2.24875558940899
0

0101000
+825 0 -823 0 *
Ve
1e-07
-487.277222 627.270386 0
0 0

0101101
*
Ed
 1e-07 1 1 0
1  240 0 0 2.33518523528429
0

0101000
+823 0 -821 0 *
Ve
1e-07
-494.256439 627.335693 0
0 0

0101101
*
Ed
 1e-07 1 1 0
1  241 0 0 6.9795225436514
0

0101000
+821 0 -819 0 *
Ve
1e-07
-494.264923 626.43042 0
0 0

0101101
*
Ed
 1e-07 1 1 0
1  242 0 0 0.905312754126958
0

0101000
+819 0 -817 0 *
Ve
1e-07
-486.456482 626.3573 0
0 0

0101101
*
Ed
 1e-07 1 1 0
1  243 0 0 7.80878334856854
0

0101000
+817 0 -815 0 *
Ve
1e-07
-486.43277 628.892395 0
0 0

0101101
*
Ed
 1e-07 1 1 0
1  244 0 0 2.53520589261874
0

0101000
+815 0 -813 0 *
Ve
1e-07
-485.013336 628.87915 0
0 0

0101101
*
Ed
 1e-07 1 1 0
1  245 0 0 1.41949579442176
0

0101000
+813 0 -811 0 *
Ve
1e-07
-485.020203 628.14447 0
0 0

0101101
*
Ed
 1e-07 1 1 0
1  246 0 0 0.734712091971432
0

0101000
+811 0 -809 0 *
Ve
1e-07
-483.973175 628.134705 0
0 0

0101101
*
Ed
 1e-07 1 1 0
1  247 0 0 1.04707353514875
0

0101000
+809 0 -807 0 *
Ve
1e-07
-483.864197 639.777344 0
0 0

0101101
*
Ed
 1e-07 1 1 0
1  248 0 0 11.6431490194364
0

0101000
+807 0 -805 0 *
Ve
1e-07
-481.68808 639.763306 0
0 0

0101101
*
Ed
 1e-07 1 1 0
1  249 0 0 2.17616227867613
0

0101000
+805 0 -803 0 *
Ve
1e-07
-481.677948 640.844055 0
0 0

0101101
*
Ed
 1e-07 1 1 0
1  250 0 0 1.08079649260403
0

0101000
+803 0 -801 0 *
Ve
1e-07
-485.059784 640.874939 0
0 0

0101101
*
Ed
 1e-07 1 1 0
1  251 0 0 3.38197701830627
0

0101000
+801 0 -799 0 *
Ve
1e-07
-485.003693 647.019714 0
0 0

0101101
*
Ed
 1e-07 1 1 0
1  252 0 0 6.14503100080917
0

0101000
+799 0 -797 0 *
Ve
1e-07
-450.838196 646.681763 0
0 0

0101101
*
Ed
 1e-07 1 1 0
1  253 0 0 34.1671683950457
0

0101000
+797 0 -795 0 *
Ve
1e-07
-450.707306 640.432861 0
0 0

0101101
*
Ed
 1e-07 1 1 0
1  254 0 0 6.25027266586863
0

0101000
+795 0 -793 0 *
Ve
1e-07
-453.947144 640.463135 0
0 0

0101101
*
Ed
 1e-07 1 1 0
1  255 0 0 3.23997944149647
0

0101000
+793 0 -791 0 *
Ve
1e-07
-453.958099 639.293335 0
0 0

0101101
*
Ed
 1e-07 1 1 0
1  256 0 0 1.1698512948341
0

0101000
+791 0 -789 0 *
Ve
1e-07
-452.28714 639.27771 0
0 0

0101101
*
Ed
 1e-07 1 1 0
1  257 0 0 1.67103205244721
0

0101000
+789 0 -787 0 *
Ve
1e-07
-452.332397 634.444275 0
0 0

0101101
*
Ed
 1e-07 1 1 0
1  258 0 0 4.83364687324944
0

0101000
+787 0 -785 0 *
Ve
1e-07
-451.250122 634.434143 0
0 0

0101101
*
Ed
 1e-07 1 1 0
1  259 0 0 1.08232242564269
0

0101000
+785 0 -783 0 *
Ve
1e-07
-451.21225 638.622864 0
0 0

0101101
*
Ed
 1e-07 1 1 0
1  260 0 0 4.18889220489449
0

0101000
+783 0 -781 0 *
Ve
1e-07
-442.937012 637.04187 0
0 0

0101101
*
Ed
 1e-07 1 1 0
1  261 0 0 8.42490985024054
0

0101000
+781 0 -779 0 *
Ve
1e-07
-442.967865 633.743225 0
0 0

0101101
*
Ed
 1e-07 1 1 0
1  262 0 0 3.29878928451542
0

0101000
+779 0 -777 0 *
Ve
1e-07
-442.020813 633.734375 0
0 0

0101101
*
Ed
 1e-07 1 1 0
1  263 0 0 0.947093349783473
0

0101000
+777 0 -775 0 *
Ve
1e-07
-441.991547 636.861206 0
0 0

0101101
*
Ed
 1e-07 1 1 0
1  264 0 0 3.12696795655428
0

0101000
+775 0 -773 0 *
Ve
1e-07
-435.918915 635.70105 0
0 0

0101101
*
Ed
 1e-07 1 1 0
1  265 0 0 6.18246078449027
0

0101000
+773 0 -771 0 *
Ve
1e-07
-435.945038 632.909241 0
0 0

0101101
*
Ed
 1e-07 1 1 0
1  266 0 0 2.79193121398259
0

0101000
+771 0 -769 0 *
Ve
1e-07
-435.070831 632.901062 0
0 0

0101101
*
Ed
 1e-07 1 1 0
1  267 0 0 0.8742452601473
0

0101000
+769 0 -767 0 *
Ve
1e-07
-435.046204 635.534302 0
0 0

0101101
*
Ed
 1e-07 1 1 0
1  268 0 0 2.63335515772731
0

0101000
+767 0 -765 0 *
Ve
1e-07
-427.909302 634.170837 0
0 0

0101101
*
Ed
 1e-07 1 1 0
1  269 0 0 7.26597598150644
0

0101000
+765 0 -763 0 *
Ve
1e-07
-427.788635 626.194458 0
0 0

0101101
*
Ed
 1e-07 1 1 0
1  270 0 0 7.97729167553307
0

0101000
+763 0 -761 0 *
Ve
1e-07
-435.132965 626.263245 0
0 0

0101101
*
Ed
 1e-07 1 1 0
1  271 0 0 7.34465212248131
0

0101000
+761 0 -759 0 *
Ve
1e-07
-435.083282 631.573364 0
0 0

0101101
*
Ed
 1e-07 1 1 0
1  272 0 0 5.31035141912942
0

0101000
+759 0 -757 0 *
Ve
1e-07
-435.957458 631.581604 0
0 0

0101101
*
Ed
 1e-07 1 1 0
1  273 0 0 0.874214834337624
0

0101000
+757 0 -755 0 *
Ve
1e-07
-435.980408 629.130188 0
0 0

0101101
*
Ed
 1e-07 1 1 0
1  274 0 0 2.45152342586319
0

0101000
+755 0 -753 0 *
Ve
1e-07
-440.014221 629.167908 0
0 0

0101101
*
Ed
 1e-07 1 1 0
1  275 0 0 4.03398935513829
0

0101000
+753 0 -751 0 *
Ve
1e-07
-440.023438 628.184448 0
0 0

0101101
*
Ed
 1e-07 1 1 0
1  276 0 0 0.983503189974019
0

0101000
+751 0 -749 0 *
Ve
1e-07
-435.989624 628.146729 0
0 0

0101101
*
Ed
 1e-07 1 1 0
1  277 0 0 4.03399034574416
0

0101000
+749 0 -747 0 *
Ve
1e-07
-436.007172 626.271423 0
0 0

0101101
*
Ed
 1e-07 1 1 0
1  278 0 0 1.87538810008491
0

0101000
+747 0 -745 0 *
Ve
1e-07
-440.040985 626.309143 0
0 0

0101101
*
Ed
 1e-07 1 1 0
1  279 0 0 4.03398935513824
0

0101000
+745 0 -743 0 *
Ve
1e-07
-440.051941 625.13678 0
0 0

0101101
*
Ed
 1e-07 1 1 0
1  280 0 0 1.1724141920434
0

0101000
+743 0 -741 0 *
Ve
1e-07
-439.198578 625.128784 0
0 0

0101101
*
Ed
 1e-07 1 1 0
1  281 0 0 0.853400460384809
0

0101000
+741 0 -739 0 *
Ve
1e-07
-439.205109 624.43103 0
0 0

0101101
*
Ed
 1e-07 1 1 0
1  282 0 0 0.697784564516187
0

0101000
+739 0 -737 0 *
Ve
1e-07
-438.200684 624.421631 0
0 0

0101101
*
Ed
 1e-07 1 1 0
1  283 0 0 1.004468975044
0

0101000
+737 0 -735 0 *
Ve
1e-07
-438.194153 625.119385 0
0 0

0101101
*
Ed
 1e-07 1 1 0
1  284 0 0 0.697784564516074
0

0101000
+735 0 -733 0 *
Ve
1e-07
-432.943115 625.07019 0
0 0

0101101
*
Ed
 1e-07 1 1 0
1  285 0 0 5.2512684396695
0

0101000
+733 0 -731 0 *
Ve
1e-07
-432.959564 623.312988 0
0 0

0101101
*
Ed
 1e-07 1 1 0
1  286 0 0 1.75727898707207
0

0101000
+731 0 -729 0 *
Ve
1e-07
-438.210602 623.362122 0
0 0

0101101
*
Ed
 1e-07 1 1 0
1  287 0 0 5.25126786856279
0

0101000
+729 0 -727 0 *
Ve
1e-07
-438.206665 623.782349 0
0 0

0101101
*
Ed
 1e-07 1 1 0
1  288 0 0 0.420245441971667
0

0101000
+727 0 -725 0 *
Ve
1e-07
-439.21109 623.791748 0
0 0

0101101
*
Ed
 1e-07 1 1 0
1  289 0 0 1.00446897504405
0

0101000
+725 0 -723 0 *
Ve
1e-07
-439.225098 622.296875 0
0 0

0101101
*
Ed
 1e-07 1 1 0
1  290 0 0 1.49493863091197
0

0101000
+723 0 -721 0 *
Ve
1e-07
-438.220642 622.287476 0
0 0

0101101
*
Ed
 1e-07 1 1 0
1  291 0 0 1.00449997368691
0

0101000
+721 0 -719 0 *
Ve
1e-07
-438.218353 622.533325 0
0 0

0101101
*
Ed
 1e-07 1 1 0
1  292 0 0 0.245859655742886
0

0101000
+719 0 -717 0 *
Ve
1e-07
-433.098267 622.485413 0
0 0

0101101
*
Ed
 1e-07 1 1 0
1  293 0 0 5.12031016708359
0

0101000
+717 0 -715 0 *
Ve
1e-07
-433.11261 620.951172 0
0 0

0101101
*
Ed
 1e-07 1 1 0
1  294 0 0 1.53430804199478
0

0101000
+715 0 -713 0 *
Ve
1e-07
-438.232727 620.999146 0
0 0

0101101
*
Ed
 1e-07 1 1 0
1  295 0 0 5.1203417462475
0

0101000
+713 0 -711 0 *
Ve
1e-07
-438.22757 621.549866 0
0 0

0101101
*
Ed
 1e-07 1 1 0
1  296 0 0 0.550744144815858
0

0101000
+711 0 -709 0 *
Ve
1e-07
-439.231995 621.559265 0
0 0

0101101
*
Ed
 1e-07 1 1 0
1  297 0 0 1.004468975044
0

0101000
+709 0 -707 0 *
Ve
1e-07
-439.257141 618.871521 0
0 0

0101101
*
Ed
 1e-07 1 1 0
1  298 0 0 2.6878616279213
0

0101000
+707 0 -705 0 *
Ve
1e-07
-440.314972 618.881409 0
0 0

0101101
*
Ed
 1e-07 1 1 0
1  299 0 0 1.05787721267879
0

0101000
+705 0 -703 0 *
Ve
1e-07
-440.325134 617.796326 0
0 0

0101101
*
Ed
 1e-07 1 1 0
1  300 0 0 1.08513058344739
0

0101000
+703 0 -701 0 *
Ve
1e-07
-439.267303 617.786438 0
0 0

0101101
*
Ed
 1e-07 1 1 0
1  301 0 0 1.05787721267873
0

0101000
+701 0 -699 0 *
Ve
1e-07
-439.309875 613.23822 0
0 0

0101101
*
Ed
 1e-07 1 1 0
1  302 0 0 4.54841723577644
0

0101000
+699 0 -697 0 *
Ve
1e-07
-440.115753 613.245789 0
0 0

0101101
*
Ed
 1e-07 1 1 0
1  303 0 0 0.80591354415037
0

0101000
+697 0 -695 0 *
Ve
1e-07
-440.128174 611.918152 0
0 0

0101101
*
Ed
 1e-07 1 1 0
1  304 0 0 1.32769510242749
0

0101000
+695 0 -693 0 *
Ve
1e-07
-439.322296 611.910645 0
0 0

0101101
*
Ed
 1e-07 1 1 0
1  305 0 0 0.805912964241803
0

0101000
+693 0 -691 0 *
Ve
1e-07
-439.339752 610.047424 0
0 0

0101101
*
Ed
 1e-07 1 1 0
1  306 0 0 1.86330276841346
0

0101000
+691 0 -689 0 *
Ve
1e-07
-438.335327 610.038025 0
0 0

0101101
*
Ed
 1e-07 1 1 0
1  307 0 0 1.004468975044
0

0101000
+689 0 -687 0 *
Ve
1e-07
-438.317871 611.901245 0
0 0

0101101
*
Ed
 1e-07 1 1 0
1  308 0 0 1.86330176845734
0

0101000
+687 0 -685 0 *
Ve
1e-07
-430.222107 611.825439 0
0 0

0101101
*
Ed
 1e-07 1 1 0
1  309 0 0 8.09611890311231
0

0101000
+685 0 -683 0 *
Ve
1e-07
-430.293488 600.551697 0
0 0

0101101
*
Ed
 1e-07 1 1 0
1  310 0 0 11.2739679762595
0

0101000
+683 0 -681 0 *
Ve
1e-07
-438.423401 600.627808 0
0 0

0101101
*
Ed
 1e-07 1 1 0
1  311 0 0 8.13026926195497
0

0101000
+681 0 -679 0 *
Ve
1e-07
-438.406128 602.473511 0
0 0

0101101
*
Ed
 1e-07 1 1 0
1  312 0 0 1.84578382286178
0

0101000
+679 0 -677 0 *
Ve
1e-07
-439.410553 602.48291 0
0 0

0101101
*
Ed
 1e-07 1 1 0
1  313 0 0 1.004468975044
0

0101000
+677 0 -675 0 *
Ve
1e-07
-439.427826 600.637207 0
0 0

0101101
*
Ed
 1e-07 1 1 0
1  314 0 0 1.84578382286167
0

0101000
+675 0 -673 0 *
Ve
1e-07
-440.041687 600.642944 0
0 0

0101101
*
Ed
 1e-07 1 1 0
1  315 0 0 0.613887807738558
0

0101000
+673 0 -671 0 *
Ve
1e-07
-440.054779 599.243896 0
0 0

0101101
*
Ed
 1e-07 1 1 0
1  316 0 0 1.39910925476472
0

0101000
+671 0 -669 0 *
Ve
1e-07
-439.440918 599.238159 0
0 0

0101101
*
Ed
 1e-07 1 1 0
1  317 0 0 0.6138878077385
0

0101000
+669 0 -667 0 *
Ve
1e-07
-439.448608 598.417969 0
0 0

0101101
*
Ed
 1e-07 1 1 0
1  318 0 0 0.820226049452247
0

0101000
+667 0 -665 0 *
Ve
1e-07
-438.444183 598.408569 0
0 0

0101101
*
Ed
 1e-07 1 1 0
1  319 0 0 1.00446898440168
0

0101000
+665 0 -663 0 *
Ve
1e-07
-438.436493 599.22876 0
0 0

0101101
*
Ed
 1e-07 1 1 0
1  320 0 0 0.820227049408181
0

0101000
+663 0 -661 0 *
Ve
1e-07
-430.302338 599.152649 0
0 0

0101101
*
Ed
 1e-07 1 1 0
1  321 0 0 8.1345110761708
0

0101000
+661 0 -659 0 *
Ve
1e-07
-430.338531 593.436462 0
0 0

0101101
*
Ed
 1e-07 1 1 0
1  322 0 0 5.71630157988694
0

0101000
+659 0 -657 0 *
Ve
1e-07
-438.490234 593.488037 0
0 0

0101101
*
Ed
 1e-07 1 1 0
1  323 0 0 8.1518661532703
0

0101000
+657 0 -655 0 *
Ve
1e-07
-438.486572 593.879761 0
0 0

0101101
*
Ed
 1e-07 1 1 0
1  324 0 0 0.391741116580903
0

0101000
+655 0 -653 0 *
Ve
1e-07
-439.490997 593.88916 0
0 0

0101101
*
Ed
 1e-07 1 1 0
1  325 0 0 1.004468975044
0

0101000
+653 0 -651 0 *
Ve
1e-07
-439.520813 590.703552 0
0 0

0101101
*
Ed
 1e-07 1 1 0
1  326 0 0 3.18574752978324
0

0101000
+651 0 -649 0 *
Ve
1e-07
-440.029022 590.708252 0
0 0

0101101
*
Ed
 1e-07 1 1 0
1  327 0 0 0.508230732719916
0

0101000
+649 0 -647 0 *
Ve
1e-07
-440.037903 589.757385 0
0 0

0101101
*
Ed
 1e-07 1 1 0
1  328 0 0 0.95090847290895
0

0101000
+647 0 -645 0 *
Ve
1e-07
-439.529724 589.752625 0
0 0

0101101
*
Ed
 1e-07 1 1 0
1  329 0 0 0.508201292443245
0

0101000
+645 0 -643 0 *
Ve
1e-07
-439.536102 589.068909 0
0 0

0101101
*
Ed
 1e-07 1 1 0
1  330 0 0 0.68374574773084
0

0101000
+643 0 -641 0 *
Ve
1e-07
-438.531677 589.059509 0
0 0

0101101
*
Ed
 1e-07 1 1 0
1  331 0 0 1.00446898440173
0

0101000
+641 0 -639 0 *
Ve
1e-07
-438.499207 592.528992 0
0 0

0101101
*
Ed
 1e-07 1 1 0
1  332 0 0 3.469634935867
0

0101000
+639 0 -637 0 *
Ve
1e-07
-430.336426 592.452576 0
0 0

0101101
*
Ed
 1e-07 1 1 0
1  333 0 0 8.16313867694387
0

0101000
+637 0 -635 0 *
Ve
1e-07
-430.379578 586.951782 0
0 0

0101101
*
Ed
 1e-07 1 1 0
1  334 0 0 5.50096325433469
0

0101000
+635 0 -633 0 *
Ve
1e-07
-438.55069 587.028259 0
0 0

0101101
*
Ed
 1e-07 1 1 0
1  335 0 0 8.17146988295698
0

0101000
+633 0 -631 0 *
Ve
1e-07
-438.542023 587.955383 0
0 0

0101101
*
Ed
 1e-07 1 1 0
1  336 0 0 0.927164509817368
0

0101000
+631 0 -629 0 *
Ve
1e-07
-439.546448 587.964783 0
0 0

0101101
*
Ed
 1e-07 1 1 0
1  337 0 0 1.00446898440174
0

0101000
+629 0 -627 0 *
Ve
1e-07
-439.629944 579.043701 0
0 0

0101101
*
Ed
 1e-07 1 1 0
1  338 0 0 8.92147272779216
0

0101000
+627 0 -625 0 *
Ve
1e-07
-443.746155 579.082214 0
0 0

0101101
*
Ed
 1e-07 1 1 0
1  339 0 0 4.11639116796372
0

0101000
+625 0 -623 0 *
Ve
1e-07
-443.723572 581.493774 0
0 0

0101101
*
Ed
 1e-07 1 1 0
1  340 0 0 2.41166573668264
0

0101000
+623 0 -621 0 *
Ve
1e-07
-445.047028 581.506165 0
0 0

0101101
*
Ed
 1e-07 1 1 0
1  341 0 0 1.32351400476801
0

0101000
+621 0 -619 0 *
Ve
1e-07
-445.069611 579.094604 0
0 0

0101101
*
Ed
 1e-07 1 1 0
1  342 0 0 2.4116667366388
0

0101000
+619 0 -617 0 *
Ve
1e-07
-449.416321 579.135315 0
0 0

0101101
*
Ed
 1e-07 1 1 0
1  343 0 0 4.34690064409353
0

0101000
+617 0 -615 0 *
Ve
1e-07
-449.427582 577.930969 0
0 0

0101101
*
Ed
 1e-07 1 1 0
1  344 0 0 1.20439864573029
0

0101000
+615 0 -613 0 *
Ve
1e-07
-438.63681 577.829956 0
0 0

0101101
*
Ed
 1e-07 1 1 0
1  345 0 0 10.7912447837194
0

0101000
+613 0 -611 0 *
Ve
1e-07
-437.049744 577.838074 0
0 0

0101101
*
Ed
 1e-07 1 1 0
1  346 0 0 1.58708676205183
0

0101000
+611 0 -609 0 *
Ve
1e-07
-437.064545 574.340759 0
0 0

0101101
*
Ed
 1e-07 1 1 0
1  347 0 0 3.49734631954368
0

0101000
+609 0 -607 0 *
Ve
1e-07
-442.714539 574.321899 0
0 0

0101101
*
Ed
 1e-07 1 1 0
1  348 0 0 5.65002547778644
0

0101000
+607 0 -605 0 *
Ve
1e-07
-450.13028 574.391296 0
0 0

0101101
*
Ed
 1e-07 1 1 0
1  349 0 0 7.41606570377383
0

0101000
+605 0 -603 0 *
Ve
1e-07
-450.141815 573.15741 0
0 0

0101101
*
Ed
 1e-07 1 1 0
1  350 0 0 1.23393991637395
0

0101000
+603 0 -601 0 *
Ve
1e-07
-442.711426 573.08783 0
0 0

0101101
*
Ed
 1e-07 1 1 0
1  351 0 0 7.43071477502137
0

0101000
+601 0 -599 0 *
Ve
1e-07
-442.705078 570.574341 0
0 0

0101101
*
Ed
 1e-07 1 1 0
1  352 0 0 2.51349701615603
0

0101000
+599 0 -597 0 *
Ve
1e-07
-443.390289 570.58075 0
0 0

0101101
*
Ed
 1e-07 1 1 0
1  353 0 0 0.685240972068931
0

0101000
+597 0 -595 0 *
Ve
1e-07
-443.404449 569.070007 0
0 0

0101101
*
Ed
 1e-07 1 1 0
1  354 0 0 1.51080935847274
0

0101000
+595 0 -593 0 *
Ve
1e-07
-442.701263 569.063416 0
0 0

0101101
*
Ed
 1e-07 1 1 0
1  355 0 0 0.703216888219434
0

0101000
+593 0 -591 0 *
Ve
1e-07
-442.68988 564.568909 0
0 0

0101101
*
Ed
 1e-07 1 1 0
1  356 0 0 4.4945214145377
0

0101000
+591 0 -589 0 *
Ve
1e-07
-451.898682 562.698242 0
0 0

0101101
*
Ed
 1e-07 1 1 0
1  357 0 0 9.39688402078543
0

0101000
+589 0 -587 0 *
Ve
1e-07
-451.881073 564.648987 0
0 0

0101101
*
Ed
 1e-07 1 1 0
1  358 0 0 1.9508244749095
0

0101000
+587 0 -585 0 *
Ve
1e-07
-452.985596 564.659302 0
0 0

0101101
*
Ed
 1e-07 1 1 0
1  359 0 0 1.10457116418723
0

0101000
+585 0 -583 0 *
Ve
1e-07
-453.006073 562.473328 0
0 0

0101101
*
Ed
 1e-07 1 1 0
1  360 0 0 2.18606990652288
0

0101000
+583 0 -581 0 *
Ve
1e-07
-453.00589 562.187927 0
0 0

0101101
*
Ed
 1e-07 1 1 0
1  361 0 0 0.285401058670168
0

0101000
+581 0 -579 0 *
Ve
1e-07
-456.562012 562.221191 0
0 0

0101101
*
Ed
 1e-07 1 1 0
1  362 0 0 3.5562775724878
0

0101000
+579 0 -577 0 *
Ve
1e-07
-456.569397 561.434204 0
0 0

0101101
*
Ed
 1e-07 1 1 0
1  363 0 0 0.787021649253645
0

0101000
+577 0 -575 0 *
Ve
1e-07
-453.005371 561.397827 0
0 0

0101101
*
Ed
 1e-07 1 1 0
1  364 0 0 3.56421164001307
0

0101000
+575 0 -573 0 *
Ve
1e-07
-453.001373 555.166565 0
0 0

0101101
*
Ed
 1e-07 1 1 0
1  365 0 0 6.23126328256544
0

0101000
+573 0 -571 0 *
Ve
1e-07
-456.627747 555.200562 0
0 0

0101101
*
Ed
 1e-07 1 1 0
1  366 0 0 3.62653335623499
0

0101000
+571 0 -569 0 *
Ve
1e-07
-456.636749 554.238159 0
0 0

0101101
*
Ed
 1e-07 1 1 0
1  367 0 0 0.962445099947519
0

0101000
+569 0 -567 0 *
Ve
1e-07
-453.000763 554.201111 0
0 0

0101101
*
Ed
 1e-07 1 1 0
1  368 0 0 3.63617474091937
0

0101000
+567 0 -565 0 *
Ve
1e-07
-452.994476 544.421326 0
0 0

0101101
*
Ed
 1e-07 1 1 0
1  369 0 0 9.77978702081967
0

0101000
+565 0 -563 0 *
Ve
1e-07
-456.728302 544.456238 0
0 0

0101101
*
Ed
 1e-07 1 1 0
1  370 0 0 3.73398921343109
0

0101000
+563 0 -561 0 *
Ve
1e-07
-456.738983 543.315918 0
0 0

0101101
*
Ed
 1e-07 1 1 0
1  371 0 0 1.14037002159867
0

0101000
+561 0 -559 0 *
Ve
1e-07
-452.993744 543.280884 0
0 0

0101101
*
Ed
 1e-07 1 1 0
1  372 0 0 3.74540285527167
0

0101000
+559 0 -557 0 *
Ve
1e-07
-452.98938 536.497192 0
0 0

0101101
*
Ed
 1e-07 1 1 0
1  373 0 0 6.78369340369681
0

0101000
+557 0 -555 0 *
Ve
1e-07
-456.80249 536.532898 0
0 0

0101101
*
Ed
 1e-07 1 1 0
1  374 0 0 3.8132771720052
0

0101000
+555 0 -553 0 *
Ve
1e-07
-456.811035 535.6203 0
0 0

0101101
*
Ed
 1e-07 1 1 0
1  375 0 0 0.912638004155539
0

0101000
+553 0 -551 0 *
Ve
1e-07
-452.9888 535.581299 0
0 0

0101101
*
Ed
 1e-07 1 1 0
1  376 0 0 3.82243397238276
0

0101000
+551 0 -549 0 *
Ve
1e-07
-452.983978 528.109009 0
0 0

0101101
*
Ed
 1e-07 1 1 0
1  377 0 0 7.47229155586042
0

0101000
+549 0 -547 0 *
Ve
1e-07
-456.880981 528.145508 0
0 0

0101101
*
Ed
 1e-07 1 1 0
1  378 0 0 3.89717391952301
0

0101000
+547 0 -545 0 *
Ve
1e-07
-456.890228 527.159668 0
0 0

0101101
*
Ed
 1e-07 1 1 0
1  379 0 0 0.985883366635668
0

0101000
+545 0 -543 0 *
Ve
1e-07
-452.983337 527.119812 0
0 0

0101101
*
Ed
 1e-07 1 1 0
1  380 0 0 3.90709428944539
0

0101000
+543 0 -541 0 *
Ve
1e-07
-452.982697 526.114868 0
0 0

0101101
*
Ed
 1e-07 1 1 0
1  381 0 0 1.00494420379245
0

0101000
+541 0 -539 0 *
Ve
1e-07
-453.025726 521.517456 0
0 0

0101101
*
Ed
 1e-07 1 1 0
1  382 0 0 4.59761335831806
0

0101000
+539 0 -537 0 *
Ve
1e-07
-452.187653 521.509583 0
0 0

0101101
*
Ed
 1e-07 1 1 0
1  383 0 0 0.83810997933327
0

0101000
+537 0 -535 0 *
Ve
1e-07
-452.147675 525.780823 0
0 0

0101101
*
Ed
 1e-07 1 1 0
1  384 0 0 4.27142708916871
0

0101000
+535 0 -533 0 *
Ve
1e-07
-446.663666 523.58667 0
0 0

0101101
*
Ed
 1e-07 1 1 0
1  385 0 0 5.90666251782597
0

0101000
+533 0 -531 0 *
Ve
1e-07
-446.772919 522.577209 0
0 0

0101101
*
Ed
 1e-07 1 1 0
1  386 0 0 1.01535596148837
0

0101000
+531 0 -529 0 *
Ve
1e-07
-445.503723 522.069458 0
0 0

0101101
*
Ed
 1e-07 1 1 0
1  387 0 0 1.36699289113625
0

0101000
+529 0 -527 0 *
Ve
1e-07
-445.369568 523.068909 0
0 0

0101101
*
Ed
 1e-07 1 1 0
1  388 0 0 1.00841453055071
0

0101000
+527 0 -525 0 *
Ve
1e-07
-437.78421 520.034119 0
0 0

0101101
*
Ed
 1e-07 1 1 0
1  389 0 0 8.16992082778433
0

0101000
+525 0 -523 0 *
Ve
1e-07
-437.816193 514.869751 0
0 0

0101101
*
Ed
 1e-07 1 1 0
1  390 0 0 5.1644670346236
0

0101000
+523 0 -521 0 *
Ve
1e-07
-446.239441 516.588806 0
0 0

0101101
*
Ed
 1e-07 1 1 0
1  391 0 0 8.59687483697007
0

0101000
+521 0 -519 0 *
Ve
1e-07
-445.662842 520.884094 0
0 0

0101101
*
Ed
 1e-07 1 1 0
1  392 0 0 4.33381649470132
0

0101000
+519 0 -517 0 *
Ve
1e-07
-446.902527 521.380066 0
0 0

0101101
*
Ed
 1e-07 1 1 0
1  393 0 0 1.33521800617318
0

0101000
+517 0 -515 0 *
Ve
1e-07
-447.39563 516.824707 0
0 0

0101101
*
Ed
 1e-07 1 1 0
1  394 0 0 4.58196968426141
0

0101000
+515 0 -513 0 *
Ve
1e-07
-452.22229 517.809753 0
0 0

0101101
*
Ed
 1e-07 1 1 0
1  395 0 0 4.92615086834702
0

0101000
+513 0 -511 0 *
Ve
1e-07
-452.198792 520.31958 0
0 0

0101101
*
Ed
 1e-07 1 1 0
1  396 0 0 2.50993699640705
0

0101000
+511 0 -509 0 *
Ve
1e-07
-453.036865 520.327454 0
0 0

0101101
*
Ed
 1e-07 1 1 0
1  397 0 0 0.838109988727565
0

0101000
+509 0 -507 0 *
Ve
1e-07
-453.049347 518.995483 0
0 0

0101101
*
Ed
 1e-07 1 1 0
1  398 0 0 1.33202948359444
0

0101000
+507 0 -505 0 *
Ve
1e-07
-456.966003 519.06366 0
0 0

0101101
*
Ed
 1e-07 1 1 0
1  399 0 0 3.91724933156736
0

0101000
+505 0 -503 0 *
Ve
1e-07
-456.974243 518.182068 0
0 0

0101101
*
Ed
 1e-07 1 1 0
1  400 0 0 0.881630507675478
0

0101000
+503 0 -501 0 *
Ve
1e-07
-453.057343 518.14209 0
0 0

0101101
*
Ed
 1e-07 1 1 0
1  401 0 0 3.91710401323273
0

0101000
+501 0 -499 0 *
Ve
1e-07
-453.119049 511.547363 0
0 0

0101101
*
Ed
 1e-07 1 1 0
1  402 0 0 6.59501568117662
0

0101000
+499 0 -497 0 *
Ve
1e-07
-457.036011 511.584015 0
0 0

0101101
*
Ed
 1e-07 1 1 0
1  403 0 0 3.91713347724425
0

0101000
+497 0 -495 0 *
Ve
1e-07
-457.043365 510.796936 0
0 0

0101101
*
Ed
 1e-07 1 1 0
1  404 0 0 0.787113354960395
0

0101000
+495 0 -493 0 *
Ve
1e-07
-453.126465 510.756958 0
0 0

0101101
*
Ed
 1e-07 1 1 0
1  405 0 0 3.91710401323273
0

0101000
+493 0 -491 0 *
Ve
1e-07
-453.163239 506.827332 0
0 0

0101101
*
Ed
 1e-07 1 1 0
1  406 0 0 3.92979806439871
0

0101000
+491 0 -489 0 *
Ve
1e-07
-457.077942 507.104126 0
0 0

0101101
*
Ed
 1e-07 1 1 0
1  407 0 0 3.92447633406614
0

0101000
+489 0 -487 0 *
Ve
1e-07
-457.087982 506.030151 0
0 0

0101101
*
Ed
 1e-07 1 1 0
1  408 0 0 1.07402192818631
0

0101000
+487 0 -485 0 *
Ve
1e-07
-453.173553 505.725708 0
0 0

0101101
*
Ed
 1e-07 1 1 0
1  409 0 0 3.92625011127537
0

0101000
+485 0 -483 0 *
Ve
1e-07
-453.185486 504.452057 0
0 0

0101101
*
Ed
 1e-07 1 1 0
1  410 0 0 1.27370689967902
0

0101000
+483 0 -481 0 *
Ve
1e-07
-452.347931 504.385834 0
0 0

0101101
*
Ed
 1e-07 1 1 0
1  411 0 0 0.840168949529807
0

0101000
+481 0 -479 0 *
Ve
1e-07
-452.335999 505.660553 0
0 0

0101101
*
Ed
 1e-07 1 1 0
1  412 0 0 1.2747748434861
0

0101000
+479 0 -477 0 *
Ve
1e-07
-449.049133 505.404938 0
0 0

0101101
*
Ed
 1e-07 1 1 0
1  413 0 0 3.29679042861101
0

0101000
+477 0 -475 0 *
Ve
1e-07
-449.061096 504.125977 0
0 0

0101101
*
Ed
 1e-07 1 1 0
1  414 0 0 1.279016947851
0

0101000
+475 0 -473 0 *
Ve
1e-07
-447.809387 504.027008 0
0 0

0101101
*
Ed
 1e-07 1 1 0
1  415 0 0 1.25561549992106
0

0101000
+473 0 -471 0 *
Ve
1e-07
-447.797394 505.307587 0
0 0

0101101
*
Ed
 1e-07 1 1 0
1  416 0 0 1.28063515775961
0

0101000
+471 0 -469 0 *
Ed
 1e-07 1 1 0
1  417 0 0 20.6369928055349
0

0101000
+469 0 -1300 0 *
Wi

0101100
+1298 0 +1296 0 +1294 0 +1292 0 +1290 0 +1288 0 +1286 0 +1284 0 +1282 0 +1280 0 
+1278 0 +1276 0 +1274 0 +1272 0 +1270 0 +1268 0 +1266 0 +1264 0 +1262 0 +1260 0 
+1258 0 +1256 0 +1254 0 +1252 0 +1250 0 +1248 0 +1246 0 +1244 0 +1242 0 +1240 0 
+1238 0 +1236 0 +1234 0 +1232 0 +1230 0 +1228 0 +1226 0 +1224 0 +1222 0 +1220 0 
+1218 0 +1216 0 +1214 0 +1212 0 +1210 0 +1208 0 +1206 0 +1204 0 +1202 0 +1200 0 
+1198 0 +1196 0 +1194 0 +1192 0 +1190 0 +1188 0 +1186 0 +1184 0 +1182 0 +1180 0 
+1178 0 +1176 0 +1174 0 +1172 0 +1170 0 +1168 0 +1166 0 +1164 0 +1162 0 +1160 0 
+1158 0 +1156 0 +1154 0 +1152 0 +1150 0 +1148 0 +1146 0 +1144 0 +1142 0 +1140 0 
+1138 0 +1136 0 +1134 0 +1132 0 +1130 0 +1128 0 +1126 0 +1124 0 +1122 0 +1120 0 
+1118 0 +1116 0 +1114 0 +1112 0 +1110 0 +1108 0 +1106 0 +1104 0 +1102 0 +1100 0 
+1098 0 +1096 0 +1094 0 +1092 0 +1090 0 +1088 0 +1086 0 +1084 0 +1082 0 +1080 0 
+1078 0 +1076 0 +1074 0 +1072 0 +1070 0 +1068 0 +1066 0 +1064 0 +1062 0 +1060 0 
+1058 0 +1056 0 +1054 0 +1052 0 +1050 0 +1048 0 +1046 0 +1044 0 +1042 0 +1040 0 
+1038 0 +1036 0 +1034 0 +1032 0 +1030 0 +1028 0 +1026 0 +1024 0 +1022 0 +1020 0 
+1018 0 +1016 0 +1014 0 +1012 0 +1010 0 +1008 0 +1006 0 +1004 0 +1002 0 +1000 0 
+998 0 +996 0 +994 0 +992 0 +990 0 +988 0 +986 0 +984 0 +982 0 +980 0 
+978 0 +976 0 +974 0 +972 0 +970 0 +968 0 +966 0 +964 0 +962 0 +960 0 
+958 0 +956 0 +954 0 +952 0 +950 0 +948 0 +946 0 +944 0 +942 0 +940 0 
+938 0 +936 0 +934 0 +932 0 +930 0 +928 0 +926 0 +924 0 +922 0 +920 0 
+918 0 +916 0 +914 0 +912 0 +910 0 +908 0 +906 0 +904 0 +902 0 +900 0 
+898 0 +896 0 +894 0 +892 0 +890 0 +888 0 +886 0 +884 0 +882 0 +880 0 
+878 0 +876 0 +874 0 +872 0 +870 0 +868 0 +866 0 +864 0 +862 0 +860 0 
+858 0 +856 0 +854 0 +852 0 +850 0 +848 0 +846 0 +844 0 +842 0 +840 0 
+838 0 +836 0 +834 0 +832 0 +830 0 +828 0 +826 0 +824 0 +822 0 +820 0 
+818 0 +816 0 +814 0 +812 0 +810 0 +808 0 +806 0 +804 0 +802 0 +800 0 
+798 0 +796 0 +794 0 +792 0 +790 0 +788 0 +786 0 +784 0 +782 0 +780 0 
+778 0 +776 0 +774 0 +772 0 +770 0 +768 0 +766 0 +764 0 +762 0 +760 0 
+758 0 +756 0 +754 0 +752 0 +750 0 +748 0 +746 0 +744 0 +742 0 +740 0 
+738 0 +736 0 +734 0 +732 0 +730 0 +728 0 +726 0 +724 0 +722 0 +720 0 
+718 0 +716 0 +714 0 +712 0 +710 0 +708 0 +706 0 +704 0 +702 0 +700 0 
+698 0 +696 0 +694 0 +692 0 +690 0 +688 0 +686 0 +684 0 +682 0 +680 0 
+678 0 +676 0 +674 0 +672 0 +670 0 +668 0 +666 0 +664 0 +662 0 +660 0 
+658 0 +656 0 +654 0 +652 0 +650 0 +648 0 +646 0 +644 0 +642 0 +640 0 
+638 0 +636 0 +634 0 +632 0 +630 0 +628 0 +626 0 +624 0 +622 0 +620 0 
+618 0 +616 0 +614 0 +612 0 +610 0 +608 0 +606 0 +604 0 +602 0 +600 0 
+598 0 +596 0 +594 0 +592 0 +590 0 +588 0 +586 0 +584 0 +582 0 +580 0 
+578 0 +576 0 +574 0 +572 0 +570 0 +568 0 +566 0 +564 0 +562 0 +560 0 
+558 0 +556 0 +554 0 +552 0 +550 0 +548 0 +546 0 +544 0 +542 0 +540 0 
+538 0 +536 0 +534 0 +532 0 +530 0 +528 0 +526 0 +524 0 +522 0 +520 0 
+518 0 +516 0 +514 0 +512 0 +510 0 +508 0 +506 0 +504 0 +502 0 +500 0 
+498 0 +496 0 +494 0 +492 0 +490 0 +488 0 +486 0 +484 0 +482 0 +480 0 
+478 0 +476 0 +474 0 +472 0 +470 0 +468 0 +467 0 *
Ve
1e-07
-420.960022 531.31665 0
0 0

0101101
*
Ve
1e-07
-421.219391 530.654541 0
0 0

0101101
*
Ed
 1e-07 1 1 0
1  418 0 0 0.711098169061051
2  1 2 0 0 0.711098169061051
2  2 3 0 0 0.711098169061051
2  3 4 0 0 0.711098169061051
0

0101000
+465 0 -464 0 *
Ve
1e-07
-419.782623 530.091736 0
0 0

0101101
*
Ed
 1e-07 1 1 0
1  419 0 0 1.5430656997837
2  4 2 0 0 1.5430656997837
2  5 3 0 0 1.5430656997837
2  6 4 0 0 1.5430656997837
0

0101000
+464 0 -462 0 *
Ve
1e-07
-419.523254 530.753845 0
0 0

0101101
*
Ed
 1e-07 1 1 0
1  420 0 0 0.711098169061051
2  7 2 0 0 0.711098169061051
2  8 3 0 0 0.711098169061051
2  9 4 0 0 0.711098169061051
0

0101000
+462 0 -460 0 *
Ed
 1e-07 1 1 0
1  421 0 0 1.5430656997837
2  10 2 0 0 1.5430656997837
2  11 3 0 0 1.5430656997837
2  12 4 0 0 1.5430656997837
0

0101000
+460 0 -465 0 *
Wi

0101100
+463 0 +461 0 +459 0 +458 0 *
Ve
1e-07
-418.220825 537.98053 0
0 0

0101101
*
Ve
1e-07
-418.562805 537.039673 0
0 0

0101101
*
Ed
 1e-07 1 1 0
1  422 0 0 1.00108052365887
2  13 5 0 0 1.00108052365887
2  14 6 0 0 1.00108052365887
2  15 7 0 0 1.00108052365887
0

0101000
+456 0 -455 0 *
Ve
1e-07
-417.248901 536.55603 0
0 0

0101101
*
Ed
 1e-07 1 1 0
1  423 0 0 1.40009080872104
2  16 5 0 0 1.40009080872104
2  17 6 0 0 1.40009080872104
2  18 7 0 0 1.40009080872104
0

0101000
+455 0 -453 0 *
Ve
1e-07
-416.892639 537.538086 0
0 0

0101101
*
Ed
 1e-07 1 1 0
1  424 0 0 1.04468014233071
2  19 5 0 0 1.04468014233071
2  20 6 0 0 1.04468014233071
2  21 7 0 0 1.04468014233071
0

0101000
+453 0 -451 0 *
Ed
 1e-07 1 1 0
1  425 0 0 1.39994097866019
2  22 5 0 0 1.39994097866019
2  23 6 0 0 1.39994097866019
2  24 7 0 0 1.39994097866019
0

0101000
+451 0 -456 0 *
Wi

0101100
+454 0 +452 0 +450 0 +449 0 *
Ve
1e-07
-423.972046 524.055969 0
0 0

0101101
*
Ve
1e-07
-422.234375 523.339661 0
0 0

0101101
*
Ed
 1e-07 1 1 0
1  426 0 0 1.87952059182786
2  25 8 0 0 1.87952059182786
2  26 9 0 0 1.87952059182786
2  27 10 0 0 1.87952059182786
0

0101000
+447 0 -446 0 *
Ve
1e-07
-421.91037 524.125671 0
0 0

0101101
*
Ed
 1e-07 1 1 0
1  427 0 0 0.85017113578682
2  28 8 0 0 0.85017113578682
2  29 9 0 0 0.85017113578682
2  30 10 0 0 0.85017113578682
0

0101000
+446 0 -444 0 *
Ve
1e-07
-423.648041 524.84198 0
0 0

0101101
*
Ed
 1e-07 1 1 0
1  428 0 0 1.87952097294017
2  31 8 0 0 1.87952097294017
2  32 9 0 0 1.87952097294017
2  33 10 0 0 1.87952097294017
0

0101000
+444 0 -442 0 *
Ed
 1e-07 1 1 0
1  429 0 0 0.850172060318409
2  34 8 0 0 0.850172060318409
2  35 9 0 0 0.850172060318409
2  36 10 0 0 0.850172060318409
0

0101000
+442 0 -447 0 *
Wi

0101100
+445 0 +443 0 +441 0 +440 0 *
Ve
1e-07
-451.614288 594.154602 0
0 0

0101101
*
Ve
1e-07
-451.595398 596.242981 0
0 0

0101101
*
Ed
 1e-07 1 1 0
1  430 0 0 2.08846443104524
2  37 11 0 0 2.08846443104524
2  38 12 0 0 2.08846443104524
0

0101000
+438 0 -437 0 *
Ve
1e-07
-452.68988 596.253235 0
0 0

0101101
*
Ed
 1e-07 1 1 0
1  431 0 0 1.09453003286345
2  39 11 0 0 1.09453003286345
2  40 12 0 0 1.09453003286345
0

0101000
+437 0 -435 0 *
Ve
1e-07
-452.709412 594.164856 0
0 0

0101101
*
Ed
 1e-07 1 1 0
1  432 0 0 2.0884703365538
2  41 11 0 0 2.0884703365538
2  42 12 0 0 2.0884703365538
0

0101000
+435 0 -433 0 *
Ed
 1e-07 1 1 0
1  433 0 0 1.09517200470611
2  43 11 0 0 1.09517200470611
2  44 12 0 0 1.09517200470611
0

0101000
+433 0 -438 0 *
Wi

0101100
+436 0 +434 0 +432 0 +431 0 *
Ve
1e-07
-439.48349 594.690491 0
0 0

0101101
*
Ve
1e-07
-438.479065 594.681091 0
0 0

0101101
*
Ed
 1e-07 1 1 0
1  434 0 0 1.00446898440173
2  45 13 0 0 1.00446898440173
2  46 14 0 0 1.00446898440173
0

0101000
+429 0 -428 0 *
Ve
1e-07
-438.453949 597.36438 0
0 0

0101101
*
Ed
 1e-07 1 1 0
1  435 0 0 2.6834065422475
2  47 13 0 0 2.6834065422475
2  48 14 0 0 2.6834065422475
0

0101000
+428 0 -426 0 *
Ve
1e-07
-439.458374 597.373779 0
0 0

0101101
*
Ed
 1e-07 1 1 0
1  436 0 0 1.004468975044
2  49 13 0 0 1.004468975044
2  50 14 0 0 1.004468975044
0

0101000
+426 0 -424 0 *
Ed
 1e-07 1 1 0
1  437 0 0 2.68340554229142
2  51 13 0 0 2.68340554229142
2  52 14 0 0 2.68340554229142
0

0101000
+424 0 -429 0 *
Wi

0101100
+427 0 +425 0 +423 0 +422 0 *
Ve
1e-07
-451.695007 585.22876 0
0 0

0101101
*
Ve
1e-07
-451.684021 586.442139 0
0 0

0101101
*
Ed
 1e-07 1 1 0
1  438 0 0 1.21342873290403
2  53 15 0 0 1.21342873290403
2  54 16 0 0 1.21342873290403
0

0101000
+420 0 -419 0 *
Ve
1e-07
-450.487915 586.430969 0
0 0

0101101
*
Ed
 1e-07 1 1 0
1  439 0 0 1.19615815515172
2  55 15 0 0 1.19615815515172
2  56 16 0 0 1.19615815515172
0

0101000
+419 0 -417 0 *
Ve
1e-07
-450.479279 587.353699 0
0 0

0101101
*
Ed
 1e-07 1 1 0
1  440 0 0 0.922770412072256
2  57 15 0 0 0.922770412072256
2  58 16 0 0 0.922770412072256
0

0101000
+417 0 -415 0 *
Ve
1e-07
-451.67569 587.364929 0
0 0

0101101
*
Ed
 1e-07 1 1 0
1  441 0 0 1.19646370351168
2  59 15 0 0 1.19646370351168
2  60 16 0 0 1.19646370351168
0

0101000
+415 0 -413 0 *
Ve
1e-07
-451.669586 588.03772 0
0 0

0101101
*
Ed
 1e-07 1 1 0
1  442 0 0 0.672818689170493
2  61 15 0 0 0.672818689170493
2  62 16 0 0 0.672818689170493
0

0101000
+413 0 -411 0 *
Ve
1e-07
-452.766663 588.047974 0
0 0

0101101
*
Ed
 1e-07 1 1 0
1  443 0 0 1.0971249192526
2  63 15 0 0 1.0971249192526
2  64 16 0 0 1.0971249192526
0

0101000
+411 0 -409 0 *
Ve
1e-07
-452.792969 585.239014 0
0 0

0101101
*
Ed
 1e-07 1 1 0
1  444 0 0 2.80908317556383
2  65 15 0 0 2.80908317556383
2  66 16 0 0 2.80908317556383
0

0101000
+409 0 -407 0 *
Ed
 1e-07 1 1 0
1  445 0 0 1.09800988062955
2  67 15 0 0 1.09800988062955
2  68 16 0 0 1.09800988062955
0

0101000
+407 0 -420 0 *
Wi

0101100
+418 0 +416 0 +414 0 +412 0 +410 0 +408 0 +406 0 +405 0 *
Ve
1e-07
-438.392822 603.894104 0
0 0

0101101
*
Ve
1e-07
-438.348602 608.617432 0
0 0

0101101
*
Ed
 1e-07 1 1 0
1  446 0 0 4.72353499023606
2  69 17 0 0 4.72353499023606
2  70 18 0 0 4.72353499023606
0

0101000
+403 0 -402 0 *
Ve
1e-07
-439.353058 608.626831 0
0 0

0101101
*
Ed
 1e-07 1 1 0
1  447 0 0 1.00449997368686
2  71 17 0 0 1.00449997368686
2  72 18 0 0 1.00449997368686
0

0101000
+402 0 -400 0 *
Ve
1e-07
-439.397247 603.903503 0
0 0

0101101
*
Ed
 1e-07 1 1 0
1  448 0 0 4.72353470012716
2  73 17 0 0 4.72353470012716
2  74 18 0 0 4.72353470012716
0

0101000
+400 0 -398 0 *
Ed
 1e-07 1 1 0
1  449 0 0 1.004468975044
2  75 17 0 0 1.004468975044
2  76 18 0 0 1.004468975044
0

0101000
+398 0 -403 0 *
Wi

0101100
+401 0 +399 0 +397 0 +396 0 *
Ve
1e-07
-444.4729 569.080017 0
0 0

0101101
*
Ve
1e-07
-444.458771 570.590759 0
0 0

0101101
*
Ed
 1e-07 1 1 0
1  450 0 0 1.51080806828834
2  77 19 0 0 1.51080806828834
2  78 20 0 0 1.51080806828834
0

0101000
+394 0 -393 0 *
Ve
1e-07
-450.311035 570.645508 0
0 0

0101101
*
Ed
 1e-07 1 1 0
1  451 0 0 5.85252008785078
2  79 19 0 0 5.85252008785078
2  80 20 0 0 5.85252008785078
0

0101000
+393 0 -391 0 *
Ve
1e-07
-450.325195 569.134827 0
0 0

0101101
*
Ed
 1e-07 1 1 0
1  452 0 0 1.51074736119608
2  81 19 0 0 1.51074736119608
2  82 20 0 0 1.51074736119608
0

0101000
+391 0 -389 0 *
Ed
 1e-07 1 1 0
1  453 0 0 5.85255165745039
2  83 19 0 0 5.85255165745039
2  84 20 0 0 5.85255165745039
0

0101000
+389 0 -394 0 *
Wi

0101100
+392 0 +390 0 +388 0 +387 0 *
Ve
1e-07
-442.682587 622.157898 0
0 0

0101101
*
Ve
1e-07
-442.667938 623.721741 0
0 0

0101101
*
Ed
 1e-07 1 1 0
1  454 0 0 1.5639116093468
2  85 21 0 0 1.5639116093468
2  86 22 0 0 1.5639116093468
0

0101000
+385 0 -384 0 *
Ve
1e-07
-443.602234 623.730469 0
0 0

0101101
*
Ed
 1e-07 1 1 0
1  455 0 0 0.934336766696052
2  87 21 0 0 0.934336766696052
2  88 22 0 0 0.934336766696052
0

0101000
+384 0 -382 0 *
Ve
1e-07
-443.606354 623.289368 0
0 0

0101101
*
Ed
 1e-07 1 1 0
1  456 0 0 0.441120240525192
2  89 21 0 0 0.441120240525192
2  90 22 0 0 0.441120240525192
0

0101000
+382 0 -380 0 *
Ve
1e-07
-449.151428 623.341248 0
0 0

0101101
*
Ed
 1e-07 1 1 0
1  457 0 0 5.54531669067475
2  91 21 0 0 5.54531669067475
2  92 22 0 0 5.54531669067475
0

0101000
+380 0 -378 0 *
Ve
1e-07
-449.15863 622.574158 0
0 0

0101101
*
Ed
 1e-07 1 1 0
1  458 0 0 0.767123808067451
2  93 21 0 0 0.767123808067451
2  94 22 0 0 0.767123808067451
0

0101000
+378 0 -376 0 *
Ve
1e-07
-443.613556 622.522217 0
0 0

0101101
*
Ed
 1e-07 1 1 0
1  459 0 0 5.54531726170442
2  95 21 0 0 5.54531726170442
2  96 22 0 0 5.54531726170442
0

0101000
+376 0 -374 0 *
Ve
1e-07
-443.616882 622.166626 0
0 0

0101101
*
Ed
 1e-07 1 1 0
1  460 0 0 0.355606554434817
2  97 21 0 0 0.355606554434817
2  98 22 0 0 0.355606554434817
0

0101000
+374 0 -372 0 *
Ed
 1e-07 1 1 0
1  461 0 0 0.934335766739629
2  99 21 0 0 0.934335766739629
2  100 22 0 0 0.934335766739629
0

0101000
+372 0 -385 0 *
Wi

0101100
+383 0 +381 0 +379 0 +377 0 +375 0 +373 0 +371 0 +370 0 *
Ve
1e-07
-486.410065 620.760376 0
0 0

0101101
*
Ve
1e-07
-486.399048 621.937012 0
0 0

0101101
*
Ed
 1e-07 1 1 0
1  462 0 0 1.17668757569079
2  101 23 0 0 1.17668757569079
2  102 24 0 0 1.17668757569079
0

0101000
+368 0 -367 0 *
Ve
1e-07
-494.306305 622.011047 0
0 0

0101101
*
Ed
 1e-07 1 1 0
1  463 0 0 7.90760358422665
2  103 23 0 0 7.90760358422665
2  104 24 0 0 7.90760358422665
0

0101000
+367 0 -365 0 *
Ve
1e-07
-494.317322 620.834351 0
0 0

0101101
*
Ed
 1e-07 1 1 0
1  464 0 0 1.17674757306101
2  105 23 0 0 1.17674757306101
2  106 24 0 0 1.17674757306101
0

0101000
+365 0 -363 0 *
Ed
 1e-07 1 1 0
1  465 0 0 7.9076030227038
2  107 23 0 0 7.9076030227038
2  108 24 0 0 7.9076030227038
0

0101000
+363 0 -368 0 *
Wi

0101100
+366 0 +364 0 +362 0 +361 0 *
Ve
1e-07
-442.659729 624.599792 0
0 0

0101101
*
Ve
1e-07
-442.654449 625.161133 0
0 0

0101101
*
Ed
 1e-07 1 1 0
1  466 0 0 0.561365831415635
2  109 25 0 0 0.561365831415635
2  110 26 0 0 0.561365831415635
0

0101000
+359 0 -358 0 *
Ve
1e-07
-441.409149 625.149475 0
0 0

0101101
*
Ed
 1e-07 1 1 0
1  467 0 0 1.2453545675686
2  111 25 0 0 1.2453545675686
2  112 26 0 0 1.2453545675686
0

0101000
+358 0 -356 0 *
Ve
1e-07
-441.398163 626.321838 0
0 0

0101101
*
Ed
 1e-07 1 1 0
1  468 0 0 1.1724144727718
2  113 25 0 0 1.1724144727718
2  114 26 0 0 1.1724144727718
0

0101000
+356 0 -354 0 *
Ve
1e-07
-449.122864 626.394165 0
0 0

0101101
*
Ed
 1e-07 1 1 0
1  469 0 0 7.72503959435353
2  115 25 0 0 7.72503959435353
2  116 26 0 0 7.72503959435353
0

0101000
+354 0 -352 0 *
Ve
1e-07
-449.13385 625.221741 0
0 0

0101101
*
Ed
 1e-07 1 1 0
1  470 0 0 1.17247547009403
2  117 25 0 0 1.17247547009403
2  118 26 0 0 1.17247547009403
0

0101000
+352 0 -350 0 *
Ve
1e-07
-443.588776 625.169861 0
0 0

0101101
*
Ed
 1e-07 1 1 0
1  471 0 0 5.54531669067475
2  119 25 0 0 5.54531669067475
2  120 26 0 0 5.54531669067475
0

0101000
+350 0 -348 0 *
Ve
1e-07
-443.594025 624.608582 0
0 0

0101101
*
Ed
 1e-07 1 1 0
1  472 0 0 0.561303543407678
2  121 25 0 0 0.561303543407678
2  122 26 0 0 0.561303543407678
0

0101000
+348 0 -346 0 *
Ed
 1e-07 1 1 0
1  473 0 0 0.934337347918794
2  123 25 0 0 0.934337347918794
2  124 26 0 0 0.934337347918794
0

0101000
+346 0 -359 0 *
Wi

0101100
+357 0 +355 0 +353 0 +351 0 +349 0 +347 0 +345 0 +344 0 *
Ve
1e-07
-450.455872 589.854919 0
0 0

0101101
*
Ve
1e-07
-450.44696 590.805786 0
0 0

0101101
*
Ed
 1e-07 1 1 0
1  474 0 0 0.950908762938397
2  125 27 0 0 0.950908762938397
2  126 28 0 0 0.950908762938397
0

0101000
+342 0 -341 0 *
Ve
1e-07
-451.64447 590.817017 0
0 0

0101101
*
Ed
 1e-07 1 1 0
1  475 0 0 1.19756266452368
2  127 27 0 0 1.19756266452368
2  128 28 0 0 1.19756266452368
0

0101000
+341 0 -339 0 *
Ve
1e-07
-451.626587 592.794739 0
0 0

0101101
*
Ed
 1e-07 1 1 0
1  476 0 0 1.9778028493693
2  129 27 0 0 1.9778028493693
2  130 28 0 0 1.9778028493693
0

0101000
+339 0 -337 0 *
Ve
1e-07
-452.722137 592.804993 0
0 0

0101101
*
Ed
 1e-07 1 1 0
1  477 0 0 1.0955979860405
2  131 27 0 0 1.0955979860405
2  132 28 0 0 1.0955979860405
0

0101000
+337 0 -335 0 *
Ve
1e-07
-452.725708 592.424133 0
0 0

0101101
*
Ed
 1e-07 1 1 0
1  478 0 0 0.380876740745596
2  133 27 0 0 0.380876740745596
2  134 28 0 0 0.380876740745596
0

0101000
+335 0 -333 0 *
Ve
1e-07
-456.278992 592.457336 0
0 0

0101101
*
Ed
 1e-07 1 1 0
1  479 0 0 3.55343912623604
2  135 27 0 0 3.55343912623604
2  136 28 0 0 3.55343912623604
0

0101000
+333 0 -331 0 *
Ve
1e-07
-456.289948 591.286926 0
0 0

0101101
*
Ed
 1e-07 1 1 0
1  480 0 0 1.17046127746122
2  137 27 0 0 1.17046127746122
2  138 28 0 0 1.17046127746122
0

0101000
+331 0 -329 0 *
Ve
1e-07
-452.736664 591.253662 0
0 0

0101101
*
Ed
 1e-07 1 1 0
1  481 0 0 3.55343969673776
2  139 27 0 0 3.55343969673776
2  140 28 0 0 3.55343969673776
0

0101000
+329 0 -327 0 *
Ve
1e-07
-452.756012 589.187134 0
0 0

0101101
*
Ed
 1e-07 1 1 0
1  482 0 0 2.06661857145623
2  141 27 0 0 2.06661857145623
2  142 28 0 0 2.06661857145623
0

0101000
+327 0 -325 0 *
Ve
1e-07
-451.659302 589.17688 0
0 0

0101101
*
Ed
 1e-07 1 1 0
1  483 0 0 1.09675793528743
2  143 27 0 0 1.09675793528743
2  144 28 0 0 1.09675793528743
0

0101000
+325 0 -323 0 *
Ve
1e-07
-451.653076 589.86615 0
0 0

0101101
*
Ed
 1e-07 1 1 0
1  484 0 0 0.689298118360954
2  145 27 0 0 0.689298118360954
2  146 28 0 0 0.689298118360954
0

0101000
+323 0 -321 0 *
Ed
 1e-07 1 1 0
1  485 0 0 1.19725667798388
2  147 27 0 0 1.19725667798388
2  148 28 0 0 1.19725667798388
0

0101000
+321 0 -342 0 *
Wi

0101100
+340 0 +338 0 +336 0 +334 0 +332 0 +330 0 +328 0 +326 0 +324 0 +322 0 
+320 0 +319 0 *
Ve
1e-07
-495.410004 592.240234 0
0 0

0101101
*
Ve
1e-07
-495.418304 591.355835 0
0 0

0101101
*
Ed
 1e-07 1 1 0
1  486 0 0 0.88443794649543
2  149 29 0 0 0.88443794649543
2  150 30 0 0 0.88443794649543
0

0101000
+317 0 -316 0 *
Ve
1e-07
-486.709259 591.274353 0
0 0

0101101
*
Ed
 1e-07 1 1 0
1  487 0 0 8.70942616527341
2  151 29 0 0 8.70942616527341
2  152 30 0 0 8.70942616527341
0

0101000
+316 0 -314 0 *
Ve
1e-07
-486.700989 592.158752 0
0 0

0101101
*
Ed
 1e-07 1 1 0
1  488 0 0 0.884437665469451
2  153 29 0 0 0.884437665469451
2  154 30 0 0 0.884437665469451
0

0101000
+314 0 -312 0 *
Ed
 1e-07 1 1 0
1  489 0 0 8.70939616658637
2  155 29 0 0 8.70939616658637
2  156 30 0 0 8.70939616658637
0

0101000
+312 0 -317 0 *
Wi

0101100
+315 0 +313 0 +311 0 +310 0 *
Ve
1e-07
-447.65094 617.770081 0
0 0

0101101
*
Ve
1e-07
-447.660858 616.707947 0
0 0

0101101
*
Ed
 1e-07 1 1 0
1  490 0 0 1.06218030516482
2  157 31 0 0 1.06218030516482
2  158 32 0 0 1.06218030516482
0

0101000
+308 0 -307 0 *
Ve
1e-07
-442.734009 616.661804 0
0 0

0101101
*
Ed
 1e-07 1 1 0
1  491 0 0 4.92706507418464
2  159 31 0 0 4.92706507418464
2  160 32 0 0 4.92706507418464
0

0101000
+307 0 -305 0 *
Ve
1e-07
-442.723175 617.818787 0
0 0

0101101
*
Ed
 1e-07 1 1 0
1  492 0 0 1.15703372372857
2  161 31 0 0 1.15703372372857
2  162 32 0 0 1.15703372372857
0

0101000
+305 0 -303 0 *
Ve
1e-07
-441.280121 617.805298 0
0 0

0101101
*
Ed
 1e-07 1 1 0
1  493 0 0 1.44311704308315
2  163 31 0 0 1.44311704308315
2  164 32 0 0 1.44311704308315
0

0101000
+303 0 -301 0 *
Ve
1e-07
-441.269958 618.890381 0
0 0

0101101
*
Ed
 1e-07 1 1 0
1  494 0 0 1.08513059281274
2  165 31 0 0 1.08513059281274
2  166 32 0 0 1.08513059281274
0

0101000
+301 0 -299 0 *
Ve
1e-07
-442.713043 618.90387 0
0 0

0101101
*
Ed
 1e-07 1 1 0
1  495 0 0 1.44314804172897
2  167 31 0 0 1.44314804172897
2  168 32 0 0 1.44314804172897
0

0101000
+299 0 -297 0 *
Ve
1e-07
-442.69397 620.940125 0
0 0

0101101
*
Ed
 1e-07 1 1 0
1  496 0 0 2.03634432362357
2  169 31 0 0 2.03634432362357
2  170 32 0 0 2.03634432362357
0

0101000
+297 0 -295 0 *
Ve
1e-07
-443.628265 620.948853 0
0 0

0101101
*
Ed
 1e-07 1 1 0
1  497 0 0 0.934335766739687
2  171 31 0 0 0.934335766739687
2  172 32 0 0 0.934335766739687
0

0101000
+295 0 -293 0 *
Ve
1e-07
-443.658386 617.732727 0
0 0

0101101
*
Ed
 1e-07 1 1 0
1  498 0 0 3.21626704776161
2  173 31 0 0 3.21626704776161
2  174 32 0 0 3.21626704776161
0

0101000
+293 0 -291 0 *
Ed
 1e-07 1 1 0
1  499 0 0 3.99272873662009
2  175 31 0 0 3.99272873662009
2  176 32 0 0 3.99272873662009
0

0101000
+291 0 -308 0 *
Wi

0101100
+306 0 +304 0 +302 0 +300 0 +298 0 +296 0 +294 0 +292 0 +290 0 +289 0 
*
Ve
1e-07
-451.767365 577.222839 0
0 0

0101101
*
Ve
1e-07
-451.70752 583.842041 0
0 0

0101101
*
Ed
 1e-07 1 1 0
1  500 0 0 6.6194725273868
2  177 33 0 0 6.6194725273868
2  178 34 0 0 6.6194725273868
0

0101000
+287 0 -286 0 *
Ve
1e-07
-452.805939 583.852356 0
0 0

0101101
*
Ed
 1e-07 1 1 0
1  501 0 0 1.09846743182767
2  179 33 0 0 1.09846743182767
2  180 34 0 0 1.09846743182767
0

0101000
+286 0 -284 0 *
Ve
1e-07
-452.809509 583.472473 0
0 0

0101101
*
Ed
 1e-07 1 1 0
1  502 0 0 0.379899774399725
2  181 33 0 0 0.379899774399725
2  182 34 0 0 0.379899774399725
0

0101000
+284 0 -282 0 *
Ve
1e-07
-456.362793 583.505737 0
0 0

0101101
*
Ed
 1e-07 1 1 0
1  503 0 0 3.55343969673781
2  183 33 0 0 3.55343969673781
2  184 34 0 0 3.55343969673781
0

0101000
+282 0 -280 0 *
Ve
1e-07
-456.374298 582.276611 0
0 0

0101101
*
Ed
 1e-07 1 1 0
1  504 0 0 1.22917984400204
2  185 33 0 0 1.22917984400204
2  186 34 0 0 1.22917984400204
0

0101000
+280 0 -278 0 *
Ve
1e-07
-452.821014 582.243347 0
0 0

0101101
*
Ed
 1e-07 1 1 0
1  505 0 0 3.55343969673782
2  187 33 0 0 3.55343969673782
2  188 34 0 0 3.55343969673782
0

0101000
+278 0 -276 0 *
Ve
1e-07
-452.86792 577.233154 0
0 0

0101101
*
Ed
 1e-07 1 1 0
1  506 0 0 5.01041256485777
2  189 33 0 0 5.01041256485777
2  190 34 0 0 5.01041256485777
0

0101000
+276 0 -274 0 *
Ed
 1e-07 1 1 0
1  507 0 0 1.10060333783343
2  191 33 0 0 1.10060333783343
2  192 34 0 0 1.10060333783343
0

0101000
+274 0 -287 0 *
Wi

0101100
+285 0 +283 0 +281 0 +279 0 +277 0 +275 0 +273 0 +272 0 *
Ve
1e-07
-484.000946 625.169556 0
0 0

0101101
*
Ve
1e-07
-480.036072 625.108215 0
0 0

0101101
*
Ed
 1e-07 1 1 0
1  508 0 0 3.9653484782749
2  193 35 0 0 3.9653484782749
2  194 36 0 0 3.9653484782749
0

0101000
+270 0 -269 0 *
Ve
1e-07
-480.02243 626.563293 0
0 0

0101101
*
Ed
 1e-07 1 1 0
1  509 0 0 1.45514194848757
2  195 35 0 0 1.45514194848757
2  196 36 0 0 1.45514194848757
0

0101000
+269 0 -267 0 *
Ve
1e-07
-483.987335 626.624634 0
0 0

0101101
*
Ed
 1e-07 1 1 0
1  510 0 0 3.96537947456557
2  197 35 0 0 3.96537947456557
2  198 36 0 0 3.96537947456557
0

0101000
+267 0 -265 0 *
Ve
1e-07
-483.981506 627.246155 0
0 0

0101101
*
Ed
 1e-07 1 1 0
1  511 0 0 0.621548333343463
2  199 35 0 0 0.621548333343463
2  200 36 0 0 0.621548333343463
0

0101000
+265 0 -263 0 *
Ve
1e-07
-485.028534 627.255981 0
0 0

0101101
*
Ed
 1e-07 1 1 0
1  512 0 0 1.047074105811
2  201 35 0 0 1.047074105811
2  202 36 0 0 1.047074105811
0

0101000
+263 0 -261 0 *
Ve
1e-07
-485.09259 620.41095 0
0 0

0101101
*
Ed
 1e-07 1 1 0
1  513 0 0 6.84533071239789
2  203 35 0 0 6.84533071239789
2  204 36 0 0 6.84533071239789
0

0101000
+261 0 -259 0 *
Ve
1e-07
-484.045563 620.401123 0
0 0

0101101
*
Ed
 1e-07 1 1 0
1  514 0 0 1.04707311523977
2  205 35 0 0 1.04707311523977
2  206 36 0 0 1.04707311523977
0

0101000
+259 0 -257 0 *
Ed
 1e-07 1 1 0
1  515 0 0 4.76864173032297
2  207 35 0 0 4.76864173032297
2  208 36 0 0 4.76864173032297
0

0101000
+257 0 -270 0 *
Wi

0101100
+268 0 +266 0 +264 0 +262 0 +260 0 +258 0 +256 0 +255 0 *
Ve
1e-07
-443.699707 584.043518 0
0 0

0101101
*
Ve
1e-07
-443.677979 586.367249 0
0 0

0101101
*
Ed
 1e-07 1 1 0
1  516 0 0 2.32383258139336
2  209 37 0 0 2.32383258139336
2  210 38 0 0 2.32383258139336
0

0101000
+253 0 -252 0 *
Ve
1e-07
-440.887878 586.341125 0
0 0

0101101
*
Ed
 1e-07 1 1 0
1  517 0 0 2.79022329815679
2  211 37 0 0 2.79022329815679
2  212 38 0 0 2.79022329815679
0

0101000
+252 0 -250 0 *
Ve
1e-07
-440.879242 587.263855 0
0 0

0101101
*
Ed
 1e-07 1 1 0
1  518 0 0 0.922770412072257
2  213 37 0 0 0.922770412072257
2  214 38 0 0 0.922770412072257
0

0101000
+250 0 -248 0 *
Ve
1e-07
-446.574554 587.317139 0
0 0

0101101
*
Ed
 1e-07 1 1 0
1  519 0 0 5.69556125083385
2  215 37 0 0 5.69556125083385
2  216 38 0 0 5.69556125083385
0

0101000
+248 0 -246 0 *
Ve
1e-07
-446.566589 588.165833 0
0 0

0101101
*
Ed
 1e-07 1 1 0
1  520 0 0 0.848731374971515
2  217 37 0 0 0.848731374971515
2  218 38 0 0 0.848731374971515
0

0101000
+246 0 -244 0 *
Ve
1e-07
-447.880524 588.178162 0
0 0

0101101
*
Ed
 1e-07 1 1 0
1  521 0 0 1.3139928418625
2  219 37 0 0 1.3139928418625
2  220 38 0 0 1.3139928418625
0

0101000
+244 0 -242 0 *
Ve
1e-07
-447.888458 587.329468 0
0 0

0101101
*
Ed
 1e-07 1 1 0
1  522 0 0 0.848731084615168
2  221 37 0 0 0.848731084615168
2  222 38 0 0 0.848731084615168
0

0101000
+242 0 -240 0 *
Ve
1e-07
-449.128357 587.341064 0
0 0

0101101
*
Ed
 1e-07 1 1 0
1  523 0 0 1.23995322388264
2  223 37 0 0 1.23995322388264
2  224 38 0 0 1.23995322388264
0

0101000
+240 0 -238 0 *
Ve
1e-07
-449.136993 586.418335 0
0 0

0101101
*
Ed
 1e-07 1 1 0
1  524 0 0 0.922769412116054
2  225 37 0 0 0.922769412116054
2  226 38 0 0 0.922769412116054
0

0101000
+238 0 -236 0 *
Ve
1e-07
-445.001404 586.379639 0
0 0

0101101
*
Ed
 1e-07 1 1 0
1  525 0 0 4.13577003196954
2  227 37 0 0 4.13577003196954
2  228 38 0 0 4.13577003196954
0

0101000
+236 0 -234 0 *
Ve
1e-07
-445.023163 584.055908 0
0 0

0101101
*
Ed
 1e-07 1 1 0
1  526 0 0 2.3238328714522
2  229 37 0 0 2.3238328714522
2  230 38 0 0 2.3238328714522
0

0101000
+234 0 -232 0 *
Ed
 1e-07 1 1 0
1  527 0 0 1.32351399540619
2  231 37 0 0 1.32351399540619
2  232 38 0 0 1.32351399540619
0

0101000
+232 0 -253 0 *
Wi

0101100
+251 0 +249 0 +247 0 +245 0 +243 0 +241 0 +239 0 +237 0 +235 0 +233 0 
+231 0 +230 0 *
Ve
1e-07
-451.25885 573.167847 0
0 0

0101101
*
Ve
1e-07
-451.247314 574.401733 0
0 0

0101101
*
Ed
 1e-07 1 1 0
1  528 0 0 1.23393992572246
2  233 39 0 0 1.23393992572246
2  234 40 0 0 1.23393992572246
0

0101000
+228 0 -227 0 *
Ve
1e-07
-451.792847 574.40686 0
0 0

0101101
*
Ed
 1e-07 1 1 0
1  529 0 0 0.545557091621011
2  235 39 0 0 0.545557091621011
2  236 40 0 0 0.545557091621011
0

0101000
+227 0 -225 0 *
Ve
1e-07
-451.776917 576.166504 0
0 0

0101101
*
Ed
 1e-07 1 1 0
1  530 0 0 1.75971610540903
2  237 39 0 0 1.75971610540903
2  238 40 0 0 1.75971610540903
0

0101000
+225 0 -223 0 *
Ve
1e-07
-452.877808 576.176819 0
0 0

0101101
*
Ed
 1e-07 1 1 0
1  531 0 0 1.10093932308097
2  239 39 0 0 1.10093932308097
2  240 40 0 0 1.10093932308097
0

0101000
+223 0 -221 0 *
Ve
1e-07
-452.885284 575.37793 0
0 0

0101101
*
Ed
 1e-07 1 1 0
1  532 0 0 0.79892397942298
2  241 39 0 0 0.79892397942298
2  242 40 0 0 0.79892397942298
0

0101000
+221 0 -219 0 *
Ve
1e-07
-456.438568 575.411194 0
0 0

0101101
*
Ed
 1e-07 1 1 0
1  533 0 0 3.55343969673776
2  243 39 0 0 3.55343969673776
2  244 40 0 0 3.55343969673776
0

0101000
+219 0 -217 0 *
Ve
1e-07
-456.448792 574.317078 0
0 0

0101101
*
Ed
 1e-07 1 1 0
1  534 0 0 1.09416376819559
2  245 39 0 0 1.09416376819559
2  246 40 0 0 1.09416376819559
0

0101000
+217 0 -215 0 *
Ve
1e-07
-452.895508 574.283813 0
0 0

0101101
*
Ed
 1e-07 1 1 0
1  535 0 0 3.55343970609903
2  247 39 0 0 3.55343970609903
2  248 40 0 0 3.55343970609903
0

0101000
+215 0 -213 0 *
Ve
1e-07
-452.973907 565.908325 0
0 0

0101101
*
Ed
 1e-07 1 1 0
1  536 0 0 8.37585492002729
2  249 39 0 0 8.37585492002729
2  250 40 0 0 8.37585492002729
0

0101000
+213 0 -211 0 *
Ve
1e-07
-451.869751 565.897949 0
0 0

0101101
*
Ed
 1e-07 1 1 0
1  537 0 0 1.1042047517159
2  251 39 0 0 1.1042047517159
2  252 40 0 0 1.1042047517159
0

0101000
+211 0 -209 0 *
Ve
1e-07
-451.803986 573.172913 0
0 0

0101101
*
Ed
 1e-07 1 1 0
1  538 0 0 7.27526124867831
2  253 39 0 0 7.27526124867831
2  254 40 0 0 7.27526124867831
0

0101000
+209 0 -207 0 *
Ed
 1e-07 1 1 0
1  539 0 0 0.54515953889849
2  255 39 0 0 0.54515953889849
2  256 40 0 0 0.54515953889849
0

0101000
+207 0 -228 0 *
Wi

0101100
+226 0 +224 0 +222 0 +220 0 +218 0 +216 0 +214 0 +212 0 +210 0 +208 0 
+206 0 +205 0 *
Ve
1e-07
-444.469238 590.749817 0
0 0

0101101
*
Ve
1e-07
-444.412018 596.863586 0
0 0

0101101
*
Ed
 1e-07 1 1 0
1  540 0 0 6.11403676091022
2  257 41 0 0 6.11403676091022
2  258 42 0 0 6.11403676091022
0

0101000
+203 0 -202 0 *
Ve
1e-07
-446.269684 596.880981 0
0 0

0101101
*
Ed
 1e-07 1 1 0
1  541 0 0 1.85774744074133
2  259 41 0 0 1.85774744074133
2  260 42 0 0 1.85774744074133
0

0101000
+202 0 -200 0 *
Ve
1e-07
-446.326935 590.767212 0
0 0

0101101
*
Ed
 1e-07 1 1 0
1  542 0 0 6.11403705111137
2  261 41 0 0 6.11403705111137
2  262 42 0 0 6.11403705111137
0

0101000
+200 0 -198 0 *
Ve
1e-07
-449.096039 590.793152 0
0 0

0101101
*
Ed
 1e-07 1 1 0
1  543 0 0 2.76922549576883
2  263 41 0 0 2.76922549576883
2  264 42 0 0 2.76922549576883
0

0101000
+198 0 -196 0 *
Ve
1e-07
-449.104919 589.842285 0
0 0

0101101
*
Ed
 1e-07 1 1 0
1  544 0 0 0.950908463569986
2  265 41 0 0 0.950908463569986
2  266 42 0 0 0.950908463569986
0

0101000
+196 0 -194 0 *
Ve
1e-07
-447.865051 589.830688 0
0 0

0101101
*
Ed
 1e-07 1 1 0
1  545 0 0 1.23992223459094
2  267 41 0 0 1.23992223459094
2  268 42 0 0 1.23992223459094
0

0101000
+194 0 -192 0 *
Ve
1e-07
-447.871124 589.181274 0
0 0

0101101
*
Ed
 1e-07 1 1 0
1  546 0 0 0.649442395232227
2  269 41 0 0 0.649442395232227
2  270 42 0 0 0.649442395232227
0

0101000
+192 0 -190 0 *
Ve
1e-07
-446.55722 589.169006 0
0 0

0101101
*
Ed
 1e-07 1 1 0
1  547 0 0 1.31396127227559
2  271 41 0 0 1.31396127227559
2  272 42 0 0 1.31396127227559
0

0101000
+190 0 -188 0 *
Ve
1e-07
-446.551117 589.818359 0
0 0

0101101
*
Ed
 1e-07 1 1 0
1  548 0 0 0.64938167915181
2  273 41 0 0 0.64938167915181
2  274 42 0 0 0.64938167915181
0

0101000
+188 0 -186 0 *
Ve
1e-07
-440.962219 589.766052 0
0 0

0101101
*
Ed
 1e-07 1 1 0
1  549 0 0 5.58914276760334
2  275 41 0 0 5.58914276760334
2  276 42 0 0 5.58914276760334
0

0101000
+186 0 -184 0 *
Ve
1e-07
-440.953308 590.716919 0
0 0

0101101
*
Ed
 1e-07 1 1 0
1  550 0 0 0.950908753566835
2  277 41 0 0 0.950908753566835
2  278 42 0 0 0.950908753566835
0

0101000
+184 0 -182 0 *
Ed
 1e-07 1 1 0
1  551 0 0 3.51608390731851
2  279 41 0 0 3.51608390731851
2  280 42 0 0 3.51608390731851
0

0101000
+182 0 -203 0 *
Wi

0101100
+201 0 +199 0 +197 0 +195 0 +193 0 +191 0 +189 0 +187 0 +185 0 +183 0 
+181 0 +180 0 *
Ve
1e-07
-484.321716 590.900574 0
0 0

0101101
*
Ve
1e-07
-484.278839 595.482178 0
0 0

0101101
*
Ed
 1e-07 1 1 0
1  552 0 0 4.58180462808539
2  281 43 0 0 4.58180462808539
2  282 44 0 0 4.58180462808539
2  283 45 0 0 4.58180462808539
0

0101000
+178 0 -177 0 *
Ve
1e-07
-480.313934 595.420776 0
0 0

0101101
*
Ed
 1e-07 1 1 0
1  553 0 0 3.96538041865202
2  284 43 0 0 3.96538041865202
2  285 44 0 0 3.96538041865202
2  286 45 0 0 3.96538041865202
0

0101000
+177 0 -175 0 *
Ve
1e-07
-480.303955 596.489075 0
0 0

0101101
*
Ed
 1e-07 1 1 0
1  554 0 0 1.06834560599172
2  287 43 0 0 1.06834560599172
2  288 44 0 0 1.06834560599172
2  289 45 0 0 1.06834560599172
0

0101000
+175 0 -173 0 *
Ve
1e-07
-484.268829 596.550415 0
0 0

0101101
*
Ed
 1e-07 1 1 0
1  555 0 0 3.96534846280577
2  290 43 0 0 3.96534846280577
2  291 44 0 0 3.96534846280577
2  292 45 0 0 3.96534846280577
0

0101000
+173 0 -171 0 *
Ve
1e-07
-484.238556 599.784424 0
0 0

0101101
*
Ed
 1e-07 1 1 0
1  556 0 0 3.2341506870598
2  293 43 0 0 3.2341506870598
2  294 44 0 0 3.2341506870598
2  295 45 0 0 3.2341506870598
0

0101000
+171 0 -169 0 *
Ve
1e-07
-485.285583 599.794189 0
0 0

0101101
*
Ed
 1e-07 1 1 0
1  557 0 0 1.04707253519224
2  296 43 0 0 1.04707253519224
2  297 44 0 0 1.04707253519224
2  298 45 0 0 1.04707253519224
0

0101000
+169 0 -167 0 *
Ve
1e-07
-485.332703 594.759521 0
0 0

0101101
*
Ed
 1e-07 1 1 0
1  558 0 0 5.03488849574885
2  299 43 0 0 5.03488849574885
2  300 44 0 0 5.03488849574885
2  301 45 0 0 5.03488849574885
0

0101000
+167 0 -165 0 *
Ve
1e-07
-491.783386 594.819885 0
0 0

0101101
*
Ed
 1e-07 1 1 0
1  559 0 0 6.45096542999459
2  302 43 0 0 6.45096542999459
2  303 44 0 0 6.45096542999459
2  304 45 0 0 6.45096542999459
0

0101000
+165 0 -163 0 *
Ve
1e-07
-491.792297 593.869385 0
0 0

0101101
*
Ed
 1e-07 1 1 0
1  560 0 0 0.950541769687721
2  305 43 0 0 0.950541769687721
2  306 44 0 0 0.950541769687721
2  307 45 0 0 0.950541769687721
0

0101000
+163 0 -161 0 *
Ve
1e-07
-485.407654 593.80957 0
0 0

0101101
*
Ed
 1e-07 1 1 0
1  561 0 0 6.3849231844772
2  308 43 0 0 6.3849231844772
2  309 44 0 0 6.3849231844772
2  310 45 0 0 6.3849231844772
0

0101000
+161 0 -159 0 *
Ve
1e-07
-485.434784 590.911011 0
0 0

0101101
*
Ed
 1e-07 1 1 0
1  562 0 0 2.89868596322211
2  311 43 0 0 2.89868596322211
2  312 44 0 0 2.89868596322211
2  313 45 0 0 2.89868596322211
0

0101000
+159 0 -157 0 *
Ed
 1e-07 1 1 0
1  563 0 0 1.11311693168013
2  314 43 0 0 1.11311693168013
2  315 44 0 0 1.11311693168013
2  316 45 0 0 1.11311693168013
0

0101000
+157 0 -178 0 *
Wi

0101100
+176 0 +174 0 +172 0 +170 0 +168 0 +166 0 +164 0 +162 0 +160 0 +158 0 
+156 0 +155 0 *
Ve
1e-07
-441.171814 599.254395 0
0 0

0101101
*
Ve
1e-07
-441.158722 600.653442 0
0 0

0101101
*
Ed
 1e-07 1 1 0
1  564 0 0 1.39910825480839
2  317 46 0 0 1.39910825480839
2  318 47 0 0 1.39910825480839
0

0101000
+153 0 -152 0 *
Ve
1e-07
-451.554657 600.750732 0
0 0

0101101
*
Ed
 1e-07 1 1 0
1  565 0 0 10.3963902325916
2  319 46 0 0 10.3963902325916
2  320 47 0 0 10.3963902325916
0

0101000
+152 0 -150 0 *
Ve
1e-07
-451.512787 605.383362 0
0 0

0101101
*
Ed
 1e-07 1 1 0
1  566 0 0 4.63281920797699
2  321 46 0 0 4.63281920797699
2  322 47 0 0 4.63281920797699
0

0101000
+150 0 -148 0 *
Ve
1e-07
-452.604309 605.393555 0
0 0

0101101
*
Ed
 1e-07 1 1 0
1  567 0 0 1.09156959179568
2  323 46 0 0 1.09156959179568
2  324 47 0 0 1.09156959179568
0

0101000
+148 0 -146 0 *
Ve
1e-07
-452.647675 600.760986 0
0 0

0101101
*
Ed
 1e-07 1 1 0
1  568 0 0 4.63277197255778
2  325 46 0 0 4.63277197255778
2  326 47 0 0 4.63277197255778
0

0101000
+146 0 -144 0 *
Ve
1e-07
-456.200958 600.79425 0
0 0

0101101
*
Ed
 1e-07 1 1 0
1  569 0 0 3.55343869678163
2  327 46 0 0 3.55343869678163
2  328 47 0 0 3.55343869678163
0

0101000
+144 0 -142 0 *
Ve
1e-07
-456.212189 599.594055 0
0 0

0101101
*
Ed
 1e-07 1 1 0
1  570 0 0 1.2002475467111
2  329 46 0 0 1.2002475467111
2  330 47 0 0 1.2002475467111
0

0101000
+142 0 -140 0 *
Ve
1e-07
-452.658905 599.560791 0
0 0

0101101
*
Ed
 1e-07 1 1 0
1  571 0 0 3.55343969673782
2  331 46 0 0 3.55343969673782
2  332 47 0 0 3.55343969673782
0

0101000
+140 0 -138 0 *
Ve
1e-07
-452.67691 597.63739 0
0 0

0101101
*
Ed
 1e-07 1 1 0
1  572 0 0 1.9234852707588
2  333 46 0 0 1.9234852707588
2  334 47 0 0 1.9234852707588
0

0101000
+138 0 -136 0 *
Ve
1e-07
-451.582886 597.627136 0
0 0

0101101
*
Ed
 1e-07 1 1 0
1  573 0 0 1.09407205297097
2  335 46 0 0 1.09407205297097
2  336 47 0 0 1.09407205297097
0

0101000
+136 0 -134 0 *
Ve
1e-07
-451.567291 599.351685 0
0 0

0101101
*
Ed
 1e-07 1 1 0
1  574 0 0 1.72461951091424
2  337 46 0 0 1.72461951091424
2  338 47 0 0 1.72461951091424
0

0101000
+134 0 -132 0 *
Ve
1e-07
-446.24704 599.30188 0
0 0

0101101
*
Ed
 1e-07 1 1 0
1  575 0 0 5.32048411716696
2  339 46 0 0 5.32048411716696
2  340 47 0 0 5.32048411716696
0

0101000
+132 0 -130 0 *
Ve
1e-07
-446.255493 598.398682 0
0 0

0101101
*
Ed
 1e-07 1 1 0
1  576 0 0 0.903237554806571
2  341 46 0 0 0.903237554806571
2  342 47 0 0 0.903237554806571
0

0101000
+130 0 -128 0 *
Ve
1e-07
-444.397827 598.381287 0
0 0

0101101
*
Ed
 1e-07 1 1 0
1  577 0 0 1.85774744074133
2  343 46 0 0 1.85774744074133
2  344 47 0 0 1.85774744074133
0

0101000
+128 0 -126 0 *
Ve
1e-07
-444.389374 599.284485 0
0 0

0101101
*
Ed
 1e-07 1 1 0
1  578 0 0 0.903237554806572
2  345 46 0 0 0.903237554806572
2  346 47 0 0 0.903237554806572
0

0101000
+126 0 -124 0 *
Ed
 1e-07 1 1 0
1  579 0 0 3.2177006948596
2  347 46 0 0 3.2177006948596
2  348 47 0 0 3.2177006948596
0

0101000
+124 0 -153 0 *
Wi

0101100
+151 0 +149 0 +147 0 +145 0 +143 0 +141 0 +139 0 +137 0 +135 0 +133 0 
+131 0 +129 0 +127 0 +125 0 +123 0 +122 0 *
Ve
1e-07
-485.272736 601.164368 0
0 0

0101101
*
Ve
1e-07
-484.225739 601.154602 0
0 0

0101101
*
Ed
 1e-07 1 1 0
1  580 0 0 1.04704254582375
2  349 48 0 0 1.04704254582375
2  350 49 0 0 1.04704254582375
0

0101000
+120 0 -119 0 *
Ve
1e-07
-484.193024 604.649109 0
0 0

0101101
*
Ed
 1e-07 1 1 0
1  581 0 0 3.49466013287043
2  351 48 0 0 3.49466013287043
2  352 49 0 0 3.49466013287043
0

0101000
+119 0 -117 0 *
Ve
1e-07
-480.228149 604.587708 0
0 0

0101101
*
Ed
 1e-07 1 1 0
1  582 0 0 3.96535040676433
2  353 48 0 0 3.96535040676433
2  354 49 0 0 3.96535040676433
0

0101000
+117 0 -115 0 *
Ve
1e-07
-480.219849 605.473145 0
0 0

0101101
*
Ed
 1e-07 1 1 0
1  583 0 0 0.885475900840358
2  355 48 0 0 0.885475900840358
2  356 49 0 0 0.885475900840358
0

0101000
+115 0 -113 0 *
Ve
1e-07
-484.184723 605.534485 0
0 0

0101101
*
Ed
 1e-07 1 1 0
1  584 0 0 3.96534846280577
2  357 48 0 0 3.96534846280577
2  358 49 0 0 3.96534846280577
0

0101000
+113 0 -111 0 *
Ve
1e-07
-484.118927 612.566162 0
0 0

0101101
*
Ed
 1e-07 1 1 0
1  585 0 0 7.03198482264746
2  359 48 0 0 7.03198482264746
2  360 49 0 0 7.03198482264746
0

0101000
+111 0 -109 0 *
Ve
1e-07
-480.154022 612.504822 0
0 0

0101101
*
Ed
 1e-07 1 1 0
1  586 0 0 3.96537945909656
2  361 48 0 0 3.96537945909656
2  362 49 0 0 3.96537945909656
0

0101000
+109 0 -107 0 *
Ve
1e-07
-480.144836 613.486816 0
0 0

0101101
*
Ed
 1e-07 1 1 0
1  587 0 0 0.98203696398454
2  363 48 0 0 0.98203696398454
2  364 49 0 0 0.98203696398454
0

0101000
+107 0 -105 0 *
Ve
1e-07
-484.109711 613.548157 0
0 0

0101101
*
Ed
 1e-07 1 1 0
1  588 0 0 3.96534947815524
2  365 48 0 0 3.96534947815524
2  366 49 0 0 3.96534947815524
0

0101000
+105 0 -103 0 *
Ve
1e-07
-484.057892 619.086731 0
0 0

0101101
*
Ed
 1e-07 1 1 0
1  589 0 0 5.53881640445298
2  367 48 0 0 5.53881640445298
2  368 49 0 0 5.53881640445298
0

0101000
+103 0 -101 0 *
Ve
1e-07
-485.104889 619.096497 0
0 0

0101101
*
Ed
 1e-07 1 1 0
1  590 0 0 1.04704254582375
2  369 48 0 0 1.04704254582375
2  370 49 0 0 1.04704254582375
0

0101000
+101 0 -99 0 *
Ed
 1e-07 1 1 0
1  591 0 0 17.932914517391
2  371 48 0 0 17.932914517391
2  372 49 0 0 17.932914517391
0

0101000
+99 0 -120 0 *
Wi

0101100
+118 0 +116 0 +114 0 +112 0 +110 0 +108 0 +106 0 +104 0 +102 0 +100 0 
+98 0 +97 0 *
Ve
1e-07
-442.079071 627.511414 0
0 0

0101101
*
Ve
1e-07
-442.072601 628.203613 0
0 0

0101101
*
Ed
 1e-07 1 1 0
1  592 0 0 0.692229236959189
2  373 50 0 0 0.692229236959189
2  374 51 0 0 0.692229236959189
0

0101000
+95 0 -94 0 *
Ve
1e-07
-441.380615 628.197144 0
0 0

0101101
*
Ed
 1e-07 1 1 0
1  593 0 0 0.692016236917212
2  375 50 0 0 0.692016236917212
2  376 51 0 0 0.692016236917212
0

0101000
+94 0 -92 0 *
Ve
1e-07
-441.371429 629.180603 0
0 0

0101101
*
Ed
 1e-07 1 1 0
1  594 0 0 0.983501899986511
2  377 50 0 0 0.983501899986511
2  378 51 0 0 0.983501899986511
0

0101000
+92 0 -90 0 *
Ve
1e-07
-442.063385 629.187073 0
0 0

0101101
*
Ed
 1e-07 1 1 0
1  595 0 0 0.691986247577224
2  379 50 0 0 0.691986247577224
2  380 51 0 0 0.691986247577224
0

0101000
+90 0 -88 0 *
Ve
1e-07
-442.038025 631.895264 0
0 0

0101101
*
Ed
 1e-07 1 1 0
1  596 0 0 2.70830973525568
2  381 50 0 0 2.70830973525568
2  382 51 0 0 2.70830973525568
0

0101000
+88 0 -86 0 *
Ve
1e-07
-442.985077 631.904114 0
0 0

0101101
*
Ed
 1e-07 1 1 0
1  597 0 0 0.947093349783416
2  383 50 0 0 0.947093349783416
2  384 51 0 0 0.947093349783416
0

0101000
+86 0 -84 0 *
Ve
1e-07
-443.010437 629.195984 0
0 0

0101101
*
Ed
 1e-07 1 1 0
1  598 0 0 2.7082487379302
2  385 50 0 0 2.7082487379302
2  386 51 0 0 2.7082487379302
0

0101000
+84 0 -82 0 *
Ve
1e-07
-451.296783 629.273499 0
0 0

0101101
*
Ed
 1e-07 1 1 0
1  599 0 0 8.28670855086268
2  387 50 0 0 8.28670855086268
2  388 51 0 0 8.28670855086268
0

0101000
+82 0 -80 0 *
Ve
1e-07
-451.262665 633.047424 0
0 0

0101101
*
Ed
 1e-07 1 1 0
1  600 0 0 3.77407921797473
2  389 50 0 0 3.77407921797473
2  390 51 0 0 3.77407921797473
0

0101000
+80 0 -78 0 *
Ve
1e-07
-452.345367 633.057556 0
0 0

0101101
*
Ed
 1e-07 1 1 0
1  601 0 0 1.08274940693956
2  391 50 0 0 1.08274940693956
2  392 51 0 0 1.08274940693956
0

0101000
+78 0 -76 0 *
Ve
1e-07
-452.40744 626.424927 0
0 0

0101101
*
Ed
 1e-07 1 1 0
1  602 0 0 6.63291945593864
2  393 50 0 0 6.63291945593864
2  394 51 0 0 6.63291945593864
0

0101000
+76 0 -74 0 *
Ve
1e-07
-455.960754 626.458191 0
0 0

0101101
*
Ed
 1e-07 1 1 0
1  603 0 0 3.55346969542333
2  395 50 0 0 3.55346969542333
2  396 51 0 0 3.55346969542333
0

0101000
+74 0 -72 0 *
Ve
1e-07
-455.971283 625.333008 0
0 0

0101101
*
Ed
 1e-07 1 1 0
1  604 0 0 1.12523226194872
2  397 50 0 0 1.12523226194872
2  398 51 0 0 1.12523226194872
0

0101000
+72 0 -70 0 *
Ve
1e-07
-452.417969 625.299805 0
0 0

0101101
*
Ed
 1e-07 1 1 0
1  605 0 0 3.55346912492637
2  399 50 0 0 3.55346912492637
2  400 51 0 0 3.55346912492637
0

0101000
+70 0 -68 0 *
Ve
1e-07
-452.423218 624.739624 0
0 0

0101101
*
Ed
 1e-07 1 1 0
1  606 0 0 0.560205591512559
2  401 50 0 0 0.560205591512559
2  402 51 0 0 0.560205591512559
0

0101000
+68 0 -66 0 *
Ve
1e-07
-451.33786 624.729492 0
0 0

0101101
*
Ed
 1e-07 1 1 0
1  607 0 0 1.08540529093426
2  403 50 0 0 1.08540529093426
2  404 51 0 0 1.08540529093426
0

0101000
+66 0 -64 0 *
Ve
1e-07
-451.333221 625.242371 0
0 0

0101101
*
Ed
 1e-07 1 1 0
1  608 0 0 0.512899979491127
2  405 50 0 0 0.512899979491127
2  406 51 0 0 0.512899979491127
0

0101000
+64 0 -62 0 *
Ve
1e-07
-450.169434 625.231445 0
0 0

0101101
*
Ed
 1e-07 1 1 0
1  609 0 0 1.16383828723964
2  407 50 0 0 1.16383828723964
2  408 51 0 0 1.16383828723964
0

0101000
+62 0 -60 0 *
Ve
1e-07
-450.158478 626.40387 0
0 0

0101101
*
Ed
 1e-07 1 1 0
1  610 0 0 1.17247618933646
2  409 50 0 0 1.17247618933646
2  410 51 0 0 1.17247618933646
0

0101000
+60 0 -58 0 *
Ve
1e-07
-451.322632 626.414734 0
0 0

0101101
*
Ed
 1e-07 1 1 0
1  611 0 0 1.16420469085638
2  411 50 0 0 1.16420469085638
2  412 51 0 0 1.16420469085638
0

0101000
+58 0 -56 0 *
Ve
1e-07
-451.305664 628.290039 0
0 0

0101101
*
Ed
 1e-07 1 1 0
1  612 0 0 1.87538176274835
2  413 50 0 0 1.87538176274835
2  414 51 0 0 1.87538176274835
0

0101000
+56 0 -54 0 *
Ve
1e-07
-443.019653 628.212524 0
0 0

0101101
*
Ed
 1e-07 1 1 0
1  613 0 0 8.28637356551981
2  415 50 0 0 8.28637356551981
2  416 51 0 0 8.28637356551981
0

0101000
+54 0 -52 0 *
Ve
1e-07
-443.026123 627.520264 0
0 0

0101101
*
Ed
 1e-07 1 1 0
1  614 0 0 0.69229023429487
2  417 50 0 0 0.69229023429487
2  418 51 0 0 0.69229023429487
0

0101000
+52 0 -50 0 *
Ed
 1e-07 1 1 0
1  615 0 0 0.947093349783416
2  419 50 0 0 0.947093349783416
2  420 51 0 0 0.947093349783416
0

0101000
+50 0 -95 0 *
Wi

0101100
+93 0 +91 0 +89 0 +87 0 +85 0 +83 0 +81 0 +79 0 +77 0 +75 0 
+73 0 +71 0 +69 0 +67 0 +65 0 +63 0 +61 0 +59 0 +57 0 +55 0 
+53 0 +51 0 +49 0 +48 0 *
Ve
1e-07
-451.452728 612.02417 0
0 0

0101101
*
Ve
1e-07
-441.645874 611.932373 0
0 0

0101101
*
Ed
 1e-07 1 1 0
1  616 0 0 9.80728362323252
2  421 52 0 0 9.80728362323252
2  422 53 0 0 9.80728362323252
0

0101000
+46 0 -45 0 *
Ve
1e-07
-441.633453 613.259949 0
0 0

0101101
*
Ed
 1e-07 1 1 0
1  617 0 0 1.32763410509713
2  423 52 0 0 1.32763410509713
2  424 53 0 0 1.32763410509713
0

0101000
+45 0 -43 0 *
Ve
1e-07
-448.481262 613.324097 0
0 0

0101101
*
Ed
 1e-07 1 1 0
1  618 0 0 6.84810945198641
2  425 52 0 0 6.84810945198641
2  426 53 0 0 6.84810945198641
0

0101000
+43 0 -41 0 *
Ve
1e-07
-448.439575 617.777466 0
0 0

0101101
*
Ed
 1e-07 1 1 0
1  619 0 0 4.453564107109
2  427 52 0 0 4.453564107109
2  428 53 0 0 4.453564107109
0

0101000
+41 0 -39 0 *
Ve
1e-07
-451.400452 617.805176 0
0 0

0101101
*
Ed
 1e-07 1 1 0
1  620 0 0 2.96100666213855
2  429 52 0 0 2.96100666213855
2  430 53 0 0 2.96100666213855
0

0101000
+39 0 -37 0 *
Ve
1e-07
-451.357147 622.594727 0
0 0

0101101
*
Ed
 1e-07 1 1 0
1  621 0 0 4.78974676831946
2  431 52 0 0 4.78974676831946
2  432 53 0 0 4.78974676831946
0

0101000
+37 0 -35 0 *
Ve
1e-07
-450.194214 622.583801 0
0 0

0101101
*
Ed
 1e-07 1 1 0
1  622 0 0 1.16298432490082
2  433 52 0 0 1.16298432490082
2  434 53 0 0 1.16298432490082
0

0101000
+35 0 -33 0 *
Ve
1e-07
-450.187042 623.350952 0
0 0

0101101
*
Ed
 1e-07 1 1 0
1  623 0 0 0.767184524338844
2  435 52 0 0 0.767184524338844
2  436 53 0 0 0.767184524338844
0

0101000
+33 0 -31 0 *
Ve
1e-07
-451.35022 623.361816 0
0 0

0101101
*
Ed
 1e-07 1 1 0
1  624 0 0 1.1632287333882
2  437 52 0 0 1.1632287333882
2  438 53 0 0 1.1632287333882
0

0101000
+31 0 -29 0 *
Ve
1e-07
-451.344086 624.039551 0
0 0

0101101
*
Ed
 1e-07 1 1 0
1  625 0 0 0.677762758036305
2  439 52 0 0 0.677762758036305
2  440 53 0 0 0.677762758036305
0

0101000
+29 0 -27 0 *
Ve
1e-07
-452.429688 624.049744 0
0 0

0101101
*
Ed
 1e-07 1 1 0
1  626 0 0 1.08564985131164
2  441 52 0 0 1.08564985131164
2  442 53 0 0 1.08564985131164
0

0101000
+27 0 -25 0 *
Ve
1e-07
-452.506744 615.816223 0
0 0

0101101
*
Ed
 1e-07 1 1 0
1  627 0 0 8.23388156852993
2  443 52 0 0 8.23388156852993
2  444 53 0 0 8.23388156852993
0

0101000
+25 0 -23 0 *
Ve
1e-07
-451.418549 615.80603 0
0 0

0101101
*
Ed
 1e-07 1 1 0
1  628 0 0 1.08824273729444
2  445 52 0 0 1.08824273729444
2  446 53 0 0 1.08824273729444
0

0101000
+23 0 -21 0 *
Ve
1e-07
-451.410065 616.743042 0
0 0

0101101
*
Ed
 1e-07 1 1 0
1  629 0 0 0.937050407608879
2  447 52 0 0 0.937050407608879
2  448 53 0 0 0.937050407608879
0

0101000
+21 0 -19 0 *
Ve
1e-07
-449.501038 616.725159 0
0 0

0101101
*
Ed
 1e-07 1 1 0
1  630 0 0 1.90911075855172
2  449 52 0 0 1.90911075855172
2  450 53 0 0 1.90911075855172
0

0101000
+19 0 -17 0 *
Ve
1e-07
-449.532806 613.333923 0
0 0

0101101
*
Ed
 1e-07 1 1 0
1  631 0 0 3.39138479290091
2  451 52 0 0 3.39138479290091
2  452 53 0 0 3.39138479290091
0

0101000
+17 0 -15 0 *
Ve
1e-07
-451.440735 613.351807 0
0 0

0101101
*
Ed
 1e-07 1 1 0
1  632 0 0 1.90801281612496
2  453 52 0 0 1.90801281612496
2  454 53 0 0 1.90801281612496
0

0101000
+15 0 -13 0 *
Ve
1e-07
-451.430847 614.443848 0
0 0

0101101
*
Ed
 1e-07 1 1 0
1  633 0 0 1.09208576505007
2  455 52 0 0 1.09208576505007
2  456 53 0 0 1.09208576505007
0

0101000
+13 0 -11 0 *
Ve
1e-07
-452.519501 614.454041 0
0 0

0101101
*
Ed
 1e-07 1 1 0
1  634 0 0 1.08870171716817
2  457 52 0 0 1.08870171716817
2  458 53 0 0 1.08870171716817
0

0101000
+11 0 -9 0 *
Ve
1e-07
-452.589783 606.947144 0
0 0

0101101
*
Ed
 1e-07 1 1 0
1  635 0 0 7.50722599420936
2  459 52 0 0 7.50722599420936
2  460 53 0 0 7.50722599420936
0

0101000
+9 0 -7 0 *
Ve
1e-07
-451.498718 606.936951 0
0 0

0101101
*
Ed
 1e-07 1 1 0
1  636 0 0 1.09111261172898
2  461 52 0 0 1.09111261172898
2  462 53 0 0 1.09111261172898
0

0101000
+7 0 -5 0 *
Ed
 1e-07 1 1 0
1  637 0 0 5.0874268775149
2  463 52 0 0 5.0874268775149
2  464 53 0 0 5.0874268775149
0

0101000
+5 0 -46 0 *
Wi

0101100
+44 0 +42 0 +40 0 +38 0 +36 0 +34 0 +32 0 +30 0 +28 0 +26 0 
+24 0 +22 0 +20 0 +18 0 +16 0 +14 0 +12 0 +10 0 +8 0 +6 0 
+4 0 +3 0 *
Fa
0  1e-07 1 0

1111000
+466 0 +457 0 +448 0 +439 0 +430 0 +421 0 +404 0 +395 0 +386 0 +369 0 
+360 0 +343 0 +318 0 +309 0 +288 0 +271 0 +254 0 +229 0 +204 0 +179 0 
+154 0 +121 0 +96 0 +47 0 +2 0 *

+1 0 